date,Market Cap (USD),Circulating Supply,Total Supply,Public Treasury  ,total_staked_ICX,Total Staked  ,Circulation Staked  ,Total Voted  ,,Market Cap (USD),Circulating Supply,Total Supply,Public Treasury  ,total_staked_ICX,Total Staked  ,Circulation Staked  ,Total Voted  ,,Market Cap (USD),Circulating Supply,Total Supply,Public Treasury  ,total_staked_ICX,,,
2/07/2020,165977346,553895505,845827228,6420130,304568932,0.3601,0.5499,0.3441,,-5827572,-101283,-102574,38859,-553539,-0.06%,-0.09%,-0.05%,,,,,,,,,
3/07/2020,171804918,553996788,845929802,6381271,305122471,0.3607,0.5508,0.3446,,-14564810,663149,-137565,56869,242133,0.04%,-0.02%,0.03%,,3.511%,0.018%,0.012%,-0.605%,0.182%,,,
4/07/2020,186369728,553333639,846067367,6324402,304880338,0.3603,0.551,0.3443,,1765077,-171373,-172225,-34721,164756,0.02%,0.05%,0.02%,,8.478%,-0.120%,0.016%,-0.891%,-0.079%,,,
5/07/2020,184604651,553505012,846239592,6359123,304715582,0.3601,0.5505,0.3441,,-12220974,-170389,-172002,84243,-866741,-0.09%,-0.14%,-0.09%,,-0.947%,0.031%,0.020%,0.549%,-0.054%,,,
6/07/2020,196825625,553675401,846411594,6274880,305582323,0.361,0.5519,0.345,,3234106,-136899,-137960,57242,-509217,-0.06%,-0.08%,-0.06%,,6.620%,0.031%,0.020%,-1.325%,0.284%,,,
7/07/2020,193591519,553812300,846549554,6217638,306091540,0.3616,0.5527,0.3456,,-25854550,-103235,-103236,30296,-223442,-0.02%,-0.03%,-0.01%,,-1.643%,0.025%,0.016%,-0.912%,0.167%,,,
8/07/2020,219446069,553915535,846652790,6187342,306314982,0.3618,0.553,0.3457,,6921918,-102580,-103154,55863,61097,0.01%,0.02%,0.02%,,13.355%,0.019%,0.012%,-0.487%,0.073%,,,
9/07/2020,212524151,554018115,846755944,6131479,306253885,0.3617,0.5528,0.3455,,-897960,-137807,-137994,-21708,-571635,-0.06%,-0.09%,-0.18%,,-3.154%,0.019%,0.012%,-0.903%,-0.020%,,,
10/07/2020,213422111,554155922,846893938,6153187,306825520,0.3623,0.5537,0.3473,,-9009814,-166356,-168491,-54925,-124800,-0.01%,0.00%,0.00%,,0.423%,0.025%,0.016%,0.354%,0.187%,,,
11/07/2020,222431925,554322278,847062429,6208112,306950320,0.3624,0.5537,0.3473,,-2565542,-170184,-172169,-54121,-186676,-0.01%,-0.02%,-0.02%,,4.222%,0.030%,0.020%,0.893%,0.041%,,,
12/07/2020,224997467,554492462,847234598,6262233,307136996,0.3625,0.5539,0.3475,,737114,-386560,-137683,-27098,61413,0.01%,0.05%,0.02%,,1.153%,0.031%,0.020%,0.872%,0.061%,,,
13/07/2020,224260353,554879022,847372281,6289331,307075583,0.3624,0.5534,0.3473,,737113,-386560,-137684,-27099,61413,0.01%,0.05%,0.02%,,-0.328%,0.070%,0.016%,0.433%,-0.020%,,,
14/07/2020,223523240,555265582,847509965,6316430,307014170,0.3623,0.5529,0.3471,,-5083382,-302823,-102823,-6764,-469908,-0.05%,-0.06%,-0.05%,,-0.329%,0.070%,0.016%,0.431%,-0.020%,,,
15/07/2020,228606622,555568405,847612788,6323194,307484078,0.3628,0.5535,0.3476,,5643434,-134507,-137775,-23061,-527748,-0.05%,-0.08%,-0.06%,,2.274%,0.055%,0.012%,0.107%,0.153%,,,
16/07/2020,222963188,555702912,847750563,6346255,308011826,0.3633,0.5543,0.3482,,9888246,-136514,-137654,-24436,-595402,-0.07%,-0.09%,-0.08%,,-2.469%,0.024%,0.016%,0.365%,0.172%,,,
17/07/2020,213074942,555839426,847888217,6370691,308607228,0.364,0.5552,0.349,,-4105456,-101203,-103181,-36479,406833,0.06%,0.08%,0.05%,,-4.435%,0.025%,0.016%,0.385%,0.193%,,,
18/07/2020,217180398,555940629,847991398,6407170,308200395,0.3634,0.5544,0.3485,,2994653,-136295,-137799,-53728,-245350,-0.03%,-0.03%,-0.02%,,1.927%,0.018%,0.012%,0.573%,-0.132%,,,
19/07/2020,214185745,556076924,848129197,6460898,308445745,0.3637,0.5547,0.3487,,-13585912,-137183,-137932,-62491,51623,0.01%,0.02%,0.01%,,-1.379%,0.025%,0.016%,0.839%,0.080%,,,
20/07/2020,227771657,556214107,848267129,6523389,308394122,0.3636,0.5545,0.3486,,1552899,-940367,-137638,12421,73128,0.02%,0.11%,0.02%,,6.343%,0.025%,0.016%,0.967%,-0.017%,,,
21/07/2020,226218758,557154474,848404767,6510968,308320994,0.3634,0.5534,0.3484,,172536,-170802,-171387,-5987,-272338,-0.03%,-0.03%,-0.03%,,-0.682%,0.169%,0.016%,-0.190%,-0.024%,,,
22/07/2020,226046222,557325276,848576154,6516955,308593332,0.3637,0.5537,0.3487,,-6538351,-100490,-101203,-56876,-1552,0.01%,0.01%,0.00%,,-0.076%,0.031%,0.020%,0.092%,0.088%,,,
23/07/2020,232584573,557425766,848677357,6573831,308594884,0.3636,0.5536,0.3487,,7403552,-136912,-137712,-46772,-523060,-0.06%,-0.08%,-0.06%,,2.892%,0.018%,0.012%,0.873%,0.001%,,,
24/07/2020,225181021,557562678,848815069,6620603,309117944,0.3642,0.5544,0.3493,,1065172,-400708,-151478,-47672,26371,0.01%,0.04%,0.03%,,-3.183%,0.025%,0.016%,0.711%,0.169%,,,
25/07/2020,224115849,557963386,848966547,6668275,309091573,0.3641,0.554,0.349,,1065172,-400708,-151478,-47671,26372,0.01%,0.05%,0.04%,,-0.473%,0.072%,0.018%,0.720%,-0.009%,,,
26/07/2020,223050677,558364094,849118025,6715946,309065201,0.364,0.5535,0.3486,,8560155,-43071,-44181,-20193,155588,0.02%,0.03%,0.02%,,-0.475%,0.072%,0.018%,0.715%,-0.009%,,,
27/07/2020,214490522,558407165,849162206,6736139,308909613,0.3638,0.5532,0.3484,,1391730,-250628,-185344,-53540,481408,0.07%,0.11%,0.05%,,-3.838%,0.008%,0.005%,0.301%,-0.050%,,,
28/07/2020,213098792,558657793,849347550,6789679,308428205,0.36315,0.5521,0.3479,,1391729,-250629,-185344,-53541,481407,0.06%,0.11%,0.05%,,-0.649%,0.045%,0.022%,0.795%,-0.156%,,,
29/07/2020,211707063,558908422,849532894,6843220,307946798,0.3625,0.551,0.3474,,1639084,-101021,-103865,19852,-64403,0.00%,0.00%,0.02%,,-0.653%,0.045%,0.022%,0.789%,-0.156%,,,
30/07/2020,210067979,559009443,849636759,6823368,308011201,0.3625,0.551,0.3472,,940766,-172550,-173450,-67071,-856810,-0.10%,-0.14%,-0.10%,,-0.774%,0.018%,0.012%,-0.290%,0.021%,,,
31/07/2020,209127213,559181993,849810209,6890439,308868011,0.3635,0.5524,0.3482,,23298,1063318,-137546,332596,-166730,-0.01%,-0.13%,-0.01%,,-0.448%,0.031%,0.020%,0.983%,0.278%,,,
1/08/2020,209103915,558118675,849947755,6557843,309034741,0.3636,0.5537,0.3483,,-3970591,-136476,-137873,14304,-111038,-0.01%,-0.01%,-0.03%,,-0.011%,-0.190%,0.016%,-4.827%,0.054%,,,
2/08/2020,213074506,558255151,850085628,6543539,309145779,0.3637,0.5538,0.3486,,4168564,-136610,-139311,-25063,-1088454,-0.12%,-0.18%,-0.12%,,1.899%,0.024%,0.016%,-0.218%,0.036%,,,
3/08/2020,208905942,558391761,850224939,6568602,310234233,0.3649,0.5556,0.3498,,-5805701,-172434,-174526,75380,-795052,-0.08%,-0.12%,-0.10%,,-1.956%,0.024%,0.016%,0.383%,0.352%,,,
4/08/2020,214711643,558564195,850399465,6493222,311029285,0.3657,0.5568,0.3508,,-4335715,-104564,-104564,-22575,-186066,-0.02%,-0.03%,-0.04%,,2.779%,0.031%,0.021%,-1.148%,0.256%,,,
5/08/2020,219047358,558668759,850504029,6515797,311215351,0.3659,0.5571,0.3512,,1838299,-105247,-106066,-29993,-10319188,-1.21%,-1.83%,-1.21%,,2.019%,0.019%,0.012%,0.348%,0.060%,,,
6/08/2020,217209059,558774006,850610095,6545790,321534539,0.378,0.5754,0.3633,,-1315824,-538793,-140028,-24395,-52080,0.00%,0.04%,0.00%,,-0.839%,0.019%,0.012%,0.460%,3.316%,,,
7/08/2020,218524883,559312799,850750123,6570185,321586619,0.378,0.575,0.3633,,8496596,-137436,-137543,-25748,-292390,-0.03%,-0.03%,-0.04%,,0.606%,0.096%,0.016%,0.373%,0.016%,,,
8/08/2020,210028287,559450235,850887666,6595933,321879009,0.3783,0.5753,0.3637,,-11176496,-170549,-172053,-72085,-197221,-0.01%,-0.02%,0.02%,,-3.888%,0.025%,0.016%,0.392%,0.091%,,,
9/08/2020,221204783,559620784,851059719,6668018,322076230,0.3784,0.5755,0.3635,,-11088702,-99867,-103220,-17849,-1193822,-0.14%,-0.21%,-0.13%,,5.321%,0.030%,0.020%,1.093%,0.061%,,,
10/08/2020,232293485,559720651,851162939,6685867,323270052,0.3798,0.5776,0.3648,,-21672842,-170497,-171787,20712,447295,0.06%,0.10%,0.06%,,5.013%,0.018%,0.012%,0.268%,0.371%,,,
11/08/2020,253966327,559891148,851334726,6665155,322822757,0.3792,0.5766,0.3642,,17026844,-136660,-137201,94345,-955278,-0.11%,-0.15%,-0.11%,,9.330%,0.030%,0.020%,-0.310%,-0.138%,,,
12/08/2020,236939483,560027808,851471927,6570810,323778035,0.3803,0.5781,0.3653,,-5402213,-286109,-137523,5388,370289,0.05%,0.09%,0.85%,,-6.704%,0.024%,0.016%,-1.415%,0.296%,,,
13/08/2020,242341696,560313917,851609450,6565422,323407746,0.3798,0.5772,0.3568,,-5402213,-286109,-137523,5389,370289,0.05%,0.10%,0.85%,,2.280%,0.051%,0.016%,-0.082%,-0.114%,,,
14/08/2020,247743909,560600026,851746973,6560033,323037457,0.3793,0.5762,0.3483,,0,0,0,0,0,0.00%,0.00%,0.00%,,2.229%,0.051%,0.016%,-0.082%,-0.114%,,,
15/08/2020,247743909,560600026,851746973,6560033,323037457,0.3793,0.5762,0.3483,,-60939,-137893,-138362,-36067,59153,0.01%,0.02%,0.02%,,0.000%,0.000%,0.000%,0.000%,0.000%,,,
16/08/2020,247804848,560737919,851885335,6596100,322978304,0.3792,0.576,0.3481,,-37883415,-241347,-242246,-52869,-132871,0.00%,0.00%,-0.03%,,0.025%,0.025%,0.016%,0.550%,-0.018%,,,
17/08/2020,285688263,560979266,852127581,6648969,323111175,0.3792,0.576,0.3484,,845268,-187765,-138381,-13099,-230624,-0.02%,-0.02%,-0.02%,,15.288%,0.043%,0.028%,0.802%,0.041%,,,
18/08/2020,284842995,561167031,852265962,6662068,323341799,0.3794,0.5762,0.348575,,845267,-187766,-138381,-13099,-230624,-0.02%,-0.02%,-0.02%,,-0.296%,0.033%,0.016%,0.197%,0.071%,,,
19/08/2020,283997728,561354797,852404343,6675167,323572423,0.3796,0.5764,0.34875,,845267,-187765,-138381,-13099,-230624,-0.02%,-0.02%,-0.02%,,-0.297%,0.033%,0.016%,0.197%,0.071%,,,
20/08/2020,283152461,561542562,852542724,6688266,323803047,0.3798,0.5766,0.348925,,845267,-187766,-138381,-13099,-230625,-0.02%,-0.02%,-0.02%,,-0.298%,0.033%,0.016%,0.196%,0.071%,,,
21/08/2020,282307194,561730328,852681105,6701365,324033672,0.38,0.5768,0.3491,,-96871428,-206455,-207513,92470,1574668,0.19%,0.30%,0.19%,,-0.299%,0.033%,0.016%,0.196%,0.071%,,,
22/08/2020,379178622,561936783,852888618,6608895,322459004,0.3781,0.5738,0.3472,,-8800654,-103387,-103387,36687,906047,0.11%,0.17%,0.11%,,34.314%,0.037%,0.024%,-1.380%,-0.486%,,,
23/08/2020,387979276,562040170,852992005,6572208,321552957,0.377,0.5721,0.3461,,-68013,-98526,-99153,74523,400963,0.05%,0.08%,0.05%,,2.321%,0.018%,0.012%,-0.555%,-0.281%,,,
24/08/2020,388047289,562138696,853091158,6497685,321151994,0.3765,0.5713,0.3456,,-107058,-155088,-155232,-62962,-558552,-0.05%,-0.08%,-0.06%,,0.018%,0.018%,0.012%,-1.134%,-0.125%,,,
25/08/2020,388154347,562293784,853246390,6560647,321710546,0.37705,0.57215,0.34625,,-107058,-155088,-155233,-62963,-558552,-0.05%,-0.09%,-0.06%,,0.028%,0.028%,0.018%,0.969%,0.174%,,,
26/08/2020,388261405,562448872,853401623,6623610,322269098,0.3776,0.573,0.3469,,12991832,-137273,-137961,-38023,-990341,-0.11%,-0.16%,-0.11%,,0.028%,0.028%,0.018%,0.960%,0.174%,,,
27/08/2020,375269573,562586145,853539584,6661633,323259439,0.3787,0.5746,0.348,,12991832,-137273,-137962,-38023,-990341,-0.11%,-0.16%,-0.11%,,-3.346%,0.024%,0.016%,0.574%,0.307%,,,
28/08/2020,362277741,562723418,853677546,6699656,324249780,0.3798,0.5762,0.3491,,12991831,-137274,-137962,-38024,-990341,-0.11%,-0.16%,-0.11%,,-3.462%,0.024%,0.016%,0.571%,0.306%,,,
29/08/2020,349285910,562860692,853815508,6737680,325240121,0.3809,0.5778,0.3502,,-6540412,-102960,-104388,-45106,-891380,-0.10%,-0.15%,-0.10%,,-3.586%,0.024%,0.016%,0.568%,0.305%,,,
30/08/2020,355826322,562963652,853919896,6782786,326131501,0.3819,0.5793,0.3512,,4526483,-136148,-137881,-26359,-1211368,-0.14%,-0.20%,-0.14%,,1.873%,0.018%,0.012%,0.669%,0.274%,,,
31/08/2020,351299839,563099800,854057777,6809145,327342869,0.3833,0.5813,0.3526,,12762969,-172655,-173566,142334,-435160,-0.04%,-0.06%,-0.08%,,-1.272%,0.024%,0.016%,0.389%,0.371%,,,
1/09/2020,338536870,563272455,854231343,6666811,327778029,0.3837,0.5819,0.3534,,10356429,-172286,-173158,19960,-981192,-0.11%,-0.16%,-0.10%,,-3.633%,0.031%,0.020%,-2.090%,0.133%,,,
2/09/2020,328180441,563444741,854404501,6646851,328759221,0.3848,0.5835,0.3544,,28019799,-69155,-69156,-24430,-1183301,-0.13%,-0.20%,-0.14%,,-3.059%,0.031%,0.020%,-0.299%,0.299%,,,
3/09/2020,300160642,563513896,854473657,6671281,329942522,0.3861,0.5855,0.3558,,17684474,-172146,-173539,2320,-1601965,-0.18%,-0.26%,-0.17%,,-8.538%,0.012%,0.008%,0.368%,0.360%,,,
4/09/2020,282476168,563686042,854647196,6668961,331544487,0.3879,0.58815,0.35755,,17684473,-172147,-173539,2320,-1601966,-0.18%,-0.27%,-0.18%,,-5.892%,0.031%,0.020%,-0.035%,0.486%,,,
5/09/2020,264791695,563858189,854820735,6666641,333146453,0.3897,0.5908,0.3593,,29673190,-69305,-69304,-20636,-98553,-0.01%,-0.01%,-0.01%,,-6.261%,0.031%,0.020%,-0.035%,0.483%,,,
6/09/2020,235118505,563927494,854890039,6687277,333245006,0.3898,0.5909,0.3594,,-15471951,-171876,-172528,-90679,-406216,-0.04%,-0.06%,-0.04%,,-11.206%,0.012%,0.008%,0.310%,0.030%,,,
7/09/2020,250590456,564099370,855062567,6777956,333651222,0.3902,0.5915,0.3598,,8412922,-136873,-138109,-43790,-260668,-0.02%,-0.03%,-0.04%,,6.580%,0.030%,0.020%,1.356%,0.122%,,,
8/09/2020,242177534,564236243,855200676,6821746,333911890,0.3904,0.5918,0.3602,,15086118,-136314,-136328,-14538,-333051,-0.04%,-0.04%,-0.03%,,-3.357%,0.024%,0.016%,0.646%,0.078%,,,
9/09/2020,227091416,564372557,855337004,6836284,334244941,0.3908,0.5922,0.3605,,-15381589,-135792,-137294,-59238,-397094,-0.04%,-0.06%,-0.10%,,-6.229%,0.024%,0.016%,0.213%,0.100%,,,
10/09/2020,242473005,564508349,855474298,6895522,334642035,0.3912,0.5928,0.3615,,-15381589,-135793,-137294,-59238,-397094,-0.04%,-0.06%,-0.10%,,6.773%,0.024%,0.016%,0.867%,0.119%,,,
11/09/2020,257854594,564644142,855611592,6954760,335039129,0.3916,0.5934,0.3625,,-13509952,-206697,-207447,-43554,-829247,-0.09%,-0.12%,-0.09%,,6.344%,0.024%,0.016%,0.859%,0.119%,,,
12/09/2020,271364546,564850839,855819039,6998314,335868376,0.3925,0.5946,0.3634,,-10357111,-34537,-34536,-14998,-158523,-0.01%,-0.03%,-0.01%,,5.239%,0.037%,0.024%,0.626%,0.248%,,,
13/09/2020,281721657,564885376,855853575,7013312,336026899,0.3926,0.5949,0.3635,,18443404,-133962,-138111,-49815,-28113,0.00%,0.01%,0.00%,,3.817%,0.006%,0.004%,0.214%,0.047%,,,
14/09/2020,263278253,565019338,855991686,7063127,336055012,0.3926,0.5948,0.3635,,-40420672,-136512,-138334,-45681,22675,0.01%,0.02%,0.01%,,-6.547%,0.024%,0.016%,0.710%,0.008%,,,
15/09/2020,303698925,565155850,856130020,7108808,336032337,0.3925,0.5946,0.3634,,11499805,-137537,-138500,-15457,-237367,-0.02%,-0.03%,-0.09%,,15.353%,0.024%,0.016%,0.647%,-0.007%,,,
16/09/2020,292199120,565293387,856268520,7124265,336269704,0.3927,0.5949,0.3643,,17043135,-136093,-138261,-24122,-657608,-0.07%,-0.10%,-0.08%,,-3.787%,0.024%,0.016%,0.217%,0.071%,,,
17/09/2020,275155985,565429480,856406781,7148387,336927312,0.3934,0.5959,0.3651,,8357351,-136504,-138250,-57076,-54942,0.00%,0.01%,0.00%,,-5.833%,0.024%,0.016%,0.339%,0.196%,,,
18/09/2020,266798634,565565984,856545031,7205463,336982254,0.3934,0.5958,0.3651,,4056416,-261103,-137838,-64735,-197663,-0.02%,-0.01%,-0.02%,,-3.037%,0.024%,0.016%,0.798%,0.016%,,,
19/09/2020,262742218,565827087,856682869,7270198,337179917,0.3936,0.5959,0.3653,,-2554916,-171847,-172840,-94293,-41186,0.00%,0.01%,0.02%,,-1.520%,0.046%,0.016%,0.898%,0.059%,,,
20/09/2020,265297134,565998934,856855709,7364491,337221103,0.3936,0.5958,0.3651,,532581,-102032,-103691,-30974,-300550,-0.03%,-0.04%,-0.03%,,0.972%,0.030%,0.020%,1.297%,0.012%,,,
21/09/2020,264764553,566100966,856959400,7395465,337521653,0.3939,0.5962,0.3654,,33278556,-137458,-137998,-31672,-684247,-0.07%,-0.11%,-0.07%,,-0.201%,0.018%,0.012%,0.421%,0.089%,,,
22/09/2020,231485997,566238424,857097398,7427137,338205900,0.3946,0.5973,0.3661,,-1148339,-205849,-207133,-85275,179035,0.03%,0.05%,0.03%,,-12.569%,0.024%,0.016%,0.428%,0.203%,,,
23/09/2020,232634336,566444273,857304531,7512412,338026865,0.3943,0.5968,0.3658,,-1097479,-68976,-68977,456,1046303,0.13%,0.20%,0.12%,,0.496%,0.036%,0.024%,1.148%,-0.053%,,,
24/09/2020,233731815,566513249,857373508,7511956,336980562,0.393,0.5948,0.3646,,10710741,-339346,-135823,160210,-663058,-0.07%,-0.08%,-0.07%,,0.472%,0.012%,0.008%,-0.006%,-0.310%,,,
25/09/2020,223021074,566852595,857509331,7351746,337643620,0.3937,0.5956,0.3653,,-10482186,-137666,-138147,-50564,-427044,-0.05%,-0.07%,-0.05%,,-4.582%,0.060%,0.016%,-2.133%,0.197%,,,
26/09/2020,233503260,566990261,857647478,7402310,338070664,0.3942,0.5963,0.3658,,-3707705,-136249,-137955,-63214,-405831,-0.04%,-0.05%,-0.04%,,4.700%,0.024%,0.016%,0.688%,0.126%,,,
27/09/2020,237210965,567126510,857785433,7465524,338476495,0.3946,0.5968,0.3662,,-3818,-137641,-138389,-11424,-325191,-0.03%,-0.05%,-0.03%,,1.588%,0.024%,0.016%,0.854%,0.120%,,,
28/09/2020,237214783,567264151,857923822,7476948,338801686,0.3949,0.5973,0.3665,,3365467,-137126,-138242,22696,-505739,-0.06%,-0.07%,-0.05%,,0.002%,0.024%,0.016%,0.153%,0.096%,,,
29/09/2020,233849316,567401277,858062064,7454252,339307425,0.39545,0.598,0.367,,3365467,-137127,-138243,22695,-505740,-0.05%,-0.07%,-0.05%,,-1.419%,0.024%,0.016%,-0.304%,0.149%,,,
30/09/2020,230483849,567538404,858200307,7431557,339813165,0.396,0.5987,0.3675,,-6811609,-136873,-138408,89998,-416359,-0.04%,-0.06%,-0.05%,,-1.439%,0.024%,0.016%,-0.304%,0.149%,,,
1/10/2020,237295458,567675277,858338715,7341559,340229524,0.3964,0.5993,0.368,,2371905,-137168,-138072,42090,-163404,-0.01%,-0.02%,-0.01%,,2.955%,0.024%,0.016%,-1.211%,0.123%,,,
2/10/2020,234923553,567812445,858476787,7299469,340392928,0.3965,0.5995,0.3681,,3267134,-137509,-138343,-33914,-285090,-0.03%,-0.03%,-0.02%,,-1.000%,0.024%,0.016%,-0.573%,0.048%,,,
3/10/2020,231656419,567949954,858615130,7333383,340678018,0.3968,0.5998,0.3683,,3595274,-136313,-138352,-82810,-95948,0.00%,-0.01%,0.00%,,-1.391%,0.024%,0.016%,0.465%,0.084%,,,
4/10/2020,228061145,568086267,858753482,7416193,340773966,0.3968,0.5999,0.3683,,1748377,-136156,-138573,-41778,-373136,-0.04%,-0.05%,-0.04%,,-1.552%,0.024%,0.016%,1.129%,0.028%,,,
5/10/2020,226312768,568222423,858892055,7457971,341147102,0.3972,0.6004,0.3687,,-1451684,-137517,-138312,50917,-273570,-0.02%,-0.03%,-0.03%,,-0.767%,0.024%,0.016%,0.563%,0.109%,,,
6/10/2020,227764452,568359940,859030367,7407054,341420672,0.3974,0.6007,0.369,,9668806,-137588,-138460,104654,-220984,-0.02%,-0.03%,-0.02%,,0.641%,0.024%,0.016%,-0.683%,0.080%,,,
7/10/2020,218095646,568497528,859168827,7302400,341641656,0.3976,0.601,0.3692,,8165771,-136750,-137679,-34202,-371266,-0.04%,-0.05%,-0.04%,,-4.245%,0.024%,0.016%,-1.413%,0.065%,,,
8/10/2020,209929875,568634278,859306506,7336602,342012922,0.398,0.6015,0.3696,,-8118863,-137760,-138223,-57900,-72696,0.00%,0.01%,0.00%,,-3.744%,0.024%,0.016%,0.468%,0.109%,,,
9/10/2020,218048738,568772038,859444729,7394502,342085618,0.398,0.6014,0.3696,,-9110194,-137944,-138312,-65879,266017,0.03%,0.06%,0.03%,,3.867%,0.024%,0.016%,0.789%,0.021%,,,
10/10/2020,227158932,568909982,859583041,7460381,341819601,0.3977,0.6008,0.3693,,-103997,-138528,-138527,-80160,-424030,-0.04%,-0.06%,-0.04%,,4.178%,0.024%,0.016%,0.891%,-0.078%,,,
11/10/2020,227262929,569048510,859721568,7540541,342243631,0.3981,0.6014,0.3697,,-3018825,-136507,-138172,-12442,-22387,0.01%,0.01%,0.00%,,0.046%,0.024%,0.016%,1.074%,0.124%,,,
12/10/2020,230281754,569185017,859859740,7552983,342266018,0.398,0.6013,0.3697,,-6390082,-136022,-138019,3834,-357070,-0.04%,-0.05%,-0.03%,,1.328%,0.024%,0.016%,0.165%,0.007%,,,
13/10/2020,236671836,569321039,859997759,7549149,342623088,0.3984,0.6018,0.37,,3047844,-204133,-205884,-40496,-1416277,-0.16%,-0.23%,0.36%,,2.775%,0.024%,0.016%,-0.051%,0.104%,,,
14/10/2020,233623992,569525172,860203643,7589645,344039365,0.4,0.6041,0.3664,,10563506,-68863,-68863,16812,-655832,-0.07%,-0.11%,-0.08%,,-1.288%,0.036%,0.024%,0.536%,0.413%,,,
15/10/2020,223060486,569594035,860272506,7572833,344695197,0.4007,0.6052,0.3672,,7198970,-136944,-138668,32711,401572,0.05%,0.09%,0.06%,,-4.522%,0.012%,0.008%,-0.222%,0.191%,,,
16/10/2020,215861516,569730979,860411174,7540122,344293625,0.4002,0.6043,0.3666,,6018330,-138668,-138870,-50784,-201904,-0.01%,-0.02%,-0.02%,,-3.227%,0.024%,0.016%,-0.432%,-0.117%,,,
17/10/2020,209843186,569869647,860550044,7590906,344495529,0.4003,0.6045,0.3668,,-7866464,-137502,-138730,-44288,-210563,-0.02%,-0.02%,-0.02%,,-2.788%,0.024%,0.016%,0.674%,0.059%,,,
18/10/2020,217709650,570007149,860688774,7635194,344706092,0.4005,0.6047,0.367,,-2233161,-172244,-173697,-73044,-180711,-0.01%,-0.02%,-0.01%,,3.749%,0.024%,0.016%,0.583%,0.061%,,,
19/10/2020,219942811,570179393,860862471,7708238,344886803,0.4006,0.6049,0.3671,,3774124,-103887,-104261,-27053,-140204,-0.01%,-0.01%,-0.01%,,1.026%,0.030%,0.020%,0.957%,0.052%,,,
20/10/2020,216168687,570283280,860966732,7735291,345027007,0.4007,0.605,0.3672,,7786877,-137643,-138943,-55902,-142915,-0.01%,-0.01%,-0.01%,,-1.716%,0.018%,0.012%,0.351%,0.041%,,,
21/10/2020,208381810,570420923,861105675,7791193,345169922,0.4008,0.6051,0.3673,,-8963624,-137175,-138528,-12297,-323035,-0.04%,-0.04%,-0.04%,,-3.602%,0.024%,0.016%,0.723%,0.041%,,,
22/10/2020,217345434,570558098,861244203,7803490,345492957,0.4012,0.6055,0.3677,,-6746188,-137695,-138781,-34654,-739772,-0.07%,-0.12%,-0.08%,,4.302%,0.024%,0.016%,0.158%,0.094%,,,
23/10/2020,224091622,570695793,861382984,7838144,346232729,0.4019,0.6067,0.3685,,12639806,-136689,-138877,-13258,-262461,-0.03%,-0.03%,-0.02%,,3.104%,0.024%,0.016%,0.444%,0.214%,,,
24/10/2020,211451816,570832482,861521861,7851402,346495190,0.4022,0.607,0.3687,,-4207271,-136859,-138765,-75890,-42473,0.00%,0.01%,0.00%,,-5.640%,0.024%,0.016%,0.169%,0.076%,,,
25/10/2020,215659087,570969341,861660626,7927292,346537663,0.4022,0.6069,0.3687,,4770753,-138086,-138635,-30691,20401,0.01%,0.02%,0.01%,,1.990%,0.024%,0.016%,0.967%,0.012%,,,
26/10/2020,210888334,571107427,861799261,7957983,346517262,0.4021,0.6067,0.3686,,9621692,-313175,-138765,-54514,76813,0.02%,0.04%,0.01%,,-2.212%,0.024%,0.016%,0.387%,-0.006%,,,
27/10/2020,201266642,571420602,861938026,8012497,346440449,0.4019,0.6063,0.3685,,-5517210,-136668,-138422,-74503,-374784,-0.04%,-0.05%,-0.04%,,-4.562%,0.055%,0.016%,0.685%,-0.022%,,,
28/10/2020,206783852,571557270,862076448,8087000,346815233,0.4023,0.6068,0.3689,,13451164,-137370,-138748,4169,43756,0.01%,0.02%,0.02%,,2.741%,0.024%,0.016%,0.930%,0.108%,,,
29/10/2020,193332688,571694640,862215196,8082831,346771477,0.4022,0.6066,0.3687,,628800,-138107,-138760,-40313,14474,0.01%,0.02%,0.01%,,-6.505%,0.024%,0.016%,-0.052%,-0.013%,,,
30/10/2020,192703888,571832747,862353956,8123144,346757003,0.4021,0.6064,0.3686,,13055920,-95480,-96722,141666,-412688,-0.04%,-0.06%,-0.03%,,-0.325%,0.024%,0.016%,0.499%,-0.004%,,,
31/10/2020,179647968,571928227,862450678,7981478,347169691,0.4025,0.607,0.3689,,-2951061,-179022,-181200,88186,159543,0.02%,0.05%,0.07%,,-6.775%,0.017%,0.011%,-1.744%,0.119%,,,
1/11/2020,182599029,572107249,862631878,7893292,347010148,0.4023,0.6065,0.3682,,-4229794,-137280,-138834,35586,-72682,0.00%,0.00%,-0.01%,,1.643%,0.031%,0.021%,-1.105%,-0.046%,,,
2/11/2020,186828823,572244529,862770712,7857706,347082830,0.4023,0.6065,0.3683,,2246854,-138420,-139209,-13851,-243740,-0.02%,-0.03%,-0.03%,,2.316%,0.024%,0.016%,-0.451%,0.021%,,,
3/11/2020,184581969,572382949,862909921,7871557,347326570,0.4025,0.6068,0.3686,,1994683,-138107,-139304,-54637,-377356,-0.04%,-0.05%,-0.03%,,-1.203%,0.024%,0.016%,0.176%,0.070%,,,
4/11/2020,182587286,572521056,863049225,7926194,347703926,0.4029,0.6073,0.3689,,4316218,-137341,-138822,-16908,-109480,0.00%,-0.01%,-0.01%,,-1.081%,0.024%,0.016%,0.694%,0.109%,,,
5/11/2020,178271068,572658397,863188047,7943102,347813406,0.4029,0.6074,0.369,,-763106,-137459,-139068,109806,-314704,-0.03%,-0.04%,-0.03%,,-2.364%,0.024%,0.016%,0.213%,0.031%,,,
6/11/2020,179034174,572795856,863327115,7833296,348128110,0.4032,0.6078,0.3693,,-17652283,-136996,-139176,-35120,-183479,-0.02%,-0.01%,-0.01%,,0.428%,0.024%,0.016%,-1.382%,0.090%,,,
7/11/2020,196686457,572932852,863466291,7868416,348311589,0.4034,0.6079,0.3694,,1646916,-137922,-139039,-38229,865693,0.11%,0.16%,0.11%,,9.860%,0.024%,0.016%,0.448%,0.053%,,,
8/11/2020,195039541,573070774,863605330,7906645,347445896,0.4023,0.6063,0.3683,,-668700,-137826,-139096,-2024,-481396,-0.05%,-0.07%,-0.05%,,-0.837%,0.024%,0.016%,0.486%,-0.249%,,,
9/11/2020,195708241,573208600,863744426,7908669,347927292,0.4028,0.607,0.3688,,6203988,-137814,-139233,19692,-363617,-0.04%,-0.05%,-0.03%,,0.343%,0.024%,0.016%,0.026%,0.139%,,,
10/11/2020,189504253,573346414,863883659,7888977,348290909,0.4032,0.6075,0.3691,,-5793394,1278140,-139908,1545336,-1313476,-0.14%,-0.36%,-0.74%,,-3.170%,0.024%,0.016%,-0.249%,0.105%,,,
11/11/2020,195297647,572068274,864023567,6343641,349604385,0.4046,0.6111,0.3765,,-8961987,-134281,-135101,3805,188481,0.03%,0.04%,-0.08%,,3.057%,-0.223%,0.016%,-19.589%,0.377%,,,
12/11/2020,204259634,572202555,864158668,6339836,349415904,0.4043,0.6107,0.3773,,-1128022,-136510,-138490,-42135,-1221770,-0.14%,-0.19%,-0.14%,,4.589%,0.023%,0.016%,-0.060%,-0.054%,,,
13/11/2020,205387656,572339065,864297158,6381971,350637674,0.4057,0.6126,0.3787,,-2396153,-203782,-205858,-69072,371988,0.05%,0.08%,0.03%,,0.552%,0.024%,0.016%,0.665%,0.350%,,,
14/11/2020,207783809,572542847,864503016,6451043,350265686,0.4052,0.6118,0.3784,,5115853,-69396,-69397,29134,-102174,0.00%,-0.01%,0.00%,,1.167%,0.036%,0.024%,1.082%,-0.106%,,,
15/11/2020,202667956,572612243,864572413,6421909,350367860,0.4052,0.6119,0.3784,,3174119,-137335,-138814,-59850,-13239,0.00%,0.01%,0.00%,,-2.462%,0.012%,0.008%,-0.452%,0.029%,,,
16/11/2020,199493837,572749578,864711227,6481759,350381099,0.4052,0.6118,0.3784,,-4471294,-135161,-136724,-33966,-391497,-0.04%,-0.05%,-0.04%,,-1.566%,0.024%,0.016%,0.932%,0.004%,,,
17/11/2020,203965131,572884739,864847951,6515725,350772596,0.4056,0.6123,0.3788,,-946584,-137279,-138519,-8503,-233538,-0.02%,-0.03%,-0.18%,,2.241%,0.024%,0.016%,0.524%,0.112%,,,
18/11/2020,204911715,573022018,864986470,6524228,351006134,0.4058,0.6126,0.3806,,8372171,-138412,-138878,-16628,355101,0.05%,0.08%,0.05%,,0.464%,0.024%,0.016%,0.130%,0.067%,,,
19/11/2020,196539544,573160430,865125348,6540856,350651033,0.4053,0.6118,0.3801,,-2430923,-136695,-138432,-36035,202035,0.03%,0.05%,0.03%,,-4.086%,0.024%,0.016%,0.255%,-0.101%,,,
20/11/2020,198970467,573297125,865263780,6576891,350448998,0.405,0.6113,0.3798,,-7229667,-135125,-135662,-28693,-80722,0.00%,0.00%,-0.12%,,1.237%,0.024%,0.016%,0.551%,-0.058%,,,
21/11/2020,206200134,573432250,865399442,6605584,350529720,0.405,0.6113,0.381,,-19728825,-138452,-138744,2236,1480193,0.17%,0.27%,0.21%,,3.634%,0.024%,0.016%,0.436%,0.023%,,,
22/11/2020,225928959,573570702,865538186,6603348,349049527,0.4033,0.6086,0.3789,,2530818,-136999,-138122,-44290,436580,0.06%,0.10%,0.06%,,9.568%,0.024%,0.016%,-0.034%,-0.422%,,,
23/11/2020,223398141,573707701,865676308,6647638,348612947,0.4027,0.6076,0.3783,,-16146835,-138626,-138625,-23168,576244,0.07%,0.11%,0.08%,,-1.120%,0.024%,0.016%,0.671%,-0.125%,,,
24/11/2020,239544976,573846327,865814933,6670806,348036703,0.402,0.6065,0.3775,,-26442014,-138315,-138316,44747,1342233,0.16%,0.25%,0.16%,,7.228%,0.024%,0.016%,0.349%,-0.165%,,,
25/11/2020,265986990,573984642,865953249,6626059,346694470,0.4004,0.604,0.3759,,-21341303,-138409,-138825,21484,471885,0.06%,0.10%,0.08%,,11.038%,0.024%,0.016%,-0.671%,-0.386%,,,
26/11/2020,287328293,574123051,866092074,6604575,346222585,0.3998,0.603,0.3751,,65778270,-138388,-138895,-67696,-346369,-0.03%,-0.05%,-0.01%,,8.023%,0.024%,0.016%,-0.324%,-0.136%,,,
27/11/2020,221550023,574261439,866230969,6672271,346568954,0.4001,0.6035,0.3752,,-2714996,-134778,-135160,-71668,-380685,-0.04%,-0.05%,-0.04%,,-22.893%,0.024%,0.016%,1.025%,0.100%,,,
28/11/2020,224265019,574396217,866366129,6743939,346949639,0.4005,0.604,0.3756,,-18911537,-131453,-131560,-40875,-628170,-0.06%,-0.10%,-0.05%,,1.225%,0.023%,0.016%,1.074%,0.110%,,,
29/11/2020,243176556,574527670,866497689,6784814,347577809,0.4011,0.605,0.3761,,9613974,-133308,-133510,-73351,-405896,-0.04%,-0.05%,-0.03%,,8.433%,0.023%,0.015%,0.606%,0.181%,,,
30/11/2020,233562582,574660978,866631199,6858165,347983705,0.4015,0.6055,0.3764,,-16664358,-133218,-133396,15276,40344,0.01%,0.02%,0.09%,,-3.953%,0.023%,0.015%,1.081%,0.117%,,,
1/12/2020,250226940,574794196,866764595,6842889,347943361,0.4014,0.6053,0.3755,,6958499,-132616,-133519,188467,-188782,-0.02%,-0.02%,-0.01%,,7.135%,0.023%,0.015%,-0.223%,-0.012%,,,
2/12/2020,243268441,574926812,866898114,6654422,348132143,0.4016,0.6055,0.3756,,-7705861,-133093,-133768,91537,-760637,-0.08%,-0.12%,-0.09%,,-2.781%,0.023%,0.015%,-2.754%,0.054%,,,
3/12/2020,250974302,575059905,867031882,6562885,348892780,0.4024,0.6067,0.3765,,-2401683,-132278,-133605,23406,-19413,0.00%,0.01%,0.01%,,3.168%,0.023%,0.015%,-1.376%,0.218%,,,
4/12/2020,253375985,575192183,867165487,6539479,348912193,0.4024,0.6066,0.3764,,16948940,-281229,-133575,12709,-272726,-0.02%,-0.02%,-0.02%,,0.957%,0.023%,0.015%,-0.357%,0.006%,,,
5/12/2020,236427045,575473412,867299062,6526770,349184919,0.4026,0.6068,0.3766,,-3277439,-130806,-132544,-65113,-282471,-0.03%,-0.03%,-0.02%,,-6.689%,0.049%,0.015%,-0.194%,0.078%,,,
6/12/2020,239704484,575604218,867431606,6591883,349467390,0.4029,0.6071,0.3768,,4265006,-130872,-131281,-60126,-1130990,-0.12%,-0.19%,-0.10%,,1.386%,0.023%,0.015%,0.998%,0.081%,,,
7/12/2020,235439478,575735090,867562887,6652009,350598380,0.4041,0.609,0.3778,,-10168361,-129914,-130860,-34632,-266329,-0.03%,-0.03%,-0.02%,,-1.779%,0.023%,0.015%,0.912%,0.324%,,,
8/12/2020,245607839,575865004,867693747,6686641,350864709,0.4044,0.6093,0.378,,16412926,-129685,-131049,-14220,378789,0.05%,0.08%,0.05%,,4.319%,0.023%,0.015%,0.521%,0.076%,,,
9/12/2020,229194913,575994689,867824796,6700861,350485920,0.4039,0.6085,0.3775,,3640971,-129111,-131053,-41095,-711595,-0.07%,-0.11%,-0.07%,,-6.683%,0.023%,0.015%,0.213%,-0.108%,,,
10/12/2020,225553942,576123800,867955849,6741956,351197515,0.4046,0.6096,0.3782,,6051914,-130587,-131311,-58379,-1358350,-0.15%,-0.22%,-0.20%,,-1.589%,0.022%,0.015%,0.613%,0.203%,,,
11/12/2020,219502028,576254387,868087160,6800335,352555865,0.4061,0.6118,0.3802,,11153548,-130877,-131430,-51877,-490602,-0.05%,-0.07%,-0.04%,,-2.683%,0.023%,0.015%,0.866%,0.387%,,,
12/12/2020,208348480,576385264,868218590,6852212,353046467,0.4066,0.6125,0.3806,,-9067149,-129827,-130378,-70135,-455250,-0.05%,-0.07%,-0.04%,,-5.081%,0.023%,0.015%,0.763%,0.139%,,,
13/12/2020,217415629,576515091,868348968,6922347,353501717,0.4071,0.6132,0.381,,-8549855,-129306,-130465,-18934,-345611,-0.03%,-0.04%,-0.03%,,4.352%,0.023%,0.015%,1.024%,0.129%,,,
14/12/2020,225965484,576644397,868479433,6941281,353847328,0.4074,0.6136,0.3813,,-1009117,-131239,-131242,-54515,-488910,-0.05%,-0.07%,-0.05%,,3.932%,0.022%,0.015%,0.274%,0.098%,,,
15/12/2020,226974601,576775636,868610675,6995796,354336238,0.4079,0.6143,0.3818,,-5470109,-130993,-131072,7700,51964,0.01%,0.02%,-0.02%,,0.447%,0.023%,0.015%,0.785%,0.138%,,,
16/12/2020,232444710,576906629,868741747,6988096,354284274,0.4078,0.6141,0.382,,-5560792,-130993,-131134,-9116,710276,0.09%,0.14%,0.07%,,2.410%,0.023%,0.015%,-0.110%,-0.015%,,,
17/12/2020,238005502,577037622,868872881,6997212,353573998,0.4069,0.6127,0.3813,,-7847977,-129865,-130477,-16686,-194499,-0.02%,-0.02%,-0.01%,,2.392%,0.023%,0.015%,0.130%,-0.200%,,,
18/12/2020,245853479,577167487,869003358,7013898,353768497,0.4071,0.6129,0.3814,,4599655,-126157,-130756,-41463,-172786,-0.01%,-0.02%,-0.01%,,3.297%,0.023%,0.015%,0.238%,0.055%,,,
19/12/2020,241253824,577293644,869134114,7055361,353941283,0.4072,0.6131,0.3815,,-9821400,-130638,-130811,210144,238156,0.03%,0.05%,0.06%,,-1.871%,0.022%,0.015%,0.591%,0.049%,,,
20/12/2020,251075224,577424282,869264925,6845217,353703127,0.4069,0.6126,0.3809,,-3651362,-131342,-131342,-7184,-472150,-0.05%,-0.06%,-0.08%,,4.071%,0.023%,0.015%,-2.979%,-0.067%,,,
21/12/2020,254726586,577555624,869396267,6852401,354175277,0.4074,0.6132,0.3817,,20819313,-131267,-131344,-27893,838676,0.10%,0.16%,0.11%,,1.454%,0.023%,0.015%,0.105%,0.133%,,,
22/12/2020,233907273,577686891,869527611,6880294,353336601,0.4064,0.6116,0.3806,,2504349,-131322,-131327,-28736,-595640,-0.06%,-0.09%,-0.06%,,-8.173%,0.023%,0.015%,0.407%,-0.237%,,,
23/12/2020,231402924,577818213,869658938,6909030,353932241,0.407,0.6125,0.3812,,14760574,-127270,-130785,-46241,231412,0.03%,0.05%,0.04%,,-1.071%,0.023%,0.015%,0.418%,0.169%,,,
24/12/2020,216642350,577945483,869789723,6955271,353700829,0.4067,0.612,0.3808,,4194341,-130206,-131055,-77342,-328573,-0.03%,-0.04%,-0.03%,,-6.379%,0.022%,0.015%,0.669%,-0.065%,,,
25/12/2020,212448009,578075689,869920778,7032613,354029402,0.407,0.6124,0.3811,,-24766337,-131040,-131241,-52917,1024763,0.13%,0.19%,0.12%,,-1.936%,0.023%,0.015%,1.112%,0.093%,,,
26/12/2020,237214346,578206729,870052019,7085530,353004639,0.4057,0.6105,0.3799,,-8628880,-131189,-131190,-63141,-371719,-0.04%,-0.05%,-0.04%,,11.658%,0.023%,0.015%,0.752%,-0.289%,,,
27/12/2020,245843226,578337918,870183209,7148671,353376358,0.4061,0.611,0.3803,,3628002,-130228,-131171,-35831,127430,0.02%,0.03%,0.03%,,3.638%,0.023%,0.015%,0.891%,0.105%,,,
28/12/2020,242215224,578468146,870314380,7184502,353248928,0.4059,0.6107,0.38,,-12839856,-130589,-131231,13889,-878267,-0.09%,-0.13%,-0.09%,,-1.476%,0.023%,0.015%,0.501%,-0.036%,,,
29/12/2020,255055080,578598735,870445611,7170613,354127195,0.4068,0.612,0.3809,,5937459,-130436,-131099,-1942,864964,0.10%,0.16%,0.09%,,5.301%,0.023%,0.015%,-0.193%,0.249%,,,
30/12/2020,249117621,578729171,870576710,7172555,353262231,0.4058,0.6104,0.38,,-29757138,-528540,-129302,95378,-52495,0.00%,0.05%,-0.01%,,-2.328%,0.023%,0.015%,0.027%,-0.244%,,,
31/12/2020,278874759,579257711,870706012,7077177,353314726,0.4058,0.6099,0.3801,,16108192,-129582,-131388,19184,-169747,-0.01%,-0.02%,-0.02%,,11.945%,0.091%,0.015%,-1.330%,0.015%,,,
1/01/2021,262766567,579387293,870837400,7057993,353484473,0.4059,0.6101,0.3803,,-1002333,-130606,-131361,24721,743122,0.09%,0.14%,0.08%,,-5.776%,0.022%,0.015%,-0.271%,0.048%,,,
2/01/2021,263768900,579517899,870968761,7033272,352741351,0.405,0.6087,0.3795,,5730242,-131636,-131636,88293,-267173,-0.02%,-0.03%,-0.01%,,0.381%,0.023%,0.015%,-0.350%,-0.210%,,,
3/01/2021,258038658,579649535,871100397,6944979,353008524,0.4052,0.609,0.3796,,-13073120,-130501,-131485,-8133,-14592,0.00%,0.01%,0.00%,,-2.172%,0.023%,0.015%,-1.255%,0.076%,,,
4/01/2021,271111778,579780036,871231882,6953112,353023116,0.4052,0.6089,0.3796,,-6736021,-429454,-131377,248364,-25380,0.00%,0.04%,0.03%,,5.066%,0.023%,0.015%,0.117%,0.004%,,,
5/01/2021,277847799,580209490,871363259,6704748,353048496,0.4052,0.6085,0.3793,,-49208681,-130758,-131070,24316,508864,0.07%,0.10%,0.09%,,2.485%,0.074%,0.015%,-3.572%,0.007%,,,
6/01/2021,327056480,580340248,871494329,6680432,352539632,0.4045,0.6075,0.3784,,-43094798,-231015,-131496,32449,1307675,0.15%,0.25%,0.15%,,17.711%,0.023%,0.015%,-0.363%,-0.144%,,,
7/01/2021,370151278,580571263,871625825,6647983,351231957,0.403,0.605,0.3769,,20118881,-128256,-130835,17714,1020748,0.13%,0.19%,0.12%,,13.177%,0.040%,0.015%,-0.486%,-0.371%,,,
8/01/2021,350032397,580699519,871756660,6630269,350211209,0.4017,0.6031,0.3757,,-11677322,-230345,-131199,-44705,129228,0.02%,0.05%,0.03%,,-5.435%,0.022%,0.015%,-0.266%,-0.291%,,,
9/01/2021,361709719,580929864,871887859,6674974,350081981,0.4015,0.6026,0.3754,,-19089689,-131680,-132094,-2449,257442,0.03%,0.06%,0.04%,,3.336%,0.040%,0.015%,0.674%,-0.037%,,,
10/01/2021,380799408,581061544,872019953,6677423,349824539,0.4012,0.602,0.375,,29383951,-130901,-131582,-29798,788318,0.10%,0.14%,0.08%,,5.278%,0.023%,0.015%,0.037%,-0.074%,,,
11/01/2021,351415457,581192445,872151535,6707221,349036221,0.4002,0.6006,0.3742,,19655575,-131077,-131886,-10232,-176165,-0.01%,-0.01%,0.34%,,-7.716%,0.023%,0.015%,0.446%,-0.225%,,,
12/01/2021,331759882,581323522,872283421,6717453,349212386,0.4003,0.6007,0.3708,,-5507203,-332367,-132510,-56348,2426741,0.28%,0.45%,0.29%,,-5.593%,0.023%,0.015%,0.153%,0.050%,,,
13/01/2021,337267085,581655889,872415931,6773801,346785645,0.3975,0.5962,0.3679,,-4726660.5,-130518,-131436,-23220,-249288,-0.02%,-0.03%,-0.03%,,1.660%,0.057%,0.015%,0.839%,-0.695%,,,
14/01/2021,341993745.5,581786407,872547367,6797021,347034933,0.3977,0.5965,0.3682,,-2363330.25,-332235,-132385,-43517,-650700,-0.07%,-0.08%,-0.06%,,1.401%,0.022%,0.015%,0.343%,0.072%,,,
15/01/2021,344357075.8,582118642,872679752,6840538,347685633,0.3984,0.5973,0.3688,,-2363330.25,-272407,-132407,-32188,1806719,0.21%,0.34%,0.21%,,0.691%,0.057%,0.015%,0.640%,0.188%,,,
16/01/2021,346720406,582391049,872812159,6872726,345878914,0.3963,0.5939,0.3667,,-60402756,-131901,-132335,-16000,789594,0.10%,0.15%,0.11%,,0.686%,0.047%,0.015%,0.471%,-0.520%,,,
17/01/2021,407123162,582522950,872944494,6888726,345089320,0.3953,0.5924,0.3656,,23356146,-132040,-132516,-67239,1456696,0.17%,0.26%,0.15%,,17.421%,0.023%,0.015%,0.233%,-0.228%,,,
18/01/2021,383767016,582654990,873077010,6955965,343632624,0.3936,0.5898,0.3641,,-46865920,-532841,-132901,-15101,734861,0.09%,0.18%,0.08%,,-5.737%,0.023%,0.015%,0.976%,-0.422%,,,
19/01/2021,430632936,583187831,873209911,6971066,342897763,0.3927,0.588,0.3633,,6712059,-132248,-132957,54235,162811,0.03%,0.04%,0.01%,,12.212%,0.091%,0.015%,0.217%,-0.214%,,,
20/01/2021,423920877,583320079,873342868,6916831,342734952,0.3924,0.5876,0.3632,,11077515,-332520,-132584,-29371,700517,0.08%,0.16%,0.08%,,-1.559%,0.023%,0.015%,-0.778%,-0.047%,,,
21/01/2021,412843362,583652599,873475452,6946202,342034435,0.3916,0.586,0.3624,,-25051739,-132305,-132672,98258,-654834,-0.07%,-0.10%,-0.08%,,-2.613%,0.057%,0.015%,0.425%,-0.204%,,,
22/01/2021,437895101,583784904,873608124,6847944,342689269,0.3923,0.587,0.3632,,11033731,-131737,-132704,-55622,-592676,-0.06%,-0.09%,-0.07%,,6.068%,0.023%,0.015%,-1.415%,0.191%,,,
23/01/2021,426861370,583916641,873740828,6903566,343281945,0.3929,0.5879,0.3639,,-6479651,-132634,-132966,-46229,-2415377,-0.27%,-0.40%,-0.25%,,-2.520%,0.023%,0.015%,0.812%,0.173%,,,
24/01/2021,433341021,584049275,873873794,6949795,345697322,0.3956,0.5919,0.3664,,-8182125,-132553,-133196,-21724,-52987,0.00%,0.00%,0.00%,,1.518%,0.023%,0.015%,0.670%,0.704%,,,
25/01/2021,441523146,584181828,874006990,6971519,345750309,0.3956,0.5919,0.3664,,-65734241,-132358,-132851,-20790,1085565,0.13%,0.20%,0.13%,,1.888%,0.023%,0.015%,0.313%,0.015%,,,
26/01/2021,507257387,584314186,874139841,6992309,344664744,0.3943,0.5899,0.3651,,3857068,-131952,-132374,-27463,699032,0.09%,0.14%,0.08%,,14.888%,0.023%,0.015%,0.298%,-0.314%,,,
27/01/2021,503400319,584446138,874272215,7019772,343965712,0.3934,0.5885,0.3643,,36595794,-131706,-132674,-14835,494819,0.06%,0.09%,0.06%,,-0.760%,0.023%,0.015%,0.393%,-0.203%,,,
28/01/2021,466804525,584577844,874404889,7034607,343470893,0.3928,0.5876,0.3637,,-20648297,-652620,-132631,-52706,-10946,0.00%,0.07%,-0.02%,,-7.270%,0.023%,0.015%,0.211%,-0.144%,,,
29/01/2021,487452822,585230464,874537520,7087313,343481839,0.3928,0.5869,0.3639,,12950017,-689177,-133061,52904,537256,0.07%,0.16%,0.18%,,4.423%,0.112%,0.015%,0.749%,0.003%,,,
30/01/2021,474502805,585919641,874670581,7034409,342944583,0.3921,0.5853,0.3621,,21507477,-132566,-133239,-45201,-497624,-0.05%,-0.07%,-0.05%,,-2.657%,0.118%,0.015%,-0.746%,-0.156%,,,
31/01/2021,452995328,586052207,874803820,7079610,343442207,0.3926,0.586,0.3626,,2380265,-132341,-132977,106431,812994,0.10%,0.15%,0.07%,,-4.533%,0.023%,0.015%,0.643%,0.145%,,,
1/02/2021,450615063,586184548,874936797,6973179,342629213,0.3916,0.5845,0.36185,,2380265,-132342,-132978,106430,812994,0.10%,0.15%,0.08%,,-0.525%,0.023%,0.015%,-1.503%,-0.237%,,,
2/02/2021,448234798,586316890,875069775,6866749,341816219,0.3906,0.583,0.3611,,-3185750,-132841,-132841,-28608,1917086,0.22%,0.34%,0.21%,,-0.528%,0.023%,0.015%,-1.526%,-0.237%,,,
3/02/2021,451420548,586449731,875202616,6895357,339899133,0.3884,0.5796,0.359,,-17612614,-132956,-132956,10638,-2168881,-0.24%,-0.36%,-0.22%,,0.711%,0.023%,0.015%,0.417%,-0.561%,,,
4/02/2021,469033162,586582687,875335572,6884719,342068014,0.3908,0.5832,0.3612,,11287250,-132086,-133319,-35511,58615,0.01%,0.03%,0.02%,,3.902%,0.023%,0.015%,-0.154%,0.638%,,,
5/02/2021,457745912,586714773,875468891,6920230,342009399,0.3907,0.5829,0.361,,-12183547,-133097,-133525,1260,-562780,-0.05%,-0.08%,-0.06%,,-2.406%,0.023%,0.015%,0.516%,-0.017%,,,
6/02/2021,469929459,586847870,875602416,6918970,342572179,0.3912,0.5837,0.3616,,6325815,-132760,-133144,-51884,-197972,-0.02%,-0.03%,-0.01%,,2.662%,0.023%,0.015%,-0.018%,0.165%,,,
7/02/2021,463603644,586980630,875735560,6970854,342770151,0.3914,0.584,0.3617,,-3617825,-132417,-133615,-37755,-399698,-0.04%,-0.05%,-0.03%,,-1.346%,0.023%,0.015%,0.750%,0.058%,,,
8/02/2021,467221469,587113047,875869175,7008609,343169849,0.3918,0.5845,0.362,,-21042239,-132833,-133316,-27395,-97619,-0.01%,0.00%,-0.01%,,0.780%,0.023%,0.015%,0.542%,0.117%,,,
9/02/2021,488263708,587245880,876002491,7036004,343267468,0.3919,0.5845,0.3621,,-43867417,-130755,-131040,39707,751924,0.10%,0.14%,0.04%,,4.504%,0.023%,0.015%,0.391%,0.028%,,,
10/02/2021,532131125,587376635,876133531,6996297,342515544,0.3909,0.5831,0.3617,,-2947959,-142014,-133107,42618,787672,0.09%,0.15%,0.22%,,8.984%,0.022%,0.015%,-0.564%,-0.219%,,,
11/02/2021,535079084,587518649,876266638,6953679,341727872,0.39,0.5816,0.3595,,-236100720,-130537,-130930,233638,569292,0.07%,0.11%,0.08%,,0.554%,0.024%,0.015%,-0.609%,-0.230%,,,
12/02/2021,771179804,587649186,876397568,6720041,341158580,0.3893,0.5805,0.3587,,-11736725,-133338,-133616,-27203,3906656,0.45%,0.67%,0.43%,,44.124%,0.022%,0.015%,-3.360%,-0.167%,,,
13/02/2021,782916529,587782524,876531184,6747244,337251924,0.3848,0.5738,0.3544,,-164128820,-132688,-132766,-23869,-107876,0.00%,0.00%,-0.02%,,1.522%,0.023%,0.015%,0.405%,-1.145%,,,
14/02/2021,947045349,587915212,876663950,6771113,337359800,0.3848,0.5738,0.3546,,89040988,-131598,-131711,-26620,344152,0.04%,0.07%,0.03%,,20.964%,0.023%,0.015%,0.354%,0.032%,,,
15/02/2021,858004361,588046810,876795661,6797733,337015648,0.3844,0.5731,0.3543,,-179368222,3455508,-131725,3926955,3372238,0.39%,0.24%,0.37%,,-9.402%,0.022%,0.015%,0.393%,-0.102%,,,
16/02/2021,1037372583,584591302,876927386,2870778,333643410,0.3805,0.5707,0.3506,,65618087,-414954,-133166,48947,-570915,-0.06%,-0.06%,-0.06%,,20.905%,-0.588%,0.015%,-57.769%,-1.001%,,,
17/02/2021,971754496,585006256,877060552,2821831,334214325,0.3811,0.5713,0.3512,,-129472230,-134505,-134610,-7518,-1506183,-0.16%,-0.24%,-0.23%,,-6.325%,0.071%,0.015%,-1.705%,0.171%,,,
18/02/2021,1101226726,585140761,877195162,2829349,335720508,0.3827,0.5737,0.3535,,-246406870,-4823383,-273694,118602,-32077380,-3.65%,-4.97%,-3.64%,,13.324%,0.023%,0.015%,0.266%,0.451%,,,
19/02/2021,1347633596,589964144,877468856,2710747,367797888,0.4192,0.6234,0.3899,,51457855,-131712,-131768,-2636,166844,0.03%,0.04%,0.02%,,22.376%,0.824%,0.031%,-4.192%,9.555%,,,
20/02/2021,1296175741,590095856,877600624,2713383,367631044,0.4189,0.623,0.3897,,89492678,-131701,-131872,-38929,-58214,0.00%,0.00%,-0.03%,,-3.818%,0.022%,0.015%,0.097%,-0.045%,,,
21/02/2021,1206683063,590227557,877732496,2752312,367689258,0.4189,0.623,0.39,,186160257,-132310,-132361,-24714,-967207,-0.10%,-0.15%,-0.10%,,-6.904%,0.022%,0.015%,1.435%,0.016%,,,
22/02/2021,1020522806,590359867,877864857,2777026,368656465,0.4199,0.6245,0.391,,190809248,-131535,-132032,-72600,-802466,-0.09%,-0.12%,-0.09%,,-15.427%,0.022%,0.015%,0.898%,0.263%,,,
23/02/2021,829713558,590491402,877996889,2849626,369458931,0.4208,0.6257,0.3919,,-166180186,-131835,-132180,-34433,-163654,-0.01%,-0.01%,-0.01%,,-18.697%,0.022%,0.015%,2.614%,0.218%,,,
24/02/2021,995893744,590623237,878129069,2884059,369622585,0.4209,0.6258,0.392,,-4550500,-131120,-131897,-46396,-1187295,-0.13%,-0.19%,-0.14%,,20.029%,0.022%,0.015%,1.208%,0.044%,,,
25/02/2021,1000444244,590754357,878260966,2930455,370809880,0.4222,0.6277,0.3934,,47704376,-131894,-132261,-25493,-1814888,-0.20%,-0.29%,-0.19%,,0.457%,0.022%,0.015%,1.609%,0.321%,,,
26/02/2021,952739868,590886251,878393227,2955948,372624768,0.4242,0.6306,0.3953,,27551662,-131241,-131963,-62277,-1671085,-0.19%,-0.27%,-0.19%,,-4.768%,0.022%,0.015%,0.870%,0.489%,,,
27/02/2021,925188206,591017492,878525190,3018225,374295853,0.4261,0.6333,0.3972,,131558167,-130693,-131783,-36907,-1017141,-0.10%,-0.16%,-0.10%,,-2.892%,0.022%,0.015%,2.107%,0.448%,,,
28/02/2021,793630039,591148185,878656973,3055132,375312994,0.4271,0.6349,0.3982,,-176072826,-131351,-131478,32319,-234582,-0.02%,-0.02%,-0.02%,,-14.220%,0.022%,0.015%,1.223%,0.272%,,,
1/03/2021,969702865,591279536,878788451,3022813,375547576,0.4273,0.6351,0.3984,,-1665881,-505782,-131194,45128,-602516,-0.07%,-0.05%,-0.07%,,22.186%,0.022%,0.015%,-1.058%,0.063%,,,
2/03/2021,971368746,591785318,878919645,2977685,376150092,0.428,0.6356,0.3991,,-92179893,-130671,-131241,-16002,-749308,-0.08%,-0.11%,-0.09%,,0.172%,0.086%,0.015%,-1.493%,0.160%,,,
3/03/2021,1063548639,591915989,879050886,2993687,376899400,0.4288,0.6367,0.4,,-92708825,-130773,-131178,19587,-119824,0.00%,-0.01%,-0.01%,,9.490%,0.022%,0.015%,0.537%,0.199%,,,
4/03/2021,1156257464,592046762,879182064,2974100,377019224,0.4288,0.6368,0.4001,,71531181,-131237,-131392,-63188,-2313003,-0.26%,-0.38%,-0.25%,,8.717%,0.022%,0.015%,-0.654%,0.032%,,,
5/03/2021,1084726283,592177999,879313456,3037288,379332227,0.4314,0.6406,0.4026,,-10221285,-131193,-131276,-72183,-367388,-0.03%,-0.04%,-0.05%,,-6.186%,0.022%,0.015%,2.125%,0.613%,,,
6/03/2021,1094947568,592309192,879444732,3109471,379699615,0.4317,0.641,0.4031,,-57503659,-130804,-130885,-57547,-225176,-0.02%,-0.03%,-0.02%,,0.942%,0.022%,0.015%,2.377%,0.097%,,,
7/03/2021,1152451227,592439996,879575617,3167018,379924791,0.4319,0.6413,0.4033,,46609738,-131090,-131127,-20460,59994,0.01%,0.03%,0.01%,,5.252%,0.022%,0.015%,1.851%,0.059%,,,
8/03/2021,1105841489,592571086,879706744,3187478,379864797,0.4318,0.641,0.4032,,-42383293,-130721,-130789,-12250,2024146,0.24%,0.35%,0.24%,,-4.044%,0.022%,0.015%,0.646%,-0.016%,,,
9/03/2021,1148224782,592701807,879837533,3199728,377840651,0.4294,0.6375,0.4008,,29386813,-130965,-130965,-37722,364988,0.04%,0.08%,0.05%,,3.833%,0.022%,0.015%,0.384%,-0.533%,,,
10/03/2021,1118837969,592832772,879968498,3237450,377475663,0.429,0.6367,0.4003,,-6988926,-131088,-131204,-47609,-445799,-0.04%,-0.06%,-0.04%,,-2.559%,0.022%,0.015%,1.179%,-0.097%,,,
11/03/2021,1125826895,592963860,880099702,3285059,377921462,0.4294,0.6373,0.4007,,47059646,-130839,-130959,-22051,179991,0.03%,0.04%,0.03%,,0.625%,0.022%,0.015%,1.471%,0.118%,,,
12/03/2021,1078767249,593094699,880230661,3307110,377741471,0.4291,0.6369,0.4004,,-13222811,-125632,-126154,-59928,-125391,-0.01%,-0.01%,-0.02%,,-4.180%,0.022%,0.015%,0.671%,-0.048%,,,
13/03/2021,1091990060,593220331,880356815,3367038,377866862,0.4292,0.637,0.4006,,41058043,-130752,-131120,-46953,-615766,-0.07%,-0.09%,-0.06%,,1.226%,0.021%,0.014%,1.812%,0.033%,,,
14/03/2021,1050932017,593351083,880487935,3413991,378482628,0.4299,0.6379,0.4012,,-83371626,-135137,-135256,-19218,-20042942,-2.26%,-3.36%,-2.27%,,-3.760%,0.022%,0.015%,1.394%,0.163%,,,
15/03/2021,1134303643,593486220,880623191,3433209,398525570,0.4525,0.6715,0.4239,,38039900,-131681,-131681,-41926,729415,0.08%,0.14%,0.09%,,7.933%,0.023%,0.015%,0.563%,5.296%,,,
16/03/2021,1096263743,593617901,880754872,3475135,397796155,0.4517,0.6701,0.423,,-3330016,-128039,-128799,-58853,-1140497,-0.12%,-0.18%,-0.14%,,-3.354%,0.022%,0.015%,1.221%,-0.183%,,,
17/03/2021,1099593759,593745940,880883671,3533988,398936652,0.4529,0.6719,0.4244,,-41403146,-129501,-129644,-70498,-1327922,-0.14%,-0.21%,-0.15%,,0.304%,0.022%,0.015%,1.694%,0.287%,,,
18/03/2021,1140996905,593875441,881013315,3604486,400264574,0.4543,0.674,0.4259,,-30704456,-129407,-129602,-71503,311727,0.04%,0.07%,0.05%,,3.765%,0.022%,0.015%,1.995%,0.333%,,,
19/03/2021,1171701361,594004848,881142917,3675989,399952847,0.4539,0.6733,0.4254,,-30399974,-111571,-112024,-27118,79192,0.01%,0.02%,0.01%,,2.691%,0.022%,0.015%,1.984%,-0.078%,,,
20/03/2021,1202101335,594116419,881254941,3703107,399873655,0.4538,0.6731,0.4253,,29654226,-122651,-122878,-41728,214096,0.04%,0.05%,0.03%,,2.595%,0.019%,0.013%,0.738%,-0.020%,,,
21/03/2021,1172447109,594239070,881377819,3744835,399659559,0.4534,0.6726,0.425,,-32577494,-129170,-129389,55944,496048,0.06%,0.10%,0.07%,,-2.467%,0.021%,0.014%,1.127%,-0.054%,,,
22/03/2021,1205024603,594368240,881507208,3688891,399163511,0.4528,0.6716,0.4243,,70469282,-193698,-129495,-48877,394540,0.05%,0.09%,0.04%,,2.779%,0.022%,0.015%,-1.494%,-0.124%,,,
23/03/2021,1134555321,594561938,881636703,3737768,398768971,0.4523,0.6707,0.4239,,-135645504,-129662,-129673,-34704,-112592,-0.01%,0.00%,0.02%,,-5.848%,0.033%,0.015%,1.325%,-0.099%,,,
24/03/2021,1270200825,594691600,881766376,3772472,398881563,0.4524,0.6707,0.4237,,173336292,-129787,-129787,160535,1142904,0.14%,0.20%,0.13%,,11.956%,0.022%,0.015%,0.928%,0.028%,,,
25/03/2021,1096864533,594821387,881896163,3611937,397738659,0.451,0.6687,0.4224,,-92056518,-129790,-129790,-69285,-456082,-0.05%,-0.06%,-0.05%,,-13.646%,0.022%,0.015%,-4.255%,-0.287%,,,
26/03/2021,1188921051,594951177,882025953,3681222,398194741,0.4515,0.6693,0.4229,,-92160130,-115382,-129797,30006,376028,0.05%,0.08%,0.05%,,8.393%,0.022%,0.015%,1.918%,0.115%,,,
27/03/2021,1281081181,595066559,882155750,3651216,397818713,0.451,0.6685,0.4224,,-151763652,-129097,-129732,17738,-300865,-0.02%,-0.04%,-0.03%,,7.752%,0.019%,0.015%,-0.815%,-0.094%,,,
28/03/2021,1432844833,595195656,882285482,3633478,398119578,0.4512,0.6689,0.4227,,-67725496,-129663,-129698,-31475,-691419,-0.08%,-0.10%,-0.06%,,11.847%,0.022%,0.015%,-0.486%,0.076%,,,
29/03/2021,1500570329,595325319,882415180,3664953,398810997,0.452,0.6699,0.4233,,-78013438,-129742,-129742,2071,-229097,-0.01%,-0.02%,-0.02%,,4.727%,0.022%,0.015%,0.866%,0.174%,,,
30/03/2021,1578583767,595455061,882544922,3662882,399040094,0.4521,0.6701,0.4235,,-227387466,-128978,-129462,52408,1407695,0.16%,0.25%,0.13%,,5.199%,0.022%,0.015%,-0.057%,0.057%,,,
31/03/2021,1805971233,595584039,882674384,3610474,397632399,0.4505,0.6676,0.4222,,58774121,-129030,-129158,18024,-1960,0.01%,0.01%,0.01%,,14.405%,0.022%,0.015%,-1.431%,-0.353%,,,
1/04/2021,1747197112,595713069,882803542,3592450,397634359,0.4504,0.6675,0.4221,,134487264,-129477,-129611,-24593,1768505,0.20%,0.31%,0.21%,,-3.254%,0.022%,0.015%,-0.499%,0.000%,,,
2/04/2021,1612709848,595842546,882933153,3617043,395865854,0.4484,0.6644,0.42,,81446160,-127658,-127723,-67339,-238401,-0.02%,-0.02%,-0.02%,,-7.697%,0.022%,0.015%,0.685%,-0.445%,,,
3/04/2021,1531263688,595970204,883060876,3684382,396104255,0.4486,0.6646,0.4202,,-98639210,-129732,-130243,-72110,754656,0.10%,0.14%,0.10%,,-5.050%,0.021%,0.014%,1.862%,0.060%,,,
4/04/2021,1629902898,596099936,883191119,3756492,395349599,0.4476,0.6632,0.4192,,34977112,-129765,-129863,8912,177611,0.02%,0.04%,0.03%,,6.442%,0.022%,0.015%,1.957%,-0.191%,,,
5/04/2021,1594925786,596229701,883320982,3747580,395171988,0.4474,0.6628,0.4189,,99006758,-128153,-128153,1653,635444,0.08%,0.12%,0.08%,,-2.146%,0.022%,0.015%,-0.237%,-0.045%,,,
6/04/2021,1495919028,596357854,883449135,3745927,394536544,0.4466,0.6616,0.4181,,122262811,-130255,-130255,-43585,369706,0.05%,0.08%,0.04%,,-6.208%,0.021%,0.015%,-0.044%,-0.161%,,,
7/04/2021,1373656217,596488109,883579390,3789512,394166838,0.4461,0.6608,0.4177,,-103751287,-130150,-130534,-47624,249047,0.03%,0.05%,0.03%,,-8.173%,0.022%,0.015%,1.164%,-0.094%,,,
8/04/2021,1477407504,596618259,883709924,3837136,393917791,0.4458,0.6603,0.4174,,-118377444,-130050,-130248,15908,103013,0.02%,0.04%,0.02%,,7.553%,0.022%,0.015%,1.257%,-0.063%,,,
9/04/2021,1595784948,596748309,883840172,3821228,393814778,0.4456,0.6599,0.4172,,59284796,-130300,-130300,-68445,91415,0.02%,0.03%,0.02%,,8.013%,0.022%,0.015%,-0.415%,-0.026%,,,
10/04/2021,1536500152,596878609,883970472,3889673,393723363,0.4454,0.6596,0.417,,13335515,-130547,-130547,-60352,369244,0.05%,0.07%,0.05%,,-3.715%,0.022%,0.015%,1.791%,-0.023%,,,
11/04/2021,1523164637,597009156,884101019,3950025,393354119,0.4449,0.6589,0.4165,,-68251918,-130381,-130381,63,2032171,0.23%,0.36%,0.24%,,-0.868%,0.022%,0.015%,1.552%,-0.094%,,,
12/04/2021,1591416555,597139537,884231400,3949962,391321948,0.4426,0.6553,0.4141,,30793258,-130061,-130061,-45421,867864,0.11%,0.16%,1.02%,,4.481%,0.022%,0.015%,-0.002%,-0.517%,,,
13/04/2021,1560623297,597269598,884361461,3995383,390454084,0.4415,0.6537,0.4039,,121697580,-131488,-131488,-38061,1165012,0.14%,0.21%,0.15%,,-1.935%,0.022%,0.015%,1.150%,-0.222%,,,
14/04/2021,1438925717,597401086,884492949,4033444,389289072,0.4401,0.6516,0.4024,,-112042456,-131465,-131465,-54513,2280969,0.26%,0.39%,0.25%,,-7.798%,0.022%,0.015%,0.953%,-0.298%,,,
15/04/2021,1550968173,597532551,884624414,4087957,387008103,0.4375,0.6477,0.3999,,-10666474,-131392,-131391,-45180,2995791,0.35%,0.52%,0.34%,,7.787%,0.022%,0.015%,1.352%,-0.586%,,,
16/04/2021,1561634647,597663943,884755805,4133137,384012312,0.434,0.6425,0.3965,,-85072206,-131414,-131415,-28200,6223180,0.71%,1.05%,0.72%,,0.688%,0.022%,0.015%,1.105%,-0.774%,,,
17/04/2021,1646706853,597795357,884887220,4161337,377789132,0.4269,0.632,0.3893,,274358805,-130389,-130716,-54775,5305041,0.60%,0.90%,0.62%,,5.448%,0.022%,0.015%,0.682%,-1.621%,,,
18/04/2021,1372348048,597925746,885017936,4216112,372484091,0.4209,0.623,0.3831,,92850264,-132140,-132140,-25610,3844592,0.44%,0.66%,0.43%,,-16.661%,0.022%,0.015%,1.316%,-1.404%,,,
19/04/2021,1279497784,598057886,885150076,4241722,368639499,0.4165,0.6164,0.3788,,-19926859,-133191,-133303,-57048,-162660,-0.01%,-0.01%,0.00%,,-6.766%,0.022%,0.015%,0.607%,-1.032%,,,
20/04/2021,1299424643,598191077,885283379,4298770,368802159,0.4166,0.6165,0.3788,,-58511068,-130761,-131554,14192,-43156,0.00%,0.00%,-0.08%,,1.557%,0.022%,0.015%,1.345%,0.044%,,,
21/04/2021,1357935711,598321838,885414933,4284578,368845315,0.4166,0.6165,0.3796,,58662905,-133386,-133553,-66068,310311,0.04%,0.07%,0.02%,,4.503%,0.022%,0.015%,-0.330%,0.012%,,,
22/04/2021,1299272806,598455224,885548486,4350646,368535004,0.4162,0.6158,0.3794,,257969859,-132961,-133492,-78160,529960,0.07%,0.10%,0.07%,,-4.320%,0.022%,0.015%,1.542%,-0.084%,,,
23/04/2021,1041302947,598588185,885681978,4428806,368005044,0.4155,0.6148,0.3787,,31387304,-133321,-133482,-69656,-893596,-0.10%,-0.13%,-0.12%,,-19.855%,0.022%,0.015%,1.797%,-0.144%,,,
24/04/2021,1009915643,598721506,885815460,4498462,368898640,0.4165,0.6161,0.3799,,-72313253,-133695,-133695,-54431,465580,0.06%,0.09%,0.05%,,-3.014%,0.022%,0.015%,1.573%,0.243%,,,
25/04/2021,1082228896,598855201,885949155,4552893,368433060,0.4159,0.6152,0.3794,,-122796952,-133154,-133178,904863,-17778953,-2.00%,-2.96%,-1.97%,,7.160%,0.022%,0.015%,1.210%,-0.126%,,,
26/04/2021,1205025848,598988355,886082333,3648030,386212013,0.4359,0.6448,0.3991,,-147745320,-15131641,-132071,-6377,-6494446,-0.72%,0.53%,-0.73%,,11.347%,0.022%,0.015%,-19.874%,4.826%,,,
27/04/2021,1352771168,614119996,886214404,3654407,392706459,0.4431,0.6395,0.4064,,-26807150,-130126,-130160,3290,144838,0.02%,0.04%,0.02%,,12.261%,2.526%,0.015%,0.175%,1.682%,,,
28/04/2021,1379578318,614250122,886344564,3651117,392561621,0.4429,0.6391,0.4062,,11530073,-130093,-130800,-36464,917289,0.11%,0.16%,0.11%,,1.982%,0.021%,0.015%,-0.090%,-0.037%,,,
29/04/2021,1368048245,614380215,886475364,3687581,391644332,0.4418,0.6375,0.4051,,-255030556,-130659,-130678,-1971,-759891,-0.08%,-0.11%,-0.05%,,-0.836%,0.021%,0.015%,0.999%,-0.234%,,,
30/04/2021,1623078801,614510874,886606042,3689552,392404223,0.4426,0.6386,0.4056,,3327307,-129958,-130349,16847,-891105,-0.09%,-0.13%,-0.09%,,18.642%,0.021%,0.015%,0.053%,0.194%,,,
1/05/2021,1619751494,614640832,886736391,3672705,393295328,0.4435,0.6399,0.4065,,21822499,-8074921,-131211,-10509,1888477,0.22%,1.14%,0.17%,,-0.205%,0.021%,0.015%,-0.457%,0.227%,,,
2/05/2021,1597928995,622715753,886867602,3683214,391406851,0.4413,0.6285,0.4048,,42922358,1763431,-129793,-563,1845051,0.21%,0.11%,0.19%,,-1.347%,1.314%,0.015%,0.286%,-0.480%,,,
3/05/2021,1555006637,620952322,886997395,3683777,389561800,0.4392,0.6274,0.4029,,174318612,946626,-130922,70506,205885,0.03%,-0.06%,0.03%,,-2.686%,-0.283%,0.015%,0.015%,-0.471%,,,
4/05/2021,1380688025,620005696,887128317,3613271,389355915,0.4389,0.628,0.4026,,-85064012,-131540,-131585,-52012,-3259406,-0.36%,-0.51%,-0.39%,,-11.210%,-0.152%,0.015%,-1.914%,-0.053%,,,
5/05/2021,1465752037,620137236,887259902,3665283,392615321,0.4425,0.6331,0.4065,,-100164460,-146057,-131974,61253,-3775644,-0.42%,-0.59%,-0.39%,,6.161%,0.021%,0.015%,1.439%,0.837%,,,
6/05/2021,1565916497,620283293,887391876,3604030,396390965,0.4467,0.639,0.4104,,-241991238,-129782,-129783,-31737,5015195,0.57%,0.82%,0.55%,,6.834%,0.024%,0.015%,-1.671%,0.962%,,,
7/05/2021,1807907735,620413075,887521659,3635767,391375770,0.441,0.6308,0.4049,,153910522,-130335,-130429,66345,530353,0.07%,0.10%,0.04%,,15.454%,0.021%,0.015%,0.881%,-1.265%,,,
8/05/2021,1653997213,620543410,887652088,3569422,390845417,0.4403,0.6298,0.4045,,50941031,-4950718,-130179,-64018,7522319,0.85%,1.70%,0.87%,,-8.513%,0.021%,0.015%,-1.825%,-0.136%,,,
9/05/2021,1603056182,625494128,887782267,3633440,383323098,0.4318,0.6128,0.3958,,-2189541,1371487,-131447,-2360,552034,0.07%,-0.05%,0.07%,,-3.080%,0.798%,0.015%,1.794%,-1.925%,,,
10/05/2021,1605245723,624122641,887913714,3635800,382771064,0.4311,0.6133,0.3951,,48901546,1771176,-131161,17036,-1076641,-0.11%,-0.35%,-0.12%,,0.137%,-0.219%,0.015%,0.065%,-0.144%,,,
11/05/2021,1556344177,622351465,888044875,3618764,383847705,0.4322,0.6168,0.3963,,125760635,-131760,-131760,-75913,-2572786,-0.29%,-0.40%,-0.31%,,-3.046%,-0.284%,0.015%,-0.469%,0.281%,,,
12/05/2021,1430583542,622483225,888176635,3694677,386420491,0.4351,0.6208,0.3994,,157537685,-132329,-132329,-87828,-752715,-0.08%,-0.10%,-0.07%,,-8.081%,0.021%,0.015%,2.098%,0.670%,,,
13/05/2021,1273045857,622615554,888308964,3782505,387173206,0.4359,0.6218,0.4001,,-100392613,-131450,-131450,-25427,-643681,-0.06%,-0.10%,-0.06%,,-11.012%,0.021%,0.015%,2.377%,0.195%,,,
14/05/2021,1373438470,622747004,888440414,3807932,387816887,0.4365,0.6228,0.4007,,133972501,-131880,-131880,-98778,-921623,-0.10%,-0.13%,-0.10%,,7.886%,0.021%,0.015%,0.672%,0.166%,,,
15/05/2021,1239465969,622878884,888572294,3906710,388738510,0.4375,0.6241,0.4017,,-50251843,-4891470,-131609,-89299,95881,0.02%,0.50%,0.06%,,-9.755%,0.021%,0.015%,2.594%,0.238%,,,
16/05/2021,1289717812,627770354,888703903,3996009,388642629,0.4373,0.6191,0.4011,,160196624,159410,-131730,-10118,-862603,-0.09%,-0.15%,-0.12%,,4.054%,0.785%,0.015%,2.286%,-0.025%,,,
17/05/2021,1129521188,627610944,888835633,4006127,389505232,0.4382,0.6206,0.4023,,-90606408,-129726,-129726,-68001,-265287,-0.03%,-0.03%,-0.04%,,-12.421%,-0.025%,0.015%,0.253%,0.222%,,,
18/05/2021,1220127596,627740670,888965359,4074128,389770519,0.4385,0.6209,0.4027,,361073698,-127308,-127308,-17233,-1281344,-0.13%,-0.19%,-0.13%,,8.022%,0.021%,0.015%,1.697%,0.068%,,,
19/05/2021,859053898,627867978,889092667,4091361,391051863,0.4398,0.6228,0.404,,15328775,-129096,-129096,-82369,-370193,-0.04%,-0.05%,-0.05%,,-29.593%,0.020%,0.014%,0.423%,0.329%,,,
20/05/2021,843725123,627997074,889221763,4173730,391422056,0.4402,0.6233,0.4045,,63247291,-164069,-164076,-40309,-1022397,-0.11%,-0.15%,-0.15%,,-1.784%,0.021%,0.015%,2.013%,0.095%,,,
21/05/2021,780477832,628161143,889385839,4214039,392444453,0.4413,0.6248,0.406,,65290519,-98802,-98815,-59474,-297087,-0.02%,-0.03%,-0.03%,,-7.496%,0.026%,0.018%,0.966%,0.261%,,,
22/05/2021,715187313,628259945,889484654,4273513,392741540,0.4415,0.6251,0.4063,,154907856,656628,-131489,2194,3253391,0.37%,0.45%,0.37%,,-8.365%,0.016%,0.011%,1.411%,0.076%,,,
23/05/2021,560279457,627603317,889616143,4271319,389488149,0.4378,0.6206,0.4026,,-135843019,3065518,-131539,378769,67293,0.01%,-0.29%,0.02%,,-21.660%,-0.105%,0.015%,-0.051%,-0.828%,,,
24/05/2021,696122476,624537799,889747682,3892550,389420856,0.4377,0.6235,0.4024,,1528352,1129712,-131979,-14171,-304011,-0.03%,-0.17%,-0.03%,,24.246%,-0.488%,0.015%,-8.868%,-0.017%,,,
25/05/2021,694594124,623408087,889879661,3906721,389724867,0.438,0.6252,0.4027,,-103642216,1486656,-132096,-70174,-1688309,-0.18%,-0.42%,-0.18%,,-0.220%,-0.181%,0.015%,0.364%,0.078%,,,
26/05/2021,798236340,621921431,890011757,3976895,391413176,0.4398,0.6294,0.4045,,7810567,67246,-131967,-28875,-237438,-0.02%,-0.04%,-0.02%,,14.921%,-0.238%,0.015%,1.796%,0.433%,,,
27/05/2021,790425773,621854185,890143724,4005770,391650614,0.44,0.6298,0.4047,,96112876,-131441,-131483,-87786,-843525,-0.09%,-0.12%,-0.08%,,-0.978%,-0.011%,0.015%,0.726%,0.061%,,,
28/05/2021,694312897,621985626,890275207,4093556,392494139,0.4409,0.631,0.4055,,84191001,-156427,-131928,-31804,-377437,-0.03%,-0.05%,-0.05%,,-12.160%,0.021%,0.015%,2.191%,0.215%,,,
29/05/2021,610121896,622142053,890407135,4125360,392871576,0.4412,0.6315,0.406,,-66654155,-9813251,-131320,-87977,3556391,0.40%,1.55%,0.39%,,-12.126%,0.025%,0.015%,0.777%,0.096%,,,
30/05/2021,676776051,631955304,890538455,4213337,389315185,0.4372,0.616,0.4021,,-16329720,1543709,-131336,28280,-1667405,-0.18%,-0.42%,-0.17%,,10.925%,1.577%,0.015%,2.133%,-0.905%,,,
31/05/2021,693105771,630411595,890669791,4185057,390982590,0.439,0.6202,0.4038,,3711076,1877159,-131934,-30545,-2143058,-0.23%,-0.53%,-0.24%,,2.413%,-0.244%,0.015%,-0.671%,0.428%,,,
1/06/2021,689394695,628534436,890801725,4215602,393125648,0.4413,0.6255,0.4062,,-79640471,603085,-130651,-682,119144,0.02%,-0.04%,0.01%,,-0.535%,-0.298%,0.015%,0.730%,0.548%,,,
2/06/2021,769035166,627931351,890932376,4216284,393006504,0.4411,0.6259,0.4061,,-16180381,-131164,-131397,-66027,-1083731,-0.12%,-0.16%,-0.11%,,11.552%,-0.096%,0.015%,0.016%,-0.030%,,,
3/06/2021,785215547,628062515,891063773,4282311,394090235,0.4423,0.6275,0.4072,,54480894,-131142,-131210,-13440,-522470,-0.05%,-0.07%,-0.05%,,2.104%,0.021%,0.015%,1.566%,0.276%,,,
4/06/2021,730734653,628193657,891194983,4295751,394612705,0.4428,0.6282,0.4077,,40682715,-164161,-164436,-106515,705990,0.09%,0.13%,0.08%,,-6.938%,0.021%,0.015%,0.314%,0.133%,,,
5/06/2021,690051938,628357818,891359419,4402266,393906715,0.4419,0.6269,0.4069,,-30234138,-98511,-98679,-7425,-213000,-0.02%,-0.02%,-0.02%,,-5.567%,0.026%,0.018%,2.480%,-0.179%,,,
6/06/2021,720286076,628456329,891458098,4409691,394119715,0.4421,0.6271,0.4071,,10282030,-131022,-131331,-68405,461799,0.06%,0.08%,0.05%,,4.381%,0.016%,0.011%,0.169%,0.054%,,,
7/06/2021,710004046,628587351,891589429,4478096,393657916,0.4415,0.6263,0.4066,,122363072,395031,-130930,527266,-227380,-0.02%,-0.07%,-0.10%,,-1.427%,0.021%,0.015%,1.551%,-0.117%,,,
8/06/2021,587640974,628192320,891720359,3950830,393885296,0.4417,0.627,0.4076,,-70758456,-130757,-130879,71588,-5863857,-0.65%,-0.92%,-0.65%,,-17.234%,-0.063%,0.015%,-11.774%,0.058%,,,
9/06/2021,658399430,628323077,891851238,3879242,399749153,0.4482,0.6362,0.4141,,28456110,-131234,-131234,-17607,310763,0.04%,0.06%,0.04%,,12.041%,0.021%,0.015%,-1.812%,1.489%,,,
10/06/2021,629943320,628454311,891982472,3896849,399438390,0.4478,0.6356,0.4137,,54846253,-129842,-130138,-75198,-523746,-0.05%,-0.07%,-0.05%,,-4.322%,0.021%,0.015%,0.454%,-0.078%,,,
11/06/2021,575097067,628584153,892112610,3972047,399962136,0.4483,0.6363,0.4142,,6178642,-130557,-130680,-4543,-403981,-0.04%,-0.05%,-0.05%,,-8.707%,0.021%,0.015%,1.930%,0.131%,,,
12/06/2021,568918425,628714710,892243290,3976590,400366117,0.4487,0.6368,0.4147,,-2644739,-130813,-130977,-85043,187513,0.03%,0.04%,0.03%,,-1.074%,0.021%,0.015%,0.114%,0.101%,,,
13/06/2021,571563164,628845523,892374267,4061633,400178604,0.4484,0.6364,0.4144,,-39076329,-130895,-130960,24917,-364282,-0.04%,-0.04%,-0.04%,,0.465%,0.021%,0.015%,2.139%,-0.047%,,,
14/06/2021,610639493,628976418,892505227,4036716,400542886,0.4488,0.6368,0.4148,,-102064128,-131172,-131172,-2354,123889,0.02%,0.03%,0.03%,,6.837%,0.021%,0.015%,-0.613%,0.091%,,,
15/06/2021,712703621,629107590,892636399,4039070,400418997,0.4486,0.6365,0.4145,,63496374,-5131387,-131387,-7075,-375831,-0.03%,0.46%,-0.03%,,16.714%,0.021%,0.015%,0.058%,-0.031%,,,
16/06/2021,649207247,634238977,892767786,4046145,400794828,0.4489,0.6319,0.4148,,-45048928,-131094,-131397,-89748,-885084,-0.10%,-0.13%,-0.10%,,-8.909%,0.816%,0.015%,0.175%,0.094%,,,
17/06/2021,694256175,634370071,892899183,4135893,401679912,0.4499,0.6332,0.4158,,66078683,-196844,-164142,26847,-457660,-0.04%,-0.05%,-0.04%,,6.939%,0.021%,0.015%,2.218%,0.221%,,,
18/06/2021,628177492,634566915,893063325,4109046,402137572,0.4503,0.6337,0.4162,,-7396779,-98203,-98469,-72063,393035,0.05%,0.07%,0.04%,,-9.518%,0.031%,0.018%,-0.649%,0.114%,,,
19/06/2021,635574271,634665118,893161794,4181109,401744537,0.4498,0.633,0.4158,,43810914,-98402,-130969,-43988,2026908,0.23%,0.33%,0.24%,,1.177%,0.015%,0.011%,1.754%,-0.098%,,,
20/06/2021,591763357,634763520,893292763,4225097,399717629,0.4475,0.6297,0.4134,,71910573,525739,-130124,-45861,-1549133,-0.16%,-0.30%,-0.17%,,-6.893%,0.016%,0.015%,1.052%,-0.505%,,,
21/06/2021,519852784,634237781,893422887,4270958,401266762,0.4491,0.6327,0.4151,,56378883,2066691,-130965,-24734,-1446152,-0.16%,-0.43%,-0.15%,,-12.152%,-0.083%,0.015%,1.085%,0.388%,,,
22/06/2021,463473901,632171090,893553852,4295692,402712914,0.4507,0.637,0.4166,,-24990972,-130617,-131354,45995,-237802,-0.02%,-0.03%,-0.02%,,-10.845%,-0.326%,0.015%,0.579%,0.360%,,,
23/06/2021,488464873,632301707,893685206,4249697,402950716,0.4509,0.6373,0.4168,,-21762812,-131159,-131288,-38204,-758127,-0.08%,-0.10%,-0.07%,,5.392%,0.021%,0.015%,-1.071%,0.059%,,,
24/06/2021,510227685,632432866,893816494,4287901,403708843,0.4517,0.6383,0.4175,,52680362,-130909,-131059,-93534,41603,0.01%,0.02%,0.01%,,4.455%,0.021%,0.015%,0.899%,0.188%,,,
25/06/2021,457547323,632563775,893947553,4381435,403667240,0.4516,0.6381,0.4174,,14252567,-131782,-131840,-30501,-949056,-0.10%,-0.14%,-0.09%,,-10.325%,0.021%,0.015%,2.181%,-0.010%,,,
26/06/2021,443294756,632695557,894079393,4411936,404616296,0.4526,0.6395,0.4183,,-2910287,-8010785,-131717,-65696,3104847,0.36%,1.28%,0.35%,,-3.115%,0.021%,0.015%,0.696%,0.235%,,,
27/06/2021,446205043,640706342,894211110,4477632,401511449,0.449,0.6267,0.4148,,-35324456,400687,-131055,521240,-338364,-0.03%,-0.09%,-0.04%,,0.657%,1.266%,0.015%,1.489%,-0.767%,,,
28/06/2021,481529499,640305655,894342165,3956392,401849813,0.4493,0.6276,0.4152,,-58714338,2444625,-131718,-76855,-2969196,-0.33%,-0.71%,-0.31%,,7.917%,-0.063%,0.015%,-11.641%,0.084%,,,
29/06/2021,540243837,637861030,894473883,4033247,404819009,0.4526,0.6347,0.4183,,45533553,171121,-129248,4407,-498512,-0.05%,-0.09%,-0.06%,,12.193%,-0.382%,0.015%,1.943%,0.739%,,,
30/06/2021,494710284,637689909,894603131,4028840,405317521,0.4531,0.6356,0.4189,,-9902297,116909,-131535,-27344,-212870,-0.01%,-0.05%,-0.01%,,-8.428%,-0.027%,0.014%,-0.109%,0.123%,,,
1/07/2021,504612581,637573000,894734666,4056184,405530391,0.4532,0.6361,0.419,,-8084548,-130417,-130719,-15499,-831172,-0.09%,-0.11%,-0.06%,,2.002%,-0.018%,0.015%,0.679%,0.053%,,,
2/07/2021,512697129,637703417,894865385,4071683,406361563,0.4541,0.6372,0.4196,,-16342042,-131414,-131505,-83041,558422,0.07%,0.10%,0.04%,,1.602%,0.020%,0.015%,0.382%,0.205%,,,
3/07/2021,529039171,637834831,894996890,4154724,405803141,0.4534,0.6362,0.4192,,-15409138,-131270,-131457,-14360,-1007057,-0.11%,-0.15%,-0.11%,,3.187%,0.021%,0.015%,2.039%,-0.137%,,,
4/07/2021,544448309,637966101,895128347,4169084,406810198,0.4545,0.6377,0.4203,,16058620,-131502,-131501,-63150,-260655,-0.02%,-0.02%,-0.03%,,2.913%,0.021%,0.015%,0.346%,0.248%,,,
5/07/2021,528389689,638097603,895259848,4232234,407070853,0.4547,0.6379,0.4206,,-28668206,-131143,-131212,1753,-688533,-0.07%,-0.10%,-0.06%,,-2.950%,0.021%,0.015%,1.515%,0.064%,,,
6/07/2021,557057895,638228746,895391060,4230481,407759386,0.4554,0.6389,0.4212,,-49745058,-131060,-131201,-42843,-421087,-0.04%,-0.05%,-0.04%,,5.426%,0.021%,0.015%,-0.041%,0.169%,,,
7/07/2021,606802953,638359806,895522261,4273324,408180473,0.4558,0.6394,0.4216,,-22252842,-130745,-131087,3053,-449514,-0.04%,-0.06%,-0.04%,,8.930%,0.021%,0.015%,1.013%,0.103%,,,
8/07/2021,629055795,638490551,895653348,4270271,408629987,0.4562,0.64,0.422,,22967156,-128628,-128701,-6462,571395,0.07%,0.10%,0.07%,,3.667%,0.020%,0.015%,-0.071%,0.110%,,,
9/07/2021,606088639,638619179,895782049,4276733,408058592,0.4555,0.639,0.4213,,14582114,-162766,-162918,-49306,-282633,-0.03%,-0.02%,-0.02%,,-3.651%,0.020%,0.014%,0.151%,-0.140%,,,
10/07/2021,591506525,638781945,895944967,4326039,408341225,0.4558,0.6392,0.4215,,4721195,-97652,-97720,-68645,-408837,-0.04%,-0.06%,-0.04%,,-2.406%,0.025%,0.018%,1.153%,0.069%,,,
11/07/2021,586785330,638879597,896042687,4394684,408750062,0.4562,0.6398,0.4219,,8799035,-98730,-128141,4218,-996575,-0.10%,-0.15%,-0.36%,,-0.798%,0.015%,0.011%,1.587%,0.100%,,,
12/07/2021,577986295,638978327,896170828,4390466,409746637,0.4572,0.6413,0.4255,,22357610,13153,-130877,-70140,-658836,-0.07%,-0.10%,-0.18%,,-1.500%,0.015%,0.014%,-0.096%,0.244%,,,
13/07/2021,555628685,638965174,896301705,4460606,410405473,0.4579,0.6423,0.4273,,29399815,-130872,-130871,-10751,-437145,-0.04%,-0.05%,-0.05%,,-3.868%,-0.002%,0.015%,1.598%,0.161%,,,
14/07/2021,526228870,639096046,896432576,4471357,410842618,0.4583,0.6428,0.4278,,34460900,-130426,-130426,-94742,-480595,-0.05%,-0.07%,-0.02%,,-5.291%,0.020%,0.015%,0.241%,0.107%,,,
15/07/2021,491767970,639226472,896563002,4566099,411323213,0.4588,0.6435,0.428,,22158769,-163521,-163522,-59275,59718,0.02%,0.03%,0.03%,,-6.549%,0.020%,0.015%,2.119%,0.117%,,,
16/07/2021,469609201,639389993,896726524,4625374,411263495,0.4586,0.6432,0.4277,,-33723863,-97953,-98360,-70826,-951170,-0.10%,-0.14%,-0.11%,,-4.506%,0.026%,0.018%,1.298%,-0.015%,,,
17/07/2021,503333064,639487946,896824884,4696200,412214665,0.4596,0.6446,0.4288,,12147850,-130751,-130795,-33111,-791783,-0.09%,-0.11%,-0.07%,,7.181%,0.015%,0.011%,1.531%,0.231%,,,
18/07/2021,491185214,639618697,896955679,4729311,413006448,0.4605,0.6457,0.4295,,22861763,-130817,-130843,-59214,-33121,0.01%,0.01%,-0.01%,,-2.413%,0.020%,0.015%,0.705%,0.192%,,,
19/07/2021,468323451,639749514,897086522,4788525,413039569,0.4604,0.6456,0.4296,,34588509,-130154,-130221,-21320,-1637983,-0.18%,-0.25%,-0.19%,,-4.654%,0.020%,0.015%,1.252%,0.008%,,,
20/07/2021,433734942,639879668,897216743,4809845,414677552,0.4622,0.6481,0.4315,,-35348102,-129509,-129733,-43379,195802,0.03%,0.05%,0.02%,,-7.386%,0.020%,0.015%,0.445%,0.397%,,,
21/07/2021,469083044,640009177,897346476,4853224,414481750,0.4619,0.6476,0.4313,,-25738950,-129212,-129503,-24948,75866,0.02%,0.02%,0.02%,,8.150%,0.020%,0.014%,0.902%,-0.047%,,,
22/07/2021,494821994,640138389,897475979,4878172,414405884,0.4617,0.6474,0.4311,,13435288,-175417,-130417,-79750,-752637,-0.08%,-0.10%,-0.08%,,5.487%,0.020%,0.014%,0.514%,-0.018%,,,
23/07/2021,481386706,640313806,897606396,4957922,415158521,0.4625,0.6484,0.4319,,-43528503,-130419,-130703,-22974,-1643856,-0.18%,-0.24%,-0.18%,,-2.715%,0.027%,0.015%,1.635%,0.182%,,,
24/07/2021,524915209,640444225,897737099,4980896,416802377,0.4643,0.6508,0.4337,,6369685,-5620970,-130349,-86140,4810956,0.54%,1.31%,0.55%,,9.042%,0.020%,0.015%,0.463%,0.396%,,,
25/07/2021,518545524,646065195,897867448,5067036,411991421,0.4589,0.6377,0.4282,,-46960376,-128327,-128591,456001,-251987,-0.02%,-0.03%,-0.02%,,-1.213%,0.878%,0.015%,1.729%,-1.154%,,,
26/07/2021,565505900,646193522,897996039,4611035,412243408,0.4591,0.638,0.4284,,24457829,-130366,-130366,-76360,-546203,-0.05%,-0.07%,-0.07%,,9.056%,0.020%,0.014%,-8.999%,0.061%,,,
27/07/2021,541048071,646323888,898126405,4687395,412789611,0.4596,0.6387,0.4291,,-24888506,-2297295,-130629,-34999,-110151,-0.01%,0.21%,0.00%,,-4.325%,0.020%,0.015%,1.656%,0.132%,,,
28/07/2021,565936577,648621183,898257034,4722394,412899762,0.459666667,0.6366,0.429133333,,-24888507,-2297295,-130629,-34999,-110151,-0.01%,0.21%,0.00%,,4.600%,0.355%,0.015%,0.747%,0.027%,,,
29/07/2021,590825084,650918478,898387663,4757393,413009913,0.459733333,0.6345,0.429166667,,-24888507,-2297295,-130629,-34999,-110151,-0.01%,0.21%,0.00%,,4.398%,0.354%,0.015%,0.741%,0.027%,,,
30/07/2021,615713591,653215773,898518292,4792392,413120064,0.4598,0.6324,0.4292,,-29776508,-267339,-131247,-18915,-1132309,-0.12%,-0.15%,-0.12%,,4.213%,0.353%,0.015%,0.736%,0.027%,,,
31/07/2021,645490099,653483112,898649539,4811307,414252373,0.461,0.6339,0.4304,,-7031396,-131173,-131233,-12399,-355565,-0.03%,-0.04%,-0.03%,,4.836%,0.041%,0.015%,0.395%,0.274%,,,
1/08/2021,652521495,653614285,898780772,4823706,414607938,0.4613,0.6343,0.43075,,-7031397,-131173,-131233,-12399,-355566,-0.03%,-0.04%,-0.04%,,1.089%,0.020%,0.015%,0.258%,0.086%,,,
2/08/2021,659552892,653745458,898912005,4836105,414963504,0.4616,0.6347,0.4311,,-1706401,-131150,-131202,-14276,-343899,-0.03%,-0.04%,-0.05%,,1.078%,0.020%,0.015%,0.257%,0.086%,,,
3/08/2021,661259293,653876608,899043207,4850381,415307403,0.4619,0.6351,0.4316,,-12181376,-130996,-131114,-62882,-142161,-0.01%,-0.01%,0.00%,,0.259%,0.020%,0.015%,0.295%,0.083%,,,
4/08/2021,673440669,654007604,899174321,4913263,415449564,0.462,0.6352,0.4316,,-21848918,-131012,-131159,-28196,-166977,-0.02%,-0.02%,-0.02%,,1.842%,0.020%,0.015%,1.296%,0.034%,,,
5/08/2021,695289587,654138616,899305480,4941459,415616541,0.4622,0.6354,0.4318,,-15654792,-131055,-131054,-71365,-255471,-0.02%,-0.02%,-0.05%,,3.244%,0.020%,0.015%,0.574%,0.040%,,,
6/08/2021,710944379,654269671,899436534,5012824,415872012,0.4624,0.6356,0.4323,,-3903675,-131161,-131162,-22994,645503,0.08%,0.11%,0.08%,,2.252%,0.020%,0.015%,1.444%,0.061%,,,
7/08/2021,714848054,654400832,899567696,5035818,415226509,0.4616,0.6345,0.4315,,16852377,-131345,-131505,-61438,278361,0.04%,0.05%,0.03%,,0.549%,0.020%,0.015%,0.459%,-0.155%,,,
8/08/2021,697995677,654532177,899699201,5097256,414948148,0.4612,0.634,0.4312,,-20497370,-130961,-131138,3974,-2581918,-0.28%,-0.38%,-0.27%,,-2.357%,0.020%,0.015%,1.220%,-0.067%,,,
9/08/2021,718493047,654663138,899830339,5093282,417530066,0.464,0.6378,0.4339,,1687353,-161922,-131923,6501,-570141,-0.06%,-0.07%,-0.06%,,2.937%,0.020%,0.015%,-0.078%,0.622%,,,
10/08/2021,716805694,654825060,899962262,5086781,418100207,0.4646,0.6385,0.4345,,-68986260,-130485,-130785,-22083,-309764,-0.03%,-0.03%,-0.03%,,-0.235%,0.025%,0.015%,-0.128%,0.137%,,,
11/08/2021,785791954,654955545,900093047,5108864,418409971,0.4649,0.6388,0.4348,,56123601,-130953,-130957,-79871,-747603,-0.07%,-0.11%,-0.08%,,9.624%,0.020%,0.015%,0.434%,0.074%,,,
12/08/2021,729668353,655086498,900224004,5188735,419157574,0.4656,0.6399,0.4356,,-47873652,-131040,-131321,-33095,-2891926,-0.32%,-0.42%,-0.31%,,-7.142%,0.020%,0.015%,1.563%,0.179%,,,
13/08/2021,777542005,655217538,900355325,5221830,422049500,0.4688,0.6441,0.4387,,-33803908,-130500,-130662,-48675,-1776365,-0.19%,-0.26%,-0.19%,,6.561%,0.020%,0.015%,0.638%,0.690%,,,
14/08/2021,811345913,655348038,900485987,5270505,423825865,0.4707,0.6467,0.4406,,8516365,-130041,-130380,-83694,3037218,0.35%,0.47%,0.34%,,4.348%,0.020%,0.015%,0.932%,0.421%,,,
15/08/2021,802829548,655478079,900616367,5354199,420788647,0.4672,0.642,0.4372,,-83992067,-130628,-130752,10902,262902,0.03%,0.06%,0.04%,,-1.050%,0.020%,0.014%,1.588%,-0.717%,,,
16/08/2021,886821615,655608707,900747119,5343297,420525745,0.4669,0.6414,0.4368,,59803366,-129937,-130043,-63919,1969934,0.23%,0.31%,0.22%,,10.462%,0.020%,0.015%,-0.204%,-0.062%,,,
17/08/2021,827018249,655738644,900877162,5407216,418555811,0.4646,0.6383,0.4346,,40280123,-130767,-130911,-15733,452943,0.06%,0.08%,0.06%,,-6.744%,0.020%,0.014%,1.196%,-0.468%,,,
18/08/2021,786738126,655869411,901008073,5422949,418102868,0.464,0.6375,0.434,,-8751623,-130876,-130927,-78502,24363,0.01%,0.02%,0.01%,,-4.871%,0.020%,0.015%,0.291%,-0.108%,,,
19/08/2021,795489749,656000287,901139000,5501451,418078505,0.4639,0.6373,0.4339,,-48220485,7356349,-131253,-24366,-179060,-0.02%,-0.75%,-0.01%,,1.112%,0.020%,0.015%,1.448%,-0.006%,,,
20/08/2021,843710234,648643938,901270253,5525817,418257565,0.4641,0.6448,0.434,,-72024490,-131196,-131195,-68557,-214429,-0.01%,-0.02%,-0.02%,,6.062%,-1.121%,0.015%,0.443%,0.043%,,,
21/08/2021,915734724,648775134,901401448,5594374,418471994,0.4642,0.645,0.4342,,-54719113,-163980,-164051,-30672,1051155,0.12%,0.18%,0.14%,,8.537%,0.020%,0.015%,1.241%,0.051%,,,
22/08/2021,970453837,648939114,901565499,5625046,417420839,0.463,0.6432,0.4328,,-38378209,-98239,-98348,367032,280975,0.04%,0.05%,0.04%,,5.975%,0.025%,0.018%,0.548%,-0.251%,,,
23/08/2021,1008832046,649037353,901663847,5258014,417139864,0.4626,0.6427,0.4324,,68824723,-131407,-131416,103291,-5029142,-0.55%,-0.76%,-0.55%,,3.955%,0.015%,0.011%,-6.525%,-0.067%,,,
24/08/2021,940007323,649168760,901795263,5154723,422169006,0.4681,0.6503,0.4379,,-57699181,-10159160,-132434,-73759,-12554406,-1.39%,-0.90%,-1.39%,,-6.822%,0.020%,0.015%,-1.964%,1.206%,,,
25/08/2021,997706504,659327920,901927697,5228482,434723412,0.482,0.6593,0.4518,,111062112,-129048,-130640,-30525,-7537319,-0.83%,-1.13%,-0.84%,,6.138%,1.565%,0.015%,1.431%,2.974%,,,
26/08/2021,886644392,659456968,902058337,5259007,442260731,0.4903,0.6706,0.4602,,-14906873,-128714,-128842,-69470,-1098342,-0.11%,-0.16%,-0.11%,,-11.132%,0.020%,0.014%,0.584%,1.734%,,,
27/08/2021,901551265,659585682,902187179,5328477,443359073,0.4914,0.6722,0.4613,,-23877002,-128752,-128852,-33715,-1517964,-0.16%,-0.21%,-0.16%,,1.681%,0.020%,0.014%,1.321%,0.248%,,,
28/08/2021,925428267,659714434,902316031,5362192,444877037,0.493,0.6743,0.4629,,2590317,-5128485,-128518,-86182,-952147,-0.10%,0.37%,-0.09%,,2.648%,0.020%,0.014%,0.633%,0.342%,,,
29/08/2021,922837950,664842919,902444549,5448374,445829184,0.494,0.6706,0.4638,,9037385,-128499,-128637,16619,-236194,-0.02%,-0.02%,-0.02%,,-0.280%,0.777%,0.014%,1.607%,0.214%,,,
30/08/2021,913800565,664971418,902573186,5431755,446065378,0.4942,0.6708,0.464,,34502119,-127570,-127570,-31651,-2866433,-0.31%,-0.42%,-0.30%,,-0.979%,0.019%,0.014%,-0.305%,0.053%,,,
31/08/2021,879298446,665098988,902700756,5463406,448931811,0.4973,0.675,0.467,,-65650579,-126583,-126593,46909,-817911,-0.09%,-0.11%,-0.10%,,-3.776%,0.019%,0.014%,0.583%,0.643%,,,
1/09/2021,944949025,665225571,902827349,5416497,449749722,0.4982,0.6761,0.468,,-9634987,-126257,-126256,-75117,-1217472,-0.12%,-0.17%,-0.13%,,7.466%,0.019%,0.014%,-0.859%,0.182%,,,
2/09/2021,954584012,665351828,902953605,5491614,450967194,0.4994,0.6778,0.4693,,-95087317,-126652,-126783,-1235,-2138356,-0.23%,-0.31%,-0.23%,,1.020%,0.019%,0.014%,1.387%,0.271%,,,
3/09/2021,1049671329,665478480,903080388,5492849,453105550,0.5017,0.6809,0.4716,,-9203344,-126949,-126988,-79233,-102910,-0.01%,0.00%,-0.01%,,9.961%,0.019%,0.014%,0.022%,0.474%,,,
4/09/2021,1058874673,665605429,903207376,5572082,453208460,0.5018,0.6809,0.4717,,-86216177,-5126902,-126903,296225,-6000723,-0.65%,-0.37%,-0.66%,,0.877%,0.019%,0.014%,1.442%,0.023%,,,
5/09/2021,1145090850,670732331,903334279,5275857,459209183,0.5083,0.6846,0.4783,,-19114265,-126190,-126262,-51324,-752987,-0.08%,-0.10%,-0.08%,,8.142%,0.770%,0.014%,-5.316%,1.324%,,,
6/09/2021,1164205115,670858521,903460541,5327181,459962170,0.5091,0.6856,0.4791,,223936918,-125567,-125568,-11157,-1606865,-0.17%,-0.23%,-0.17%,,1.669%,0.019%,0.014%,0.973%,0.164%,,,
7/09/2021,940268197,670984088,903586109,5338338,461569035,0.5108,0.6879,0.4808,,30300528,-287880,-125580,-82965,-2275612,-0.25%,-0.31%,-0.24%,,-19.235%,0.019%,0.014%,0.209%,0.349%,,,
8/09/2021,909967669,671271968,903711689,5421303,463844647,0.5133,0.691,0.4832,,-161759956,-125711,-125838,-66831,3845,0.01%,0.01%,0.00%,,-3.223%,0.043%,0.014%,1.554%,0.493%,,,
9/09/2021,1071727625,671397679,903837527,5488134,463840802,0.5132,0.6909,0.4832,,-180222320,-125287,-125531,-18668,3416335,0.39%,0.53%,0.39%,,17.776%,0.019%,0.014%,1.233%,-0.001%,,,
10/09/2021,1251949945,671522966,903963058,5506802,460424467,0.5093,0.6856,0.4793,,35319220,-152386,-126414,-29607,-624292,-0.07%,-0.08%,-0.06%,,16.816%,0.019%,0.014%,0.340%,-0.737%,,,
11/09/2021,1216630725,671675352,904089472,5536409,461048759,0.51,0.6864,0.4799,,75416760,2398617,-126211,-84454,12538790,1.40%,1.63%,1.38%,,-2.821%,0.023%,0.014%,0.538%,0.136%,,,
12/09/2021,1141213965,669276735,904215683,5620863,448509969,0.496,0.6701,0.4661,,-80059753,-130983,-126572,-2012,517730,0.06%,0.09%,0.06%,,-6.199%,-0.357%,0.014%,1.525%,-2.720%,,,
13/09/2021,1221273718,669407718,904342255,5622875,447992239,0.4954,0.6692,0.4655,,-99090045,-125886,-125988,1133,426637,0.06%,0.07%,0.05%,,7.015%,0.020%,0.014%,0.036%,-0.115%,,,
14/09/2021,1320363763,669533604,904468243,5621742,447565602,0.4948,0.6685,0.465,,-132024357,-127960,-128054,8056,282654,0.03%,0.06%,0.04%,,8.114%,0.019%,0.014%,-0.020%,-0.095%,,,
15/09/2021,1452388120,669661564,904596297,5613686,447282948,0.4945,0.6679,0.4646,,81288944,-127875,-127924,-34692,1120625,0.14%,0.18%,0.12%,,9.999%,0.019%,0.014%,-0.143%,-0.063%,,,
16/09/2021,1371099176,669789439,904724221,5648378,446162323,0.4931,0.6661,0.4634,,81690770,-125681,-125724,-4688,-799751,-0.09%,-0.11%,-0.08%,,-5.597%,0.019%,0.014%,0.618%,-0.251%,,,
17/09/2021,1289408406,669915120,904849945,5653066,446962074,0.494,0.6672,0.4642,,8253536,-128600,-128619,12369,-1325820,-0.14%,-0.18%,-0.15%,,-5.958%,0.019%,0.014%,0.083%,0.179%,,,
18/09/2021,1281154870,670043720,904978564,5640697,448287894,0.4954,0.669,0.4657,,52041442,-128185,-128456,-28056,-1272351,-0.13%,-0.18%,-0.13%,,-0.640%,0.019%,0.014%,-0.219%,0.297%,,,
19/09/2021,1229113428,670171905,905107020,5668753,449560245,0.4967,0.6708,0.467,,95807200,7932521,-127375,-74687,2735181,0.31%,-0.39%,0.31%,,-4.062%,0.019%,0.014%,0.497%,0.284%,,,
20/09/2021,1133306228,662239384,905234395,5743440,446825064,0.4936,0.6747,0.4639,,104102571,-127908,-128010,-13295,-97975,0.00%,0.00%,-0.01%,,-7.795%,-1.184%,0.014%,1.318%,-0.608%,,,
21/09/2021,1029203657,662367292,905362405,5756735,446923039,0.4936,0.6747,0.464,,-20269551,-127763,-127933,-61132,-164204,-0.02%,-0.02%,-0.01%,,-9.186%,0.019%,0.014%,0.231%,0.022%,,,
22/09/2021,1049473208,662495055,905490338,5817867,447087243,0.4938,0.6749,0.4641,,-69086353,-128300,-128360,25643,1990413,0.23%,0.32%,0.24%,,1.969%,0.019%,0.014%,1.062%,0.037%,,,
23/09/2021,1118559561,662623355,905618698,5792224,445096830,0.4915,0.6717,0.4617,,86161456,-128179,-128197,-96669,361999,0.05%,0.07%,0.04%,,6.583%,0.019%,0.014%,-0.441%,-0.445%,,,
24/09/2021,1032398105,662751534,905746895,5888893,444734831,0.491,0.671,0.4613,,5527846,-128806,-128806,-31161,1187312,0.14%,0.19%,0.17%,,-7.703%,0.019%,0.014%,1.669%,-0.081%,,,
25/09/2021,1026870259,662880340,905875701,5920054,443547519,0.4896,0.6691,0.4596,,-84026144,-8129011,-129049,-45530,-4123106,-0.45%,0.19%,-0.46%,,-0.535%,0.019%,0.014%,0.529%,-0.267%,,,
26/09/2021,1110896403,671009351,906004750,5965584,447670625,0.4941,0.6672,0.4642,,79004177,-129011,-129012,464565,508339,0.06%,0.09%,0.06%,,8.183%,1.226%,0.014%,0.769%,0.930%,,,
27/09/2021,1031892226,671138362,906133762,5501019,447162286,0.4935,0.6663,0.4636,,74997670,-128490,-128594,-72455,-671923,-0.07%,-0.08%,-0.06%,,-7.112%,0.019%,0.014%,-7.787%,-0.114%,,,
28/09/2021,956894556,671266852,906262356,5573474,447834209,0.4942,0.6671,0.4642,,-10138670,508884,-128790,613735,644159,0.08%,0.04%,0.07%,,-7.268%,0.019%,0.014%,1.317%,0.150%,,,
29/09/2021,967033226,670757968,906391146,4959739,447190050,0.4934,0.6667,0.4635,,-53875587,-128620,-128621,-57122,-628458,-0.06%,-0.08%,-0.06%,,1.060%,-0.076%,0.014%,-11.012%,-0.144%,,,
30/09/2021,1020908813,670886588,906519767,5016861,447818508,0.494,0.6675,0.4641,,-257156363,-128436,-128463,35221,2119955,0.24%,0.33%,0.24%,,5.571%,0.019%,0.014%,1.152%,0.141%,,,
1/10/2021,1278065176,671015024,906648230,4981640,445698553,0.4916,0.6642,0.4617,,-77906986,-128520,-128519,36718,450023,0.06%,0.08%,0.06%,,25.189%,0.019%,0.014%,-0.702%,-0.473%,,,
2/10/2021,1355972162,671143544,906776749,4944922,445248530,0.491,0.6634,0.4611,,-90577617,-128575,-128575,17953,1830514,0.21%,0.28%,0.22%,,6.096%,0.019%,0.014%,-0.737%,-0.101%,,,
3/10/2021,1446549779,671272119,906905324,4926969,443418016,0.4889,0.6606,0.4589,,-18265924,-126449,-126449,-28828,-1530351,-0.17%,-0.21%,-0.16%,,6.680%,0.019%,0.014%,-0.363%,-0.411%,,,
4/10/2021,1464815703,671398568,907031773,4955797,444948367,0.4906,0.6627,0.4605,,-51887783,-128451,-128452,2815,1267455,0.15%,0.20%,0.15%,,1.263%,0.019%,0.014%,0.585%,0.345%,,,
5/10/2021,1516703486,671527019,907160225,4952982,443680912,0.4891,0.6607,0.459,,-8836953,-127102,-127101,32930,675215,0.08%,0.11%,0.09%,,3.542%,0.019%,0.014%,-0.057%,-0.285%,,,
6/10/2021,1525540439,671654121,907287326,4920052,443005697,0.4883,0.6596,0.4581,,104973396,-127264,-127265,-52136,-248895,-0.02%,-0.02%,-0.03%,,0.583%,0.019%,0.014%,-0.665%,-0.152%,,,
7/10/2021,1420567043,671781385,907414591,4972188,443254592,0.4885,0.6598,0.4584,,-44286782,-128161,-128160,-34045,-322839,-0.03%,-0.04%,-0.02%,,-6.881%,0.019%,0.014%,1.060%,0.056%,,,
8/10/2021,1464853825,671909546,907542751,5006233,443577431,0.4888,0.6602,0.4586,,21992346,-128079,-128307,-56882,-650761,-0.06%,-0.08%,-0.04%,,3.118%,0.019%,0.014%,0.685%,0.073%,,,
9/10/2021,1442861479,672037625,907671058,5063115,444228192,0.4894,0.661,0.459,,-9754783,-127156,-127181,-29434,1318349,0.15%,0.21%,0.04%,,-1.501%,0.019%,0.014%,1.136%,0.147%,,,
10/10/2021,1452616262,672164781,907798239,5092549,442909843,0.4879,0.6589,0.4586,,-12467884,-127015,-127015,-33236,-433447,-0.04%,-0.06%,-0.04%,,0.676%,0.019%,0.014%,0.581%,-0.297%,,,
11/10/2021,1465084146,672291796,907925254,5125785,443343290,0.4883,0.6595,0.459,,107012536,-127023,-127023,-45081,-66381,0.00%,0.01%,0.00%,,0.858%,0.019%,0.014%,0.653%,0.098%,,,
12/10/2021,1358071610,672418819,908052277,5170866,443409671,0.4883,0.6594,0.459,,-71991918,-127167,-127167,-36369,411665,0.05%,0.07%,0.05%,,-7.304%,0.019%,0.014%,0.879%,0.015%,,,
13/10/2021,1430063528,672545986,908179444,5207235,442998006,0.4878,0.6587,0.4585,,18013238,-128242,-128242,-33985,-432305,-0.04%,-0.05%,-0.05%,,5.301%,0.019%,0.014%,0.703%,-0.093%,,,
14/10/2021,1412050290,672674228,908307686,5241220,443430311,0.4882,0.6592,0.459,,52059817,-127524,-127685,-30072,-911359,-0.09%,-0.12%,-0.10%,,-1.260%,0.019%,0.014%,0.653%,0.098%,,,
15/10/2021,1359990473,672801752,908435371,5271292,444341670,0.4891,0.6604,0.46,,-3565137,-127405,-127464,-46266,-838638,-0.09%,-0.12%,-0.12%,,-3.687%,0.019%,0.014%,0.574%,0.206%,,,
16/10/2021,1363555610,672929157,908562835,5317558,445180308,0.49,0.6616,0.4612,,28765876,53125,-127415,102826,5764904,0.64%,0.86%,0.65%,,0.262%,0.019%,0.014%,0.878%,0.189%,,,
17/10/2021,1334789734,672876032,908690250,5214732,439415404,0.4836,0.653,0.4547,,-20358855,-126197,-126269,-29816,158501,0.03%,0.03%,0.02%,,-2.110%,-0.008%,0.014%,-1.934%,-1.295%,,,
18/10/2021,1355148589,673002229,908816519,5244548,439256903,0.4833,0.6527,0.4545,,-50696625,-125862,-125877,-53329,119811,0.02%,0.03%,0.02%,,1.525%,0.019%,0.014%,0.572%,-0.036%,,,
19/10/2021,1405845214,673128091,908942396,5297877,439137092,0.4831,0.6524,0.4543,,-5015581,-123283,-123331,-44096,-112523,-0.01%,0.00%,-0.01%,,3.741%,0.019%,0.014%,1.017%,-0.027%,,,
20/10/2021,1410860795,673251374,909065727,5341973,439249615,0.4832,0.6524,0.4544,,43712193,-123254,-123298,-52504,86902,0.02%,0.02%,0.01%,,0.357%,0.018%,0.014%,0.832%,0.026%,,,
21/10/2021,1367148602,673374628,909189025,5394477,439162713,0.483,0.6522,0.4543,,-22642553,-122525,-122525,-35559,576995,0.07%,0.10%,0.11%,,-3.098%,0.018%,0.014%,0.983%,-0.020%,,,
22/10/2021,1389791155,673497153,909311550,5430036,438585718,0.4823,0.6512,0.4532,,3776438,-123490,-123832,-41061,415583,0.05%,0.07%,0.05%,,1.656%,0.018%,0.013%,0.659%,-0.131%,,,
23/10/2021,1386014717,673620643,909435382,5471097,438170135,0.4818,0.6505,0.4527,,37783190,2138054,-124351,-60697,198758,0.03%,-0.17%,0.03%,,-0.272%,0.018%,0.014%,0.756%,-0.095%,,,
24/10/2021,1348231527,671482589,909559733,5531794,437971377,0.4815,0.6522,0.4524,,-55365882,-127153,-127153,331191,-530354,-0.05%,-0.07%,-0.06%,,-2.726%,-0.317%,0.014%,1.109%,-0.045%,,,
25/10/2021,1403597409,671609742,909686886,5200603,438501731,0.482,0.6529,0.453,,7338370,-472833,-123152,74087,-99030,-0.01%,0.03%,-0.01%,,4.107%,0.019%,0.014%,-5.987%,0.121%,,,
26/10/2021,1396259039,672082575,909810038,5126516,438600761,0.4821,0.6526,0.4531,,131793269,-123682,-123736,-48758,-959485,-0.10%,-0.13%,-0.09%,,-0.523%,0.070%,0.014%,-1.425%,0.023%,,,
27/10/2021,1264465770,672206257,909933774,5175274,439560246,0.4831,0.6539,0.454,,-41869414,-125773,-125886,-45493,-500986,-0.05%,-0.06%,-0.05%,,-9.439%,0.018%,0.014%,0.951%,0.219%,,,
28/10/2021,1306335184,672332030,910059660,5220767,440061232,0.4836,0.6545,0.4545,,-96029805,-127738,-127737,-20099,410037,0.06%,0.07%,0.03%,,3.311%,0.019%,0.014%,0.879%,0.114%,,,
29/10/2021,1402364989,672459768,910187397,5240866,439651195,0.483,0.6538,0.4542,,-70986722,-128272,-128272,-20730,-82603,-0.01%,0.00%,0.00%,,7.351%,0.019%,0.014%,0.385%,-0.093%,,,
30/10/2021,1473351711,672588040,910315669,5261596,439733798,0.4831,0.6538,0.4542,,-39399258,-125625,-125769,-37504,281116,0.04%,0.05%,0.04%,,5.062%,0.019%,0.014%,0.396%,0.019%,,,
31/10/2021,1512750969,672713665,910441438,5299100,439452682,0.4827,0.6533,0.4538,,-32773693,-127174,-127179,9145,959968,0.11%,0.16%,0.11%,,2.674%,0.019%,0.014%,0.713%,-0.064%,,,
1/11/2021,1545524662,672840839,910568617,5289955,438492714,0.4816,0.6517,0.4527,,-108905773,-127267,-127269,-2075,1257781,0.15%,0.20%,0.15%,,2.166%,0.019%,0.014%,-0.173%,-0.218%,,,
2/11/2021,1654430435,672968106,910695886,5292030,437234933,0.4801,0.6497,0.4512,,145368250,-114339,-114339,-28784,55623,0.01%,0.02%,0.00%,,7.047%,0.019%,0.014%,0.039%,-0.287%,,,
3/11/2021,1509062185,673082445,910810225,5320814,437179310,0.48,0.6495,0.4512,,81178815,-130533,-130534,-44136,-498355,-0.05%,-0.06%,-0.04%,,-8.787%,0.017%,0.013%,0.544%,-0.013%,,,
4/11/2021,1427883370,673212978,910940759,5364950,437677665,0.4805,0.6501,0.4516,,-985808,-131412,-131433,-9523,-634989,-0.06%,-0.08%,-0.07%,,-5.379%,0.019%,0.014%,0.829%,0.114%,,,
5/11/2021,1428869178,673344390,911072192,5374473,438312654,0.4811,0.6509,0.4523,,61503464,-131445,-131590,-48884,72459,0.02%,0.02%,-0.02%,,0.069%,0.020%,0.014%,0.178%,0.145%,,,
6/11/2021,1367365714,673475835,911203782,5423357,438240195,0.4809,0.6507,0.4525,,-37961606,-130949,-130949,-65976,21786,0.00%,0.01%,0.01%,,-4.304%,0.020%,0.014%,0.910%,-0.017%,,,
7/11/2021,1405327320,673606784,911334731,5489333,438218409,0.4809,0.6506,0.4524,,16341799,-130869,-130869,-36490,-433472,-0.04%,-0.05%,-0.04%,,2.776%,0.019%,0.014%,1.217%,-0.005%,,,
8/11/2021,1388985521,673737653,911465600,5525823,438651881,0.4813,0.6511,0.4528,,-66624393,-130769,-130804,-40651,97260,0.02%,0.03%,0.02%,,-1.163%,0.019%,0.014%,0.665%,0.099%,,,
9/11/2021,1455609914,673868422,911596404,5566474,438554621,0.4811,0.6508,0.4526,,-40234292,-130687,-130687,-27423,447858,0.06%,0.08%,0.05%,,4.797%,0.019%,0.014%,0.736%,-0.022%,,,
10/11/2021,1495844206,673999109,911727091,5593897,438106763,0.4805,0.65,0.4521,,97425586,-130843,-131145,-52779,-299620,-0.03%,-0.03%,-0.01%,,2.764%,0.019%,0.014%,0.493%,-0.102%,,,
11/11/2021,1398418620,674129952,911858236,5646676,438406383,0.4808,0.6503,0.4522,,-74229140,-131747,-131751,-48566,-925485,-0.09%,-0.13%,-0.10%,,-6.513%,0.019%,0.014%,0.944%,0.068%,,,
12/11/2021,1472647760,674261699,911989987,5695242,439331868,0.4817,0.6516,0.4532,,-77620121,-131861,-131861,-42562,842248,0.10%,0.14%,0.09%,,5.308%,0.020%,0.014%,0.860%,0.211%,,,
13/11/2021,1550267881,674393560,912121848,5737804,438489620,0.4807,0.6502,0.4523,,-59017511,-131617,-131776,-33157,-100930,-0.01%,0.00%,0.01%,,5.271%,0.020%,0.014%,0.747%,-0.192%,,,
14/11/2021,1609285392,674525177,912253624,5770961,438590550,0.4808,0.6502,0.4522,,-126391588,-131445,-131461,-5136,1043054,0.12%,0.17%,0.12%,,3.807%,0.020%,0.014%,0.578%,0.023%,,,
15/11/2021,1735676980,674656622,912385085,5776097,437547496,0.4796,0.6485,0.451,,101473847,-131166,-131174,-40460,456192,0.06%,0.08%,0.05%,,7.854%,0.019%,0.014%,0.089%,-0.238%,,,
16/11/2021,1634203133,674787788,912516259,5816557,437091304,0.479,0.6477,0.4505,,107469556,-131700,-131704,-13003,725595,0.09%,0.12%,0.09%,,-5.846%,0.019%,0.014%,0.700%,-0.104%,,,
17/11/2021,1526733577,674919488,912647963,5829560,436365709,0.4781,0.6465,0.4496,,71046240,-98810,-98819,-34602,-363075,-0.04%,-0.05%,-0.04%,,-6.576%,0.020%,0.014%,0.224%,-0.166%,,,
18/11/2021,1455687337,675018298,912746782,5864162,436728784,0.4785,0.647,0.45,,-29570614,-164835,-164836,-83173,1458683,0.17%,0.23%,0.17%,,-4.653%,0.015%,0.011%,0.594%,0.083%,,,
19/11/2021,1485257951,675183133,912911618,5947335,435270101,0.4768,0.6447,0.4483,,65381633,-131959,-131958,-58421,-65993,0.00%,0.01%,0.00%,,2.031%,0.024%,0.018%,1.418%,-0.334%,,,
20/11/2021,1419876318,675315092,913043576,6005756,435336094,0.4768,0.6446,0.4483,,-53824742,-132166,-132284,-41681,-212360,-0.01%,-0.02%,-0.02%,,-4.402%,0.020%,0.014%,0.982%,0.015%,,,
21/11/2021,1473701060,675447258,913175860,6047437,435548454,0.47695,0.6448,0.44845,,-53824742,-132167,-132285,-41682,-212360,-0.02%,-0.02%,-0.01%,,3.791%,0.020%,0.014%,0.694%,0.049%,,,
22/11/2021,1527525802,675579425,913308145,6089119,435760814,0.4771,0.645,0.4486,,117341426,-300626,-132207,-45476,30640,0.01%,0.03%,0.01%,,3.652%,0.020%,0.014%,0.689%,0.049%,,,
23/11/2021,1410184376,675880051,913440352,6134595,435730174,0.477,0.6447,0.4485,,103714616,-132356,-132357,-43817,-1096201,-0.12%,-0.15%,-0.12%,,-7.682%,0.044%,0.014%,0.747%,-0.007%,,,
24/11/2021,1306469760,676012407,913572709,6178412,436826375,0.4782,0.6462,0.4497,,-42275053,-132270,-132297,90562,742652,0.09%,0.12%,0.09%,,-7.355%,0.020%,0.014%,0.714%,0.252%,,,
25/11/2021,1348744813,676144677,913705006,6087850,436083723,0.4773,0.645,0.4488,,172756210,-131678,-131948,104123,689599,0.09%,0.12%,0.09%,,3.236%,0.020%,0.014%,-1.466%,-0.170%,,,
26/11/2021,1175988603,676276355,913836954,5983727,435394124,0.4764,0.6438,0.4479,,-29680980,-132253,-132316,-60873,-736767,-0.08%,-0.10%,-0.07%,,-12.809%,0.019%,0.014%,-1.710%,-0.158%,,,
27/11/2021,1205669583,676408608,913969270,6044600,436130891,0.4772,0.6448,0.4486,,97849720,-132278,-132300,-66946,83083,0.02%,0.03%,0.02%,,2.524%,0.020%,0.014%,1.017%,0.169%,,,
28/11/2021,1107819863,676540886,914101570,6111546,436047808,0.477,0.6445,0.4484,,-98295939,-131927,-132006,440502,1641238,0.18%,0.25%,0.18%,,-8.116%,0.020%,0.014%,1.108%,-0.019%,,,
29/11/2021,1206115802,676672813,914233576,5671044,434406570,0.4752,0.642,0.4466,,13898027,-132099,-132116,-38009,877798,0.11%,0.14%,0.10%,,8.873%,0.020%,0.014%,-7.208%,-0.376%,,,
30/11/2021,1192217775,676804912,914365692,5709053,433528772,0.4741,0.6406,0.4456,,-38690076,-132506,-132524,199907,384731,0.05%,0.07%,0.05%,,-1.152%,0.020%,0.014%,0.670%,-0.202%,,,
1/12/2021,1230907851,676937418,914498216,5509146,433144041,0.4736,0.6399,0.4451,,81186110,-132591,-132615,-48519,381413,0.04%,0.07%,0.05%,,3.245%,0.020%,0.014%,-3.502%,-0.089%,,,
2/12/2021,1149721741,677070009,914630831,5557665,432762628,0.4732,0.6392,0.4446,,1149721741,677070009,914630831,5557665,432762628,47.32%,63.92%,44.46%,,-6.596%,0.020%,0.015%,0.881%,-0.088%,,,
