block_id,delegator,validator,validator_name,votes,created_at,datetime,day
21468659,hxb2c81647a186d6399ffee09debf8a1f8ed96d8cd,hx2f8b9e265975bd6d99c6ea45219105174e8674d8,iconic innovation,1224.412731409214472192,1594909384,2020-07-16 14:23:04,Thu
21396696,hx2d3064d58d0a13324a657c6bf5188632ea3bc03f,hx2f8b9e265975bd6d99c6ea45219105174e8674d8,iconic innovation,55.1053,1594763906,2020-07-14 21:58:26,Tue
21376589,hx6a5779dc5e8bd32d7fcbd02cbb7467333e2b077f,hx2f8b9e265975bd6d99c6ea45219105174e8674d8,iconic innovation,13.6293,1594723323,2020-07-14 10:42:03,Tue
21308670,hxb2c81647a186d6399ffee09debf8a1f8ed96d8cd,hx2f8b9e265975bd6d99c6ea45219105174e8674d8,iconic innovation,50.520857252307402752,1594585953,2020-07-12 20:32:33,Sun
21289467,hx12b8ff937c2d2fae7b24ec5407f3cc7920748545,hx2f8b9e265975bd6d99c6ea45219105174e8674d8,iconic innovation,466.8916,1594547190,2020-07-12 09:46:30,Sun
21289302,hx95e40f94ef09c2d0a3265fdacdbf9b8fe865d577,hx2f8b9e265975bd6d99c6ea45219105174e8674d8,iconic innovation,588.2585,1594546857,2020-07-12 09:40:57,Sun
21271879,hx9653047f2c8046db924170d2cca39d3d56f13676,hx2f8b9e265975bd6d99c6ea45219105174e8674d8,iconic innovation,11.1304,1594511633,2020-07-11 23:53:53,Sat
21251501,hx6567617b3596f816480e21eb0f02218d21605a13,hx2f8b9e265975bd6d99c6ea45219105174e8674d8,iconic innovation,0.7082,1594470538,2020-07-11 12:28:58,Sat
21251476,hx52c7d06f8c244b8df4ec1b26571b17e988e83fce,hx2f8b9e265975bd6d99c6ea45219105174e8674d8,iconic innovation,0.0007,1594470488,2020-07-11 12:28:08,Sat
21251448,hx52c7d06f8c244b8df4ec1b26571b17e988e83fce,hx2f8b9e265975bd6d99c6ea45219105174e8674d8,iconic innovation,0.0521,1594470431,2020-07-11 12:27:11,Sat
21251390,hxbe7f43d5a49c341b5d6cbb5673a4344eb1674388,hx2f8b9e265975bd6d99c6ea45219105174e8674d8,iconic innovation,0.051,1594470315,2020-07-11 12:25:15,Sat
21251013,hx43a81a4580b04ad52a688f34c3ff388e5d850c2f,hx2f8b9e265975bd6d99c6ea45219105174e8674d8,iconic innovation,0.1001,1594469555,2020-07-11 12:12:35,Sat
21225093,hxcd426f7cfb87e80e1535602f930e4fdf5623296e,hx2f8b9e265975bd6d99c6ea45219105174e8674d8,iconic innovation,37.4002,1594417231,2020-07-10 21:40:31,Fri
21219864,hxb5ecb51d097bb723da120b19417ea7d39c46e83f,hx2f8b9e265975bd6d99c6ea45219105174e8674d8,iconic innovation,1655.1827,1594406677,2020-07-10 18:44:37,Fri
21182937,hx89c3ae81beb6bcc753a32d9a6375278b4017bda7,hx2f8b9e265975bd6d99c6ea45219105174e8674d8,iconic innovation,3000,1594331099,2020-07-09 21:44:59,Thu
21154459,hx72c69735c3af9cebc7708e3ef9ff702d4672496e,hx2f8b9e265975bd6d99c6ea45219105174e8674d8,iconic innovation,-1000,1594273587,2020-07-09 05:46:27,Thu
21122090,hx69330c8418c1e59856f6e112f46af501c072b65b,hx2f8b9e265975bd6d99c6ea45219105174e8674d8,iconic innovation,1065,1594208155,2020-07-08 11:35:55,Wed
21121624,hx69330c8418c1e59856f6e112f46af501c072b65b,hx2f8b9e265975bd6d99c6ea45219105174e8674d8,iconic innovation,8,1594207214,2020-07-08 11:20:14,Wed
21102792,hx92a1e4be91bc099edd24f16d6512d0a853e8ff6a,hx2f8b9e265975bd6d99c6ea45219105174e8674d8,iconic innovation,1075.3201,1594169215,2020-07-08 00:46:55,Wed
21087364,hx6a5779dc5e8bd32d7fcbd02cbb7467333e2b077f,hx2f8b9e265975bd6d99c6ea45219105174e8674d8,iconic innovation,21.5414,1594138019,2020-07-07 16:06:59,Tue
21050936,hx924810f981e3d802b93497b392b3e510904b84c4,hx2f8b9e265975bd6d99c6ea45219105174e8674d8,iconic innovation,379.8905,1594064493,2020-07-06 19:41:33,Mon
21050919,hx924810f981e3d802b93497b392b3e510904b84c4,hx2f8b9e265975bd6d99c6ea45219105174e8674d8,iconic innovation,50,1594064459,2020-07-06 19:40:59,Mon
21048207,hx571fa0b236e571be0d16eaf119e20ad25b5ef26e,hx2f8b9e265975bd6d99c6ea45219105174e8674d8,iconic innovation,-3.5805,1594058989,2020-07-06 18:09:49,Mon
21038996,hx10ee65cb0fe46e3347dc75e97dd262631a8cb11b,hx2f8b9e265975bd6d99c6ea45219105174e8674d8,iconic innovation,-167.6045,1594040404,2020-07-06 13:00:04,Mon
21038862,hx10ee65cb0fe46e3347dc75e97dd262631a8cb11b,hx2f8b9e265975bd6d99c6ea45219105174e8674d8,iconic innovation,167.6045,1594040134,2020-07-06 12:55:34,Mon
20969714,hx571fa0b236e571be0d16eaf119e20ad25b5ef26e,hx2f8b9e265975bd6d99c6ea45219105174e8674d8,iconic innovation,3.5805,1593900382,2020-07-04 22:06:22,Sat
20910450,hx9653047f2c8046db924170d2cca39d3d56f13676,hx2f8b9e265975bd6d99c6ea45219105174e8674d8,iconic innovation,17.4207,1593780811,2020-07-03 12:53:31,Fri
20844012,hx1c3ae42f4c6eeaf169545fbf5258fe3c6bdbc388,hx2f8b9e265975bd6d99c6ea45219105174e8674d8,iconic innovation,-4666.4369,1593646283,2020-07-01 23:31:23,Wed
20741072,hxef09aee121ff60bf010b44c705255f582ed91a64,hx2f8b9e265975bd6d99c6ea45219105174e8674d8,iconic innovation,3.2305,1593438239,2020-06-29 13:43:59,Mon
20724676,hx72c69735c3af9cebc7708e3ef9ff702d4672496e,hx2f8b9e265975bd6d99c6ea45219105174e8674d8,iconic innovation,1000,1593405116,2020-06-29 04:31:56,Mon
20699888,hx12b8ff937c2d2fae7b24ec5407f3cc7920748545,hx2f8b9e265975bd6d99c6ea45219105174e8674d8,iconic innovation,503.3622,1593355087,2020-06-28 14:38:07,Sun
20699719,hx95e40f94ef09c2d0a3265fdacdbf9b8fe865d577,hx2f8b9e265975bd6d99c6ea45219105174e8674d8,iconic innovation,634.223,1593354746,2020-06-28 14:32:26,Sun
20689427,hx6567617b3596f816480e21eb0f02218d21605a13,hx2f8b9e265975bd6d99c6ea45219105174e8674d8,iconic innovation,0.3836,1593333965,2020-06-28 08:46:05,Sun
20689340,hx52c7d06f8c244b8df4ec1b26571b17e988e83fce,hx2f8b9e265975bd6d99c6ea45219105174e8674d8,iconic innovation,0.0282,1593333789,2020-06-28 08:43:09,Sun
20689245,hxbe7f43d5a49c341b5d6cbb5673a4344eb1674388,hx2f8b9e265975bd6d99c6ea45219105174e8674d8,iconic innovation,0.0276,1593333597,2020-06-28 08:39:57,Sun
20689218,hx43a81a4580b04ad52a688f34c3ff388e5d850c2f,hx2f8b9e265975bd6d99c6ea45219105174e8674d8,iconic innovation,0.0542,1593333543,2020-06-28 08:39:03,Sun
20595198,hx6a5779dc5e8bd32d7fcbd02cbb7467333e2b077f,hx2f8b9e265975bd6d99c6ea45219105174e8674d8,iconic innovation,35.431,1593143699,2020-06-26 03:54:59,Fri
20395962,hx6567617b3596f816480e21eb0f02218d21605a13,hx2f8b9e265975bd6d99c6ea45219105174e8674d8,iconic innovation,0.3844,1592741113,2020-06-21 12:05:13,Sun
20395910,hx52c7d06f8c244b8df4ec1b26571b17e988e83fce,hx2f8b9e265975bd6d99c6ea45219105174e8674d8,iconic innovation,0.0283,1592741008,2020-06-21 12:03:28,Sun
20395885,hxbe7f43d5a49c341b5d6cbb5673a4344eb1674388,hx2f8b9e265975bd6d99c6ea45219105174e8674d8,iconic innovation,0.0277,1592740958,2020-06-21 12:02:38,Sun
20395851,hx43a81a4580b04ad52a688f34c3ff388e5d850c2f,hx2f8b9e265975bd6d99c6ea45219105174e8674d8,iconic innovation,0.0543,1592740889,2020-06-21 12:01:29,Sun
20392475,hx59a81d4791dd3972ba31c9c3e1e346e0f26274b7,hx2f8b9e265975bd6d99c6ea45219105174e8674d8,iconic innovation,84.8964,1592734017,2020-06-21 10:06:57,Sun
20388769,hx97c76476a353b7ab176562278bfc1bb38a745531,hx2f8b9e265975bd6d99c6ea45219105174e8674d8,iconic innovation,-14.399696858563739648,1592726527,2020-06-21 08:02:07,Sun
20312558,hxaf351e4ed171c2b3c0e92b0f2703ee0bad4659e3,hx2f8b9e265975bd6d99c6ea45219105174e8674d8,iconic innovation,-17.1353,1592572615,2020-06-19 13:16:55,Fri
20295995,hx9653047f2c8046db924170d2cca39d3d56f13676,hx2f8b9e265975bd6d99c6ea45219105174e8674d8,iconic innovation,7.5058,1592539186,2020-06-19 03:59:46,Fri
20251524,hx9c7494b9266b32e59b4ded28565ebb53f77b1d57,hx2f8b9e265975bd6d99c6ea45219105174e8674d8,iconic innovation,130.6189,1592449430,2020-06-18 03:03:50,Thu
20243043,hxd5a5a68a8ff3d3cfc4b685622094588e55225af9,hx2f8b9e265975bd6d99c6ea45219105174e8674d8,iconic innovation,-607.222,1592432317,2020-06-17 22:18:37,Wed
20238071,hx69cec6dbaa97c23ef7b45c91be84a7f433fc9e13,hx2f8b9e265975bd6d99c6ea45219105174e8674d8,iconic innovation,-1046.1742,1592422288,2020-06-17 19:31:28,Wed
20218270,hxef09aee121ff60bf010b44c705255f582ed91a64,hx2f8b9e265975bd6d99c6ea45219105174e8674d8,iconic innovation,2.4347,1592382251,2020-06-17 08:24:11,Wed
20196332,hxb5ecb51d097bb723da120b19417ea7d39c46e83f,hx2f8b9e265975bd6d99c6ea45219105174e8674d8,iconic innovation,4203.3703,1592337909,2020-06-16 20:05:09,Tue
20181405,hx910408aea829f82c7ae21b20d72f9d4860899339,hx2f8b9e265975bd6d99c6ea45219105174e8674d8,iconic innovation,188.3083,1592307781,2020-06-16 11:43:01,Tue
20168618,hxd5a5a68a8ff3d3cfc4b685622094588e55225af9,hx2f8b9e265975bd6d99c6ea45219105174e8674d8,iconic innovation,-607.0294,1592281972,2020-06-16 04:32:52,Tue
20151252,hx910408aea829f82c7ae21b20d72f9d4860899339,hx2f8b9e265975bd6d99c6ea45219105174e8674d8,iconic innovation,3.3001,1592246940,2020-06-15 18:49:00,Mon
20145491,hxd5a5a68a8ff3d3cfc4b685622094588e55225af9,hx2f8b9e265975bd6d99c6ea45219105174e8674d8,iconic innovation,738.935,1592235317,2020-06-15 15:35:17,Mon
20103129,hxb7da439c292e91db24428f8a25a93549fb295a54,hx2f8b9e265975bd6d99c6ea45219105174e8674d8,iconic innovation,-173.8874,1592149799,2020-06-14 15:49:59,Sun
20089175,hx6567617b3596f816480e21eb0f02218d21605a13,hx2f8b9e265975bd6d99c6ea45219105174e8674d8,iconic innovation,0.3858,1592121631,2020-06-14 08:00:31,Sun
20089132,hx52c7d06f8c244b8df4ec1b26571b17e988e83fce,hx2f8b9e265975bd6d99c6ea45219105174e8674d8,iconic innovation,0.0284,1592121544,2020-06-14 07:59:04,Sun
20089105,hxbe7f43d5a49c341b5d6cbb5673a4344eb1674388,hx2f8b9e265975bd6d99c6ea45219105174e8674d8,iconic innovation,0.0278,1592121490,2020-06-14 07:58:10,Sun
20089079,hx43a81a4580b04ad52a688f34c3ff388e5d850c2f,hx2f8b9e265975bd6d99c6ea45219105174e8674d8,iconic innovation,0.0545,1592121437,2020-06-14 07:57:17,Sun
20088008,hxb0aa10dd803594a68fd438e42f9a5bd3fc16988b,hx2f8b9e265975bd6d99c6ea45219105174e8674d8,iconic innovation,1100,1592119276,2020-06-14 07:21:16,Sun
20064518,hx910408aea829f82c7ae21b20d72f9d4860899339,hx2f8b9e265975bd6d99c6ea45219105174e8674d8,iconic innovation,79.1467,1592071882,2020-06-13 18:11:22,Sat
20054124,hx12b8ff937c2d2fae7b24ec5407f3cc7920748545,hx2f8b9e265975bd6d99c6ea45219105174e8674d8,iconic innovation,914.9485,1592050895,2020-06-13 12:21:35,Sat
20052711,hx95e40f94ef09c2d0a3265fdacdbf9b8fe865d577,hx2f8b9e265975bd6d99c6ea45219105174e8674d8,iconic innovation,1152.7824,1592048045,2020-06-13 11:34:05,Sat
20021379,hx9653047f2c8046db924170d2cca39d3d56f13676,hx2f8b9e265975bd6d99c6ea45219105174e8674d8,iconic innovation,3.7548,1591984461,2020-06-12 17:54:21,Fri
20016185,hx5df449d83b1a94c4077620c2bb04bdd77c1fee86,hx2f8b9e265975bd6d99c6ea45219105174e8674d8,iconic innovation,-17.9322,1591973977,2020-06-12 14:59:37,Fri
20013410,hxd5a5a68a8ff3d3cfc4b685622094588e55225af9,hx2f8b9e265975bd6d99c6ea45219105174e8674d8,iconic innovation,43.3146,1591968376,2020-06-12 13:26:16,Fri
19981394,hx5df449d83b1a94c4077620c2bb04bdd77c1fee86,hx2f8b9e265975bd6d99c6ea45219105174e8674d8,iconic innovation,10.5946,1591903779,2020-06-11 19:29:39,Thu
19974063,hx9a002a220b51fc3c7473fa5df532d5e32b688248,hx2f8b9e265975bd6d99c6ea45219105174e8674d8,iconic innovation,4.7761,1591888979,2020-06-11 15:22:59,Thu
19972858,hx1c3ae42f4c6eeaf169545fbf5258fe3c6bdbc388,hx2f8b9e265975bd6d99c6ea45219105174e8674d8,iconic innovation,4666.4369,1591886483,2020-06-11 14:41:23,Thu
19961926,hxdf49e09faae422d59979f455d20e3294258514ba,hx2f8b9e265975bd6d99c6ea45219105174e8674d8,iconic innovation,15.3889,1591864422,2020-06-11 08:33:42,Thu
19909507,hx9653047f2c8046db924170d2cca39d3d56f13676,hx2f8b9e265975bd6d99c6ea45219105174e8674d8,iconic innovation,1.4172,1591758663,2020-06-10 03:11:03,Wed
19898459,hxaf351e4ed171c2b3c0e92b0f2703ee0bad4659e3,hx2f8b9e265975bd6d99c6ea45219105174e8674d8,iconic innovation,10.6892,1591736072,2020-06-09 20:54:32,Tue
19893572,hx2762e9b5c3be7a8a72256904fa9a673da17f28af,hx2f8b9e265975bd6d99c6ea45219105174e8674d8,iconic innovation,25.5888,1591726143,2020-06-09 18:09:03,Tue
19881423,hx910408aea829f82c7ae21b20d72f9d4860899339,hx2f8b9e265975bd6d99c6ea45219105174e8674d8,iconic innovation,58.3056,1591701376,2020-06-09 11:16:16,Tue
19875158,hxc6d891efd5ea2a19ce2185a291083a300b790cd9,hx2f8b9e265975bd6d99c6ea45219105174e8674d8,iconic innovation,518.3954,1591688729,2020-06-09 07:45:29,Tue
19853761,hxaf351e4ed171c2b3c0e92b0f2703ee0bad4659e3,hx2f8b9e265975bd6d99c6ea45219105174e8674d8,iconic innovation,17.2262,1591645511,2020-06-08 19:45:11,Mon
19844359,hxef09aee121ff60bf010b44c705255f582ed91a64,hx2f8b9e265975bd6d99c6ea45219105174e8674d8,iconic innovation,0.5431,1591626503,2020-06-08 14:28:23,Mon
19837066,hx5df449d83b1a94c4077620c2bb04bdd77c1fee86,hx2f8b9e265975bd6d99c6ea45219105174e8674d8,iconic innovation,7.3376,1591611790,2020-06-08 10:23:10,Mon
19818695,hx6a5779dc5e8bd32d7fcbd02cbb7467333e2b077f,hx2f8b9e265975bd6d99c6ea45219105174e8674d8,iconic innovation,5095.8836,1591574682,2020-06-08 00:04:42,Mon
19814791,hx9653047f2c8046db924170d2cca39d3d56f13676,hx2f8b9e265975bd6d99c6ea45219105174e8674d8,iconic innovation,3231.2553,1591566806,2020-06-07 21:53:26,Sun
19811522,hx759ad8c30fb838ce705cb8994064042cf1ee1c6c,hx2f8b9e265975bd6d99c6ea45219105174e8674d8,iconic innovation,276.32,1591560210,2020-06-07 20:03:30,Sun
19793417,hx6567617b3596f816480e21eb0f02218d21605a13,hx2f8b9e265975bd6d99c6ea45219105174e8674d8,iconic innovation,0.3875,1591523510,2020-06-07 09:51:50,Sun
19793390,hx52c7d06f8c244b8df4ec1b26571b17e988e83fce,hx2f8b9e265975bd6d99c6ea45219105174e8674d8,iconic innovation,0.0285,1591523455,2020-06-07 09:50:55,Sun
19793363,hxbe7f43d5a49c341b5d6cbb5673a4344eb1674388,hx2f8b9e265975bd6d99c6ea45219105174e8674d8,iconic innovation,0.0279,1591523401,2020-06-07 09:50:01,Sun
19793206,hx43a81a4580b04ad52a688f34c3ff388e5d850c2f,hx2f8b9e265975bd6d99c6ea45219105174e8674d8,iconic innovation,0.0548,1591523084,2020-06-07 09:44:44,Sun
19765868,hx0196288320914da8d7a42ecb8cfcfbc73fe6a5be,hx2f8b9e265975bd6d99c6ea45219105174e8674d8,iconic innovation,30,1591467739,2020-06-06 18:22:19,Sat
19763115,hx69cec6dbaa97c23ef7b45c91be84a7f433fc9e13,hx2f8b9e265975bd6d99c6ea45219105174e8674d8,iconic innovation,25.7722,1591462163,2020-06-06 16:49:23,Sat
19750236,hxef09aee121ff60bf010b44c705255f582ed91a64,hx2f8b9e265975bd6d99c6ea45219105174e8674d8,iconic innovation,1.9042,1591436072,2020-06-06 09:34:32,Sat
19694408,hx07a112ea62f7bad9695a943b1bbd57dcb261b1fb,hx2f8b9e265975bd6d99c6ea45219105174e8674d8,iconic innovation,6.23331283728072704,1591322925,2020-06-05 02:08:45,Fri
19693152,hxd5a5a68a8ff3d3cfc4b685622094588e55225af9,hx2f8b9e265975bd6d99c6ea45219105174e8674d8,iconic innovation,380.6418,1591320391,2020-06-05 01:26:31,Fri
19678050,hx430a3e5651989b43ecf8f0009bd0c6b0835aa620,hx2f8b9e265975bd6d99c6ea45219105174e8674d8,iconic innovation,10.0179,1591289853,2020-06-04 16:57:33,Thu
19647488,hx910408aea829f82c7ae21b20d72f9d4860899339,hx2f8b9e265975bd6d99c6ea45219105174e8674d8,iconic innovation,122.7109,1591228115,2020-06-03 23:48:35,Wed
19627665,hx07a112ea62f7bad9695a943b1bbd57dcb261b1fb,hx2f8b9e265975bd6d99c6ea45219105174e8674d8,iconic innovation,10.680357984564936704,1591187907,2020-06-03 12:38:27,Wed
19599821,hx69cec6dbaa97c23ef7b45c91be84a7f433fc9e13,hx2f8b9e265975bd6d99c6ea45219105174e8674d8,iconic innovation,969.5337,1591131645,2020-06-02 21:00:45,Tue
19580559,hx5bfda34782a1fec9a867080caffceeba9850e4df,hx2f8b9e265975bd6d99c6ea45219105174e8674d8,iconic innovation,1.6235,1591092693,2020-06-02 10:11:33,Tue
19502275,hx6567617b3596f816480e21eb0f02218d21605a13,hx2f8b9e265975bd6d99c6ea45219105174e8674d8,iconic innovation,1,1590934245,2020-05-31 14:10:45,Sun
19502173,hx52c7d06f8c244b8df4ec1b26571b17e988e83fce,hx2f8b9e265975bd6d99c6ea45219105174e8674d8,iconic innovation,0.0287,1590934039,2020-05-31 14:07:19,Sun
19502147,hxbe7f43d5a49c341b5d6cbb5673a4344eb1674388,hx2f8b9e265975bd6d99c6ea45219105174e8674d8,iconic innovation,0.028,1590933987,2020-05-31 14:06:27,Sun
19502119,hx43a81a4580b04ad52a688f34c3ff388e5d850c2f,hx2f8b9e265975bd6d99c6ea45219105174e8674d8,iconic innovation,0.0551,1590933930,2020-05-31 14:05:30,Sun
19490335,hxa47f255fc9d5eb40ff21bb119888bc84966c0ef0,hx2f8b9e265975bd6d99c6ea45219105174e8674d8,iconic innovation,77.77,1590909921,2020-05-31 07:25:21,Sun
19467886,hx69cec6dbaa97c23ef7b45c91be84a7f433fc9e13,hx2f8b9e265975bd6d99c6ea45219105174e8674d8,iconic innovation,50.8683,1590864500,2020-05-30 18:48:20,Sat
19461848,hx910408aea829f82c7ae21b20d72f9d4860899339,hx2f8b9e265975bd6d99c6ea45219105174e8674d8,iconic innovation,716.9496,1590852316,2020-05-30 15:25:16,Sat
19457086,hx910408aea829f82c7ae21b20d72f9d4860899339,hx2f8b9e265975bd6d99c6ea45219105174e8674d8,iconic innovation,833.6351,1590842706,2020-05-30 12:45:06,Sat
19419083,hxef09aee121ff60bf010b44c705255f582ed91a64,hx2f8b9e265975bd6d99c6ea45219105174e8674d8,iconic innovation,3.5566,1590765758,2020-05-29 15:22:38,Fri
19397912,hx97c76476a353b7ab176562278bfc1bb38a745531,hx2f8b9e265975bd6d99c6ea45219105174e8674d8,iconic innovation,620.718259160290951168,1590723017,2020-05-29 03:30:17,Fri
19392913,hxa28d59a7a33eaee0b563e0746acc0abc1e16c0a0,hx2f8b9e265975bd6d99c6ea45219105174e8674d8,iconic innovation,10,1590712930,2020-05-29 00:42:10,Fri
19376162,hx6567617b3596f816480e21eb0f02218d21605a13,hx2f8b9e265975bd6d99c6ea45219105174e8674d8,iconic innovation,20,1590679073,2020-05-28 15:17:53,Thu
19367935,hxb7da439c292e91db24428f8a25a93549fb295a54,hx2f8b9e265975bd6d99c6ea45219105174e8674d8,iconic innovation,173.8874,1590662428,2020-05-28 10:40:28,Thu
19364350,hx4f7da4a75821e39be2757aebbab83a0c3531786d,hx2f8b9e265975bd6d99c6ea45219105174e8674d8,iconic innovation,100.4941,1590655192,2020-05-28 08:39:52,Thu
19364234,hx4f7da4a75821e39be2757aebbab83a0c3531786d,hx2f8b9e265975bd6d99c6ea45219105174e8674d8,iconic innovation,68.1426,1590654958,2020-05-28 08:35:58,Thu
19353419,hx1f9a38721ab7a96df075dd0d13218497cdfc6d58,hx2f8b9e265975bd6d99c6ea45219105174e8674d8,iconic innovation,-19.244256141219201024,1590633120,2020-05-28 02:32:00,Thu
19353283,hx1f9a38721ab7a96df075dd0d13218497cdfc6d58,hx2f8b9e265975bd6d99c6ea45219105174e8674d8,iconic innovation,2.455156688265674752,1590632846,2020-05-28 02:27:26,Thu
19333017,hx8c190385cf406f2da7a26641c658b36fe6d5b9d4,hx2f8b9e265975bd6d99c6ea45219105174e8674d8,iconic innovation,-18.5151,1590591871,2020-05-27 15:04:31,Wed
19321692,hx50caaf5ae96e314720fe7cc986f23742688079a3,hx2f8b9e265975bd6d99c6ea45219105174e8674d8,iconic innovation,365.3685,1590568948,2020-05-27 08:42:28,Wed
19314081,hxd5a5a68a8ff3d3cfc4b685622094588e55225af9,hx2f8b9e265975bd6d99c6ea45219105174e8674d8,iconic innovation,51.36,1590553595,2020-05-27 04:26:35,Wed
19260068,hxdf8778168052a092da96d53b5175c9e773411cac,hx2f8b9e265975bd6d99c6ea45219105174e8674d8,iconic innovation,5,1590444582,2020-05-25 22:09:42,Mon
19252876,hx68be1f8c7aee58c9f37c5492016328cd0e8514db,hx2f8b9e265975bd6d99c6ea45219105174e8674d8,iconic innovation,294.266,1590429982,2020-05-25 18:06:22,Mon
19249002,hx8c190385cf406f2da7a26641c658b36fe6d5b9d4,hx2f8b9e265975bd6d99c6ea45219105174e8674d8,iconic innovation,18.5151,1590422153,2020-05-25 15:55:53,Mon
19236738,hx1a6d8de3e683f34bf024c074fa7990105a683363,hx2f8b9e265975bd6d99c6ea45219105174e8674d8,iconic innovation,286.0221,1590397380,2020-05-25 09:03:00,Mon
19199506,hx6567617b3596f816480e21eb0f02218d21605a13,hx2f8b9e265975bd6d99c6ea45219105174e8674d8,iconic innovation,0.3475,1590322228,2020-05-24 12:10:28,Sun
19199477,hx52c7d06f8c244b8df4ec1b26571b17e988e83fce,hx2f8b9e265975bd6d99c6ea45219105174e8674d8,iconic innovation,0.0287,1590322169,2020-05-24 12:09:29,Sun
19199431,hxbe7f43d5a49c341b5d6cbb5673a4344eb1674388,hx2f8b9e265975bd6d99c6ea45219105174e8674d8,iconic innovation,0.028,1590322076,2020-05-24 12:07:56,Sun
19199400,hx43a81a4580b04ad52a688f34c3ff388e5d850c2f,hx2f8b9e265975bd6d99c6ea45219105174e8674d8,iconic innovation,0.0551,1590322013,2020-05-24 12:06:53,Sun
19161295,hx5bfda34782a1fec9a867080caffceeba9850e4df,hx2f8b9e265975bd6d99c6ea45219105174e8674d8,iconic innovation,4.4858,1590245058,2020-05-23 14:44:18,Sat
19108081,hx9f15436f57184e4692f2413acbc7d9d7c220741f,hx2f8b9e265975bd6d99c6ea45219105174e8674d8,iconic innovation,219.9739,1590137624,2020-05-22 08:53:44,Fri
18957115,hx1f9a38721ab7a96df075dd0d13218497cdfc6d58,hx2f8b9e265975bd6d99c6ea45219105174e8674d8,iconic innovation,16.789099452953526272,1589832597,2020-05-18 20:09:57,Mon
18957033,hx7614bf5f9584cda17cf739d63b0e2395fc9edb6b,hx2f8b9e265975bd6d99c6ea45219105174e8674d8,iconic innovation,42.3385,1589832432,2020-05-18 20:07:12,Mon
18913569,hxdf49e09faae422d59979f455d20e3294258514ba,hx2f8b9e265975bd6d99c6ea45219105174e8674d8,iconic innovation,20.6641,1589744691,2020-05-17 19:44:51,Sun
18865810,hxef09aee121ff60bf010b44c705255f582ed91a64,hx2f8b9e265975bd6d99c6ea45219105174e8674d8,iconic innovation,2.3955,1589648317,2020-05-16 16:58:37,Sat
18864950,hx95e40f94ef09c2d0a3265fdacdbf9b8fe865d577,hx2f8b9e265975bd6d99c6ea45219105174e8674d8,iconic innovation,625.9066,1589646581,2020-05-16 16:29:41,Sat
18864728,hx12b8ff937c2d2fae7b24ec5407f3cc7920748545,hx2f8b9e265975bd6d99c6ea45219105174e8674d8,iconic innovation,496.7722,1589646134,2020-05-16 16:22:14,Sat
18858657,hx6567617b3596f816480e21eb0f02218d21605a13,hx2f8b9e265975bd6d99c6ea45219105174e8674d8,iconic innovation,0.3888,1589633880,2020-05-16 12:58:00,Sat
18858629,hx52c7d06f8c244b8df4ec1b26571b17e988e83fce,hx2f8b9e265975bd6d99c6ea45219105174e8674d8,iconic innovation,0.0321,1589633823,2020-05-16 12:57:03,Sat
18858604,hxbe7f43d5a49c341b5d6cbb5673a4344eb1674388,hx2f8b9e265975bd6d99c6ea45219105174e8674d8,iconic innovation,0.0314,1589633773,2020-05-16 12:56:13,Sat
18858580,hx43a81a4580b04ad52a688f34c3ff388e5d850c2f,hx2f8b9e265975bd6d99c6ea45219105174e8674d8,iconic innovation,0.0616,1589633724,2020-05-16 12:55:24,Sat
18784608,hxb5ecb51d097bb723da120b19417ea7d39c46e83f,hx2f8b9e265975bd6d99c6ea45219105174e8674d8,iconic innovation,5672.2872,1589484256,2020-05-14 19:24:16,Thu
18683506,hx9f15436f57184e4692f2413acbc7d9d7c220741f,hx2f8b9e265975bd6d99c6ea45219105174e8674d8,iconic innovation,8.3476,1589280337,2020-05-12 10:45:37,Tue
18595585,hx6567617b3596f816480e21eb0f02218d21605a13,hx2f8b9e265975bd6d99c6ea45219105174e8674d8,iconic innovation,0.3903,1589103034,2020-05-10 09:30:34,Sun
18595560,hx52c7d06f8c244b8df4ec1b26571b17e988e83fce,hx2f8b9e265975bd6d99c6ea45219105174e8674d8,iconic innovation,0.0322,1589102984,2020-05-10 09:29:44,Sun
18595535,hxbe7f43d5a49c341b5d6cbb5673a4344eb1674388,hx2f8b9e265975bd6d99c6ea45219105174e8674d8,iconic innovation,0.0315,1589102934,2020-05-10 09:28:54,Sun
18595508,hx43a81a4580b04ad52a688f34c3ff388e5d850c2f,hx2f8b9e265975bd6d99c6ea45219105174e8674d8,iconic innovation,0.0619,1589102879,2020-05-10 09:27:59,Sun
18554833,hxef09aee121ff60bf010b44c705255f582ed91a64,hx2f8b9e265975bd6d99c6ea45219105174e8674d8,iconic innovation,100,1589020842,2020-05-09 10:40:42,Sat
18519487,hx1cf6ab03cc8c965a2736676e50ffca52f4d93a8f,hx2f8b9e265975bd6d99c6ea45219105174e8674d8,iconic innovation,49.415,1588949515,2020-05-08 14:51:55,Fri
18337510,hxd5967f65ccc262229d483e82fab2c221e5d4b3fe,hx2f8b9e265975bd6d99c6ea45219105174e8674d8,iconic innovation,4.4971,1588580950,2020-05-04 08:29:10,Mon
18300661,hx12b8ff937c2d2fae7b24ec5407f3cc7920748545,hx2f8b9e265975bd6d99c6ea45219105174e8674d8,iconic innovation,539.695,1588506614,2020-05-03 11:50:14,Sun
18300518,hx95e40f94ef09c2d0a3265fdacdbf9b8fe865d577,hx2f8b9e265975bd6d99c6ea45219105174e8674d8,iconic innovation,679.465,1588506326,2020-05-03 11:45:26,Sun
18262189,hx43a81a4580b04ad52a688f34c3ff388e5d850c2f,hx2f8b9e265975bd6d99c6ea45219105174e8674d8,iconic innovation,0.0777,1588428848,2020-05-02 14:14:08,Sat
18262161,hxbe7f43d5a49c341b5d6cbb5673a4344eb1674388,hx2f8b9e265975bd6d99c6ea45219105174e8674d8,iconic innovation,0.0271,1588428792,2020-05-02 14:13:12,Sat
18262134,hx52c7d06f8c244b8df4ec1b26571b17e988e83fce,hx2f8b9e265975bd6d99c6ea45219105174e8674d8,iconic innovation,0.0277,1588428738,2020-05-02 14:12:18,Sat
18262105,hx6567617b3596f816480e21eb0f02218d21605a13,hx2f8b9e265975bd6d99c6ea45219105174e8674d8,iconic innovation,0.3369,1588428679,2020-05-02 14:11:19,Sat
18261481,hx7de7755f2483a772afe5f50180957bd04e9aa3f5,hx2f8b9e265975bd6d99c6ea45219105174e8674d8,iconic innovation,72.3937,1588427421,2020-05-02 13:50:21,Sat
18261387,hxa9cbd94f506e4fedef082afb1656f166538179f0,hx2f8b9e265975bd6d99c6ea45219105174e8674d8,iconic innovation,72.0894,1588427231,2020-05-02 13:47:11,Sat
18261285,hx85f985e16cab6c36d698e472f7cdc5ba2f5cd5df,hx2f8b9e265975bd6d99c6ea45219105174e8674d8,iconic innovation,3622.748,1588427026,2020-05-02 13:43:46,Sat
18261210,hxc8d8299911f2f56acf031120a44b2f735ae83090,hx2f8b9e265975bd6d99c6ea45219105174e8674d8,iconic innovation,3622.7265,1588426875,2020-05-02 13:41:15,Sat
18260258,hx9e57373737c0ad3450504feaa02dba31a0cb8269,hx2f8b9e265975bd6d99c6ea45219105174e8674d8,iconic innovation,8643.7065,1588424955,2020-05-02 13:09:15,Sat
18127090,hx5bfda34782a1fec9a867080caffceeba9850e4df,hx2f8b9e265975bd6d99c6ea45219105174e8674d8,iconic innovation,454.5577,1588155870,2020-04-29 10:24:30,Wed
17997176,hx6567617b3596f816480e21eb0f02218d21605a13,hx2f8b9e265975bd6d99c6ea45219105174e8674d8,iconic innovation,0.092,1587892912,2020-04-26 09:21:52,Sun
17997124,hx6567617b3596f816480e21eb0f02218d21605a13,hx2f8b9e265975bd6d99c6ea45219105174e8674d8,iconic innovation,0.3929,1587892807,2020-04-26 09:20:07,Sun
17997094,hx52c7d06f8c244b8df4ec1b26571b17e988e83fce,hx2f8b9e265975bd6d99c6ea45219105174e8674d8,iconic innovation,0.2093,1587892746,2020-04-26 09:19:06,Sun
17996974,hxbe7f43d5a49c341b5d6cbb5673a4344eb1674388,hx2f8b9e265975bd6d99c6ea45219105174e8674d8,iconic innovation,0.0314,1587892504,2020-04-26 09:15:04,Sun
17996946,hx52c7d06f8c244b8df4ec1b26571b17e988e83fce,hx2f8b9e265975bd6d99c6ea45219105174e8674d8,iconic innovation,0.0317,1587892448,2020-04-26 09:14:08,Sun
17833725,hx43a81a4580b04ad52a688f34c3ff388e5d850c2f,hx2f8b9e265975bd6d99c6ea45219105174e8674d8,iconic innovation,20,1587562811,2020-04-22 13:40:11,Wed
17762549,hxb5a8ca2833266323f277c53d12825e96cc4568d7,hx2f8b9e265975bd6d99c6ea45219105174e8674d8,iconic innovation,44.6805,1587418163,2020-04-20 21:29:23,Mon
17725251,hxa4223229cf2bacc2fbb861563bb6e2b9cbc56a3e,hx2f8b9e265975bd6d99c6ea45219105174e8674d8,iconic innovation,-2613.8763,1587342183,2020-04-20 00:23:03,Mon
17725216,hx91449e6edfd99af685c9c376024db63fca65e236,hx2f8b9e265975bd6d99c6ea45219105174e8674d8,iconic innovation,-2240.2764,1587342112,2020-04-20 00:21:52,Mon
17724994,hx91449e6edfd99af685c9c376024db63fca65e236,hx2f8b9e265975bd6d99c6ea45219105174e8674d8,iconic innovation,40.393,1587341664,2020-04-20 00:14:24,Mon
17716424,hx12b8ff937c2d2fae7b24ec5407f3cc7920748545,hx2f8b9e265975bd6d99c6ea45219105174e8674d8,iconic innovation,310.8553,1587324370,2020-04-19 19:26:10,Sun
17716188,hx95e40f94ef09c2d0a3265fdacdbf9b8fe865d577,hx2f8b9e265975bd6d99c6ea45219105174e8674d8,iconic innovation,1137.6692,1587323894,2020-04-19 19:18:14,Sun
17714393,hx6567617b3596f816480e21eb0f02218d21605a13,hx2f8b9e265975bd6d99c6ea45219105174e8674d8,iconic innovation,0.5664,1587320273,2020-04-19 18:17:53,Sun
17714364,hx52c7d06f8c244b8df4ec1b26571b17e988e83fce,hx2f8b9e265975bd6d99c6ea45219105174e8674d8,iconic innovation,0.0457,1587320214,2020-04-19 18:16:54,Sun
17714329,hxbe7f43d5a49c341b5d6cbb5673a4344eb1674388,hx2f8b9e265975bd6d99c6ea45219105174e8674d8,iconic innovation,0.0453,1587320144,2020-04-19 18:15:44,Sun
17570775,hxb5ecb51d097bb723da120b19417ea7d39c46e83f,hx2f8b9e265975bd6d99c6ea45219105174e8674d8,iconic innovation,411.047,1587029216,2020-04-16 09:26:56,Thu
17495147,hxef09aee121ff60bf010b44c705255f582ed91a64,hx2f8b9e265975bd6d99c6ea45219105174e8674d8,iconic innovation,1.7323,1586876465,2020-04-14 15:01:05,Tue
17489489,hxb5ecb51d097bb723da120b19417ea7d39c46e83f,hx2f8b9e265975bd6d99c6ea45219105174e8674d8,iconic innovation,203.6388,1586865046,2020-04-14 11:50:46,Tue
17447737,hxb5ecb51d097bb723da120b19417ea7d39c46e83f,hx2f8b9e265975bd6d99c6ea45219105174e8674d8,iconic innovation,5131.572,1586780866,2020-04-13 12:27:46,Mon
17360977,hxd80c4f3446dddcb65d73a7df9ac98f3f6401936d,hx2f8b9e265975bd6d99c6ea45219105174e8674d8,iconic innovation,158.5341,1586605959,2020-04-11 11:52:39,Sat
17360740,hx464092dfa1d6db5c1bca65a5d5d45a66258bbcba,hx2f8b9e265975bd6d99c6ea45219105174e8674d8,iconic innovation,158.5281,1586605481,2020-04-11 11:44:41,Sat
17360515,hx12b8ff937c2d2fae7b24ec5407f3cc7920748545,hx2f8b9e265975bd6d99c6ea45219105174e8674d8,iconic innovation,1108.7163,1586605028,2020-04-11 11:37:08,Sat
17360164,hx95e40f94ef09c2d0a3265fdacdbf9b8fe865d577,hx2f8b9e265975bd6d99c6ea45219105174e8674d8,iconic innovation,1382.7458,1586604320,2020-04-11 11:25:20,Sat
17276756,hx430a3e5651989b43ecf8f0009bd0c6b0835aa620,hx2f8b9e265975bd6d99c6ea45219105174e8674d8,iconic innovation,8.5556,1586436131,2020-04-09 12:42:11,Thu
17274765,hx6567617b3596f816480e21eb0f02218d21605a13,hx2f8b9e265975bd6d99c6ea45219105174e8674d8,iconic innovation,0.5716,1586432107,2020-04-09 11:35:07,Thu
17274734,hx52c7d06f8c244b8df4ec1b26571b17e988e83fce,hx2f8b9e265975bd6d99c6ea45219105174e8674d8,iconic innovation,0.0461,1586432044,2020-04-09 11:34:04,Thu
17274695,hxbe7f43d5a49c341b5d6cbb5673a4344eb1674388,hx2f8b9e265975bd6d99c6ea45219105174e8674d8,iconic innovation,0.0458,1586431965,2020-04-09 11:32:45,Thu
17239496,hxef09aee121ff60bf010b44c705255f582ed91a64,hx2f8b9e265975bd6d99c6ea45219105174e8674d8,iconic innovation,2.0306,1586360959,2020-04-08 15:49:19,Wed
17214195,hxa85136b2e899d0f67f899cf42789319e09e36275,hx2f8b9e265975bd6d99c6ea45219105174e8674d8,iconic innovation,-1852.2484,1586309473,2020-04-08 01:31:13,Wed
16960464,hxa85136b2e899d0f67f899cf42789319e09e36275,hx2f8b9e265975bd6d99c6ea45219105174e8674d8,iconic innovation,1852.2484,1585797674,2020-04-02 03:21:14,Thu
16960447,hxa85136b2e899d0f67f899cf42789319e09e36275,hx2f8b9e265975bd6d99c6ea45219105174e8674d8,iconic innovation,-1852.2484,1585797640,2020-04-02 03:20:40,Thu
16940516,hxef09aee121ff60bf010b44c705255f582ed91a64,hx2f8b9e265975bd6d99c6ea45219105174e8674d8,iconic innovation,1.1114,1585757405,2020-04-01 16:10:05,Wed
16850473,hx6567617b3596f816480e21eb0f02218d21605a13,hx2f8b9e265975bd6d99c6ea45219105174e8674d8,iconic innovation,1.2849,1585575567,2020-03-30 13:39:27,Mon
16850441,hx52c7d06f8c244b8df4ec1b26571b17e988e83fce,hx2f8b9e265975bd6d99c6ea45219105174e8674d8,iconic innovation,0.1038,1585575503,2020-03-30 13:38:23,Mon
16762451,hxef09aee121ff60bf010b44c705255f582ed91a64,hx2f8b9e265975bd6d99c6ea45219105174e8674d8,iconic innovation,100,1585397199,2020-03-28 12:06:39,Sat
16750387,hxa4223229cf2bacc2fbb861563bb6e2b9cbc56a3e,hx2f8b9e265975bd6d99c6ea45219105174e8674d8,iconic innovation,262.8211,1585372867,2020-03-28 05:21:07,Sat
16639187,hxef09aee121ff60bf010b44c705255f582ed91a64,hx2f8b9e265975bd6d99c6ea45219105174e8674d8,iconic innovation,2.0533,1585147201,2020-03-25 14:40:01,Wed
16512931,hx72b7e33b35f872da9d3e227a4f18e6a5b7637c6e,hx2f8b9e265975bd6d99c6ea45219105174e8674d8,iconic innovation,5990,1584891633,2020-03-22 15:40:33,Sun
16508683,hx72b7e33b35f872da9d3e227a4f18e6a5b7637c6e,hx2f8b9e265975bd6d99c6ea45219105174e8674d8,iconic innovation,10,1584883052,2020-03-22 13:17:32,Sun
16483568,hx9f15436f57184e4692f2413acbc7d9d7c220741f,hx2f8b9e265975bd6d99c6ea45219105174e8674d8,iconic innovation,9.8097,1584832360,2020-03-21 23:12:40,Sat
16413893,hxc53b55a377220113263f63bb2361a2ac2a6352d4,hx2f8b9e265975bd6d99c6ea45219105174e8674d8,iconic innovation,152.957,1584691643,2020-03-20 08:07:23,Fri
16379271,hxb5ecb51d097bb723da120b19417ea7d39c46e83f,hx2f8b9e265975bd6d99c6ea45219105174e8674d8,iconic innovation,1420.9634,1584621785,2020-03-19 12:43:05,Thu
16355899,hx25f82046ab9840f05dc52b1e7d5060c2948fbc83,hx2f8b9e265975bd6d99c6ea45219105174e8674d8,iconic innovation,1000,1584574655,2020-03-18 23:37:35,Wed
16315723,hxa85136b2e899d0f67f899cf42789319e09e36275,hx2f8b9e265975bd6d99c6ea45219105174e8674d8,iconic innovation,17.6663,1584493523,2020-03-18 01:05:23,Wed
16298986,hxef09aee121ff60bf010b44c705255f582ed91a64,hx2f8b9e265975bd6d99c6ea45219105174e8674d8,iconic innovation,0.7771,1584459723,2020-03-17 15:42:03,Tue
16283512,hx430a3e5651989b43ecf8f0009bd0c6b0835aa620,hx2f8b9e265975bd6d99c6ea45219105174e8674d8,iconic innovation,10.1403,1584428494,2020-03-17 07:01:34,Tue
16196734,hx503e15d96ee373954cecb3e731e6238c45c1a44d,hx2f8b9e265975bd6d99c6ea45219105174e8674d8,iconic innovation,15.5785,1584252423,2020-03-15 06:07:03,Sun
16174142,hx95e40f94ef09c2d0a3265fdacdbf9b8fe865d577,hx2f8b9e265975bd6d99c6ea45219105174e8674d8,iconic innovation,5240.7115,1584206852,2020-03-14 17:27:32,Sat
16173206,hx12b8ff937c2d2fae7b24ec5407f3cc7920748545,hx2f8b9e265975bd6d99c6ea45219105174e8674d8,iconic innovation,533.032,1584204961,2020-03-14 16:56:01,Sat
16171113,hx95e40f94ef09c2d0a3265fdacdbf9b8fe865d577,hx2f8b9e265975bd6d99c6ea45219105174e8674d8,iconic innovation,633.6053,1584200729,2020-03-14 15:45:29,Sat
16113474,hxc53b55a377220113263f63bb2361a2ac2a6352d4,hx2f8b9e265975bd6d99c6ea45219105174e8674d8,iconic innovation,155.1539,1584084517,2020-03-13 07:28:37,Fri
16091626,hxb5ecb51d097bb723da120b19417ea7d39c46e83f,hx2f8b9e265975bd6d99c6ea45219105174e8674d8,iconic innovation,792.1986,1584040452,2020-03-12 19:14:12,Thu
15988806,hxa85136b2e899d0f67f899cf42789319e09e36275,hx2f8b9e265975bd6d99c6ea45219105174e8674d8,iconic innovation,-1227.3482,1583832687,2020-03-10 09:31:27,Tue
15958554,hxef09aee121ff60bf010b44c705255f582ed91a64,hx2f8b9e265975bd6d99c6ea45219105174e8674d8,iconic innovation,1.5815,1583771647,2020-03-09 16:34:07,Mon
15914908,hxb5ecb51d097bb723da120b19417ea7d39c46e83f,hx2f8b9e265975bd6d99c6ea45219105174e8674d8,iconic innovation,792.0465,1583683589,2020-03-08 16:06:29,Sun
15912748,hx6567617b3596f816480e21eb0f02218d21605a13,hx2f8b9e265975bd6d99c6ea45219105174e8674d8,iconic innovation,0.4794,1583679229,2020-03-08 14:53:49,Sun
15870988,hx514f1d45ca23e4624daf52f674cdbafc4e9ec210,hx2f8b9e265975bd6d99c6ea45219105174e8674d8,iconic innovation,360.4353,1583594934,2020-03-07 15:28:54,Sat
15862295,hx9d04ddbe8f6edec3e28bf64d329c36771e3a2f1e,hx2f8b9e265975bd6d99c6ea45219105174e8674d8,iconic innovation,24.037,1583577377,2020-03-07 10:36:17,Sat
15842168,hx9f15436f57184e4692f2413acbc7d9d7c220741f,hx2f8b9e265975bd6d99c6ea45219105174e8674d8,iconic innovation,0.1948,1583536771,2020-03-06 23:19:31,Fri
15816430,hxc53b55a377220113263f63bb2361a2ac2a6352d4,hx2f8b9e265975bd6d99c6ea45219105174e8674d8,iconic innovation,66.3558,1583484840,2020-03-06 08:54:00,Fri
15803331,hxa85136b2e899d0f67f899cf42789319e09e36275,hx2f8b9e265975bd6d99c6ea45219105174e8674d8,iconic innovation,3061.9303,1583458418,2020-03-06 01:33:38,Fri
15801699,hxa4223229cf2bacc2fbb861563bb6e2b9cbc56a3e,hx2f8b9e265975bd6d99c6ea45219105174e8674d8,iconic innovation,225.8656,1583455127,2020-03-06 00:38:47,Fri
15784847,hx0d31c0e4a754ee2d207087022385523221a25cda,hx2f8b9e265975bd6d99c6ea45219105174e8674d8,iconic innovation,40,1583421089,2020-03-05 15:11:29,Thu
15741450,hx8828b98b778fa29ea8e9522bf9488946899a3913,hx2f8b9e265975bd6d99c6ea45219105174e8674d8,iconic innovation,-735.1847,1583333489,2020-03-04 14:51:29,Wed
15734490,hxb5ecb51d097bb723da120b19417ea7d39c46e83f,hx2f8b9e265975bd6d99c6ea45219105174e8674d8,iconic innovation,1001.5386,1583319447,2020-03-04 10:57:27,Wed
15701496,hxef09aee121ff60bf010b44c705255f582ed91a64,hx2f8b9e265975bd6d99c6ea45219105174e8674d8,iconic innovation,3.1975,1583252890,2020-03-03 16:28:10,Tue
15616254,hx12b8ff937c2d2fae7b24ec5407f3cc7920748545,hx2f8b9e265975bd6d99c6ea45219105174e8674d8,iconic innovation,584.5147,1583080799,2020-03-01 16:39:59,Sun
15615968,hx95e40f94ef09c2d0a3265fdacdbf9b8fe865d577,hx2f8b9e265975bd6d99c6ea45219105174e8674d8,iconic innovation,694.8017,1583080220,2020-03-01 16:30:20,Sun
15588594,hx430a3e5651989b43ecf8f0009bd0c6b0835aa620,hx2f8b9e265975bd6d99c6ea45219105174e8674d8,iconic innovation,7.7577,1583024862,2020-03-01 01:07:42,Sun
15567518,hx89f9c24ceb48f6a3440c645718b286cd8cebacc7,hx2f8b9e265975bd6d99c6ea45219105174e8674d8,iconic innovation,244.284,1582982312,2020-02-29 13:18:32,Sat
15565920,hx6567617b3596f816480e21eb0f02218d21605a13,hx2f8b9e265975bd6d99c6ea45219105174e8674d8,iconic innovation,0.3634,1582979086,2020-02-29 12:24:46,Sat
15518182,hxb5ecb51d097bb723da120b19417ea7d39c46e83f,hx2f8b9e265975bd6d99c6ea45219105174e8674d8,iconic innovation,421.1265,1582882703,2020-02-28 09:38:23,Fri
15409005,hxb5ecb51d097bb723da120b19417ea7d39c46e83f,hx2f8b9e265975bd6d99c6ea45219105174e8674d8,iconic innovation,425.0996,1582662416,2020-02-25 20:26:56,Tue
15364205,hxd82d0cb5cecfb76d24700c09d088e8464c523457,hx2f8b9e265975bd6d99c6ea45219105174e8674d8,iconic innovation,72.9299,1582572036,2020-02-24 19:20:36,Mon
15351064,hxdf49e09faae422d59979f455d20e3294258514ba,hx2f8b9e265975bd6d99c6ea45219105174e8674d8,iconic innovation,113.3461,1582545474,2020-02-24 11:57:54,Mon
15350979,hxdf49e09faae422d59979f455d20e3294258514ba,hx2f8b9e265975bd6d99c6ea45219105174e8674d8,iconic innovation,13,1582545303,2020-02-24 11:55:03,Mon
15325033,hxb5ecb51d097bb723da120b19417ea7d39c46e83f,hx2f8b9e265975bd6d99c6ea45219105174e8674d8,iconic innovation,1771.3908,1582492841,2020-02-23 21:20:41,Sun
15307683,hx6567617b3596f816480e21eb0f02218d21605a13,hx2f8b9e265975bd6d99c6ea45219105174e8674d8,iconic innovation,0.2444,1582457684,2020-02-23 11:34:44,Sun
15207708,hxd82d0cb5cecfb76d24700c09d088e8464c523457,hx2f8b9e265975bd6d99c6ea45219105174e8674d8,iconic innovation,29.2426,1582254158,2020-02-21 03:02:38,Fri
15188698,hxef09aee121ff60bf010b44c705255f582ed91a64,hx2f8b9e265975bd6d99c6ea45219105174e8674d8,iconic innovation,1.3498,1582215738,2020-02-20 16:22:18,Thu
15160884,hx91449e6edfd99af685c9c376024db63fca65e236,hx2f8b9e265975bd6d99c6ea45219105174e8674d8,iconic innovation,2199.8834,1582159591,2020-02-20 00:46:31,Thu
15160851,hxa4223229cf2bacc2fbb861563bb6e2b9cbc56a3e,hx2f8b9e265975bd6d99c6ea45219105174e8674d8,iconic innovation,2125.1896,1582159524,2020-02-20 00:45:24,Thu
15108304,hx6567617b3596f816480e21eb0f02218d21605a13,hx2f8b9e265975bd6d99c6ea45219105174e8674d8,iconic innovation,0.1842,1582053418,2020-02-18 19:16:58,Tue
15020671,hx0123380a74fb41cfea429dd922fa53532a24a68f,hx2f8b9e265975bd6d99c6ea45219105174e8674d8,iconic innovation,-66.9278,1581876384,2020-02-16 18:06:24,Sun
15012783,hx6567617b3596f816480e21eb0f02218d21605a13,hx2f8b9e265975bd6d99c6ea45219105174e8674d8,iconic innovation,0.0608,1581860465,2020-02-16 13:41:05,Sun
15012708,hxbe7f43d5a49c341b5d6cbb5673a4344eb1674388,hx2f8b9e265975bd6d99c6ea45219105174e8674d8,iconic innovation,0.0049,1581860313,2020-02-16 13:38:33,Sun
15007184,hx12b8ff937c2d2fae7b24ec5407f3cc7920748545,hx2f8b9e265975bd6d99c6ea45219105174e8674d8,iconic innovation,838.2276,1581849165,2020-02-16 10:32:45,Sun
15007013,hx95e40f94ef09c2d0a3265fdacdbf9b8fe865d577,hx2f8b9e265975bd6d99c6ea45219105174e8674d8,iconic innovation,995.6665,1581848820,2020-02-16 10:27:00,Sun
15005237,hxb5ecb51d097bb723da120b19417ea7d39c46e83f,hx2f8b9e265975bd6d99c6ea45219105174e8674d8,iconic innovation,903.6473,1581845231,2020-02-16 09:27:11,Sun
14962694,hxef09aee121ff60bf010b44c705255f582ed91a64,hx2f8b9e265975bd6d99c6ea45219105174e8674d8,iconic innovation,0.5371,1581759430,2020-02-15 09:37:10,Sat
14962004,hx8828b98b778fa29ea8e9522bf9488946899a3913,hx2f8b9e265975bd6d99c6ea45219105174e8674d8,iconic innovation,865.7063,1581758040,2020-02-15 09:14:00,Sat
14936467,hx6567617b3596f816480e21eb0f02218d21605a13,hx2f8b9e265975bd6d99c6ea45219105174e8674d8,iconic innovation,0.1162,1581706516,2020-02-14 18:55:16,Fri
14936405,hx52c7d06f8c244b8df4ec1b26571b17e988e83fce,hx2f8b9e265975bd6d99c6ea45219105174e8674d8,iconic innovation,0.0149,1581706391,2020-02-14 18:53:11,Fri
14899576,hxbf57ab05040d065f69cc9ebcac9e93795a88fbc7,hx2f8b9e265975bd6d99c6ea45219105174e8674d8,iconic innovation,-51.3935,1581632165,2020-02-13 22:16:05,Thu
14899546,hxbf57ab05040d065f69cc9ebcac9e93795a88fbc7,hx2f8b9e265975bd6d99c6ea45219105174e8674d8,iconic innovation,-51.3935,1581632105,2020-02-13 22:15:05,Thu
14899402,hx4f7da4a75821e39be2757aebbab83a0c3531786d,hx2f8b9e265975bd6d99c6ea45219105174e8674d8,iconic innovation,39.5596,1581631814,2020-02-13 22:10:14,Thu
14852929,hx6567617b3596f816480e21eb0f02218d21605a13,hx2f8b9e265975bd6d99c6ea45219105174e8674d8,iconic innovation,10,1581538168,2020-02-12 20:09:28,Wed
14849594,hxef09aee121ff60bf010b44c705255f582ed91a64,hx2f8b9e265975bd6d99c6ea45219105174e8674d8,iconic innovation,1.3506,1581531448,2020-02-12 18:17:28,Wed
14832652,hxb5ecb51d097bb723da120b19417ea7d39c46e83f,hx2f8b9e265975bd6d99c6ea45219105174e8674d8,iconic innovation,683.7566,1581497265,2020-02-12 08:47:45,Wed
14808327,hxd5967f65ccc262229d483e82fab2c221e5d4b3fe,hx2f8b9e265975bd6d99c6ea45219105174e8674d8,iconic innovation,2.1902,1581448235,2020-02-11 19:10:35,Tue
14807244,hxbe7f43d5a49c341b5d6cbb5673a4344eb1674388,hx2f8b9e265975bd6d99c6ea45219105174e8674d8,iconic innovation,0.0053,1581446050,2020-02-11 18:34:10,Tue
14714057,hxbe7f43d5a49c341b5d6cbb5673a4344eb1674388,hx2f8b9e265975bd6d99c6ea45219105174e8674d8,iconic innovation,10,1581257861,2020-02-09 14:17:41,Sun
14711430,hx6567617b3596f816480e21eb0f02218d21605a13,hx2f8b9e265975bd6d99c6ea45219105174e8674d8,iconic innovation,51,1581252558,2020-02-09 12:49:18,Sun
14709808,hx2bec9fbafc9a82a961f576b6daf780d6043e9106,hx2f8b9e265975bd6d99c6ea45219105174e8674d8,iconic innovation,-950.677089503124914176,1581249287,2020-02-09 11:54:47,Sun
14702801,hxb5ecb51d097bb723da120b19417ea7d39c46e83f,hx2f8b9e265975bd6d99c6ea45219105174e8674d8,iconic innovation,458.01,1581235153,2020-02-09 07:59:13,Sun
14666817,hxef09aee121ff60bf010b44c705255f582ed91a64,hx2f8b9e265975bd6d99c6ea45219105174e8674d8,iconic innovation,1.6122,1581162553,2020-02-08 11:49:13,Sat
14643565,hx430a3e5651989b43ecf8f0009bd0c6b0835aa620,hx2f8b9e265975bd6d99c6ea45219105174e8674d8,iconic innovation,400.9513,1581115603,2020-02-07 22:46:43,Fri
14628287,hxb5ecb51d097bb723da120b19417ea7d39c46e83f,hx2f8b9e265975bd6d99c6ea45219105174e8674d8,iconic innovation,759.0866,1581084734,2020-02-07 14:12:14,Fri
14562767,hx16f40ad4c412908d4896458d461db0804a0e4cce,hx2f8b9e265975bd6d99c6ea45219105174e8674d8,iconic innovation,1504.89,1580952537,2020-02-06 01:28:57,Thu
14515667,hx6567617b3596f816480e21eb0f02218d21605a13,hx2f8b9e265975bd6d99c6ea45219105174e8674d8,iconic innovation,89,1580857549,2020-02-04 23:05:49,Tue
14515593,hx52c7d06f8c244b8df4ec1b26571b17e988e83fce,hx2f8b9e265975bd6d99c6ea45219105174e8674d8,iconic innovation,10,1580857399,2020-02-04 23:03:19,Tue
14512604,hx430a3e5651989b43ecf8f0009bd0c6b0835aa620,hx2f8b9e265975bd6d99c6ea45219105174e8674d8,iconic innovation,16.4933,1580851375,2020-02-04 21:22:55,Tue
14492096,hxb5ecb51d097bb723da120b19417ea7d39c46e83f,hx2f8b9e265975bd6d99c6ea45219105174e8674d8,iconic innovation,1741.9976,1580810030,2020-02-04 09:53:50,Tue
14491699,hxc867e0ad33ec2723777cfb02e3c43e5caa019f44,hx2f8b9e265975bd6d99c6ea45219105174e8674d8,iconic innovation,-8163.7835,1580809229,2020-02-04 09:40:29,Tue
14491359,hxc867e0ad33ec2723777cfb02e3c43e5caa019f44,hx2f8b9e265975bd6d99c6ea45219105174e8674d8,iconic innovation,8163.7835,1580808544,2020-02-04 09:29:04,Tue
14490100,hxbf57ab05040d065f69cc9ebcac9e93795a88fbc7,hx2f8b9e265975bd6d99c6ea45219105174e8674d8,iconic innovation,102.787,1580806005,2020-02-04 08:46:45,Tue
14487297,hxcf751ea20f3f2e6bee437a6f534ed31ae2b5666b,hx2f8b9e265975bd6d99c6ea45219105174e8674d8,iconic innovation,-2056.0906,1580800334,2020-02-04 07:12:14,Tue
14459146,hx7614bf5f9584cda17cf739d63b0e2395fc9edb6b,hx2f8b9e265975bd6d99c6ea45219105174e8674d8,iconic innovation,-403.0097,1580743574,2020-02-03 15:26:14,Mon
14458913,hx7614bf5f9584cda17cf739d63b0e2395fc9edb6b,hx2f8b9e265975bd6d99c6ea45219105174e8674d8,iconic innovation,806.0193,1580743104,2020-02-03 15:18:24,Mon
14455590,hx4981c43183025e18b11ede88518406b965a6e247,hx2f8b9e265975bd6d99c6ea45219105174e8674d8,iconic innovation,-2219.5045,1580736407,2020-02-03 13:26:47,Mon
14427979,hx0123380a74fb41cfea429dd922fa53532a24a68f,hx2f8b9e265975bd6d99c6ea45219105174e8674d8,iconic innovation,66.9278,1580680775,2020-02-02 21:59:35,Sun
14424656,hx2bec9fbafc9a82a961f576b6daf780d6043e9106,hx2f8b9e265975bd6d99c6ea45219105174e8674d8,iconic innovation,950.677089503124914176,1580674081,2020-02-02 20:08:01,Sun
14420018,hx5c9f0a5d2223b70e453131daa2b433f1622ac65c,hx2f8b9e265975bd6d99c6ea45219105174e8674d8,iconic innovation,-1540.6066,1580664740,2020-02-02 17:32:20,Sun
14406549,hxef09aee121ff60bf010b44c705255f582ed91a64,hx2f8b9e265975bd6d99c6ea45219105174e8674d8,iconic innovation,0.8061,1580637609,2020-02-02 10:00:09,Sun
14300953,hx7de7755f2483a772afe5f50180957bd04e9aa3f5,hx2f8b9e265975bd6d99c6ea45219105174e8674d8,iconic innovation,56.8717,1580424788,2020-01-30 22:53:08,Thu
14300867,hxa9cbd94f506e4fedef082afb1656f166538179f0,hx2f8b9e265975bd6d99c6ea45219105174e8674d8,iconic innovation,56.6408,1580424614,2020-01-30 22:50:14,Thu
14300744,hx85f985e16cab6c36d698e472f7cdc5ba2f5cd5df,hx2f8b9e265975bd6d99c6ea45219105174e8674d8,iconic innovation,2751.1998,1580424366,2020-01-30 22:46:06,Thu
14300650,hxc8d8299911f2f56acf031120a44b2f735ae83090,hx2f8b9e265975bd6d99c6ea45219105174e8674d8,iconic innovation,2751.178,1580424177,2020-01-30 22:42:57,Thu
14300507,hx9e57373737c0ad3450504feaa02dba31a0cb8269,hx2f8b9e265975bd6d99c6ea45219105174e8674d8,iconic innovation,6561.5468,1580423887,2020-01-30 22:38:07,Thu
14299254,hx6567617b3596f816480e21eb0f02218d21605a13,hx2f8b9e265975bd6d99c6ea45219105174e8674d8,iconic innovation,11,1580421353,2020-01-30 21:55:53,Thu
14294841,hxdb5a49e532f00cb667cc46efd43b9ca654ae4147,hx2f8b9e265975bd6d99c6ea45219105174e8674d8,iconic innovation,2.4847,1580412443,2020-01-30 19:27:23,Thu
14127298,hxb5ecb51d097bb723da120b19417ea7d39c46e83f,hx2f8b9e265975bd6d99c6ea45219105174e8674d8,iconic innovation,4194.5936,1580074122,2020-01-26 21:28:42,Sun
14119138,hx95e40f94ef09c2d0a3265fdacdbf9b8fe865d577,hx2f8b9e265975bd6d99c6ea45219105174e8674d8,iconic innovation,1226.7496,1580057678,2020-01-26 16:54:38,Sun
14117445,hx95e40f94ef09c2d0a3265fdacdbf9b8fe865d577,hx2f8b9e265975bd6d99c6ea45219105174e8674d8,iconic innovation,400.2444,1580054265,2020-01-26 15:57:45,Sun
14116517,hx12b8ff937c2d2fae7b24ec5407f3cc7920748545,hx2f8b9e265975bd6d99c6ea45219105174e8674d8,iconic innovation,341.0056,1580052395,2020-01-26 15:26:35,Sun
14109559,hxb590623ffa9bd84de1bcd9c1bd1c14e8b4d3ef6c,hx2f8b9e265975bd6d99c6ea45219105174e8674d8,iconic innovation,-476.0536,1580038370,2020-01-26 11:32:50,Sun
14066423,hxef09aee121ff60bf010b44c705255f582ed91a64,hx2f8b9e265975bd6d99c6ea45219105174e8674d8,iconic innovation,142.4495,1579951437,2020-01-25 11:23:57,Sat
14040153,hxb590623ffa9bd84de1bcd9c1bd1c14e8b4d3ef6c,hx2f8b9e265975bd6d99c6ea45219105174e8674d8,iconic innovation,476.0536,1579898476,2020-01-24 20:41:16,Fri
13929257,hxcf751ea20f3f2e6bee437a6f534ed31ae2b5666b,hx2f8b9e265975bd6d99c6ea45219105174e8674d8,iconic innovation,56.0906,1579674811,2020-01-22 06:33:31,Wed
13861197,hx5c9f0a5d2223b70e453131daa2b433f1622ac65c,hx2f8b9e265975bd6d99c6ea45219105174e8674d8,iconic innovation,36.108,1579537577,2020-01-20 16:26:17,Mon
13861191,hx5c9f0a5d2223b70e453131daa2b433f1622ac65c,hx2f8b9e265975bd6d99c6ea45219105174e8674d8,iconic innovation,735.9733,1579537565,2020-01-20 16:26:05,Mon
13808503,hx12b8ff937c2d2fae7b24ec5407f3cc7920748545,hx2f8b9e265975bd6d99c6ea45219105174e8674d8,iconic innovation,1516.5996,1579431157,2020-01-19 10:52:37,Sun
13808189,hx95e40f94ef09c2d0a3265fdacdbf9b8fe865d577,hx2f8b9e265975bd6d99c6ea45219105174e8674d8,iconic innovation,1779.6871,1579430524,2020-01-19 10:42:04,Sun
13781969,hx7186188022923f213e2bb006e1ae47d53f4e2a0d,hx2f8b9e265975bd6d99c6ea45219105174e8674d8,iconic innovation,119.6001,1579377666,2020-01-18 20:01:06,Sat
13463770,hx5c9f0a5d2223b70e453131daa2b433f1622ac65c,hx2f8b9e265975bd6d99c6ea45219105174e8674d8,iconic innovation,9.6064,1578736058,2020-01-11 09:47:38,Sat
13344679,hxb5ecb51d097bb723da120b19417ea7d39c46e83f,hx2f8b9e265975bd6d99c6ea45219105174e8674d8,iconic innovation,2227.0472,1578495116,2020-01-08 14:51:56,Wed
13220638,hxdb6cd1e3b18f545a05a1adfe6e0b95fd9cde3d44,hx2f8b9e265975bd6d99c6ea45219105174e8674d8,iconic innovation,2268.4323,1578244889,2020-01-05 17:21:29,Sun
13045976,hxb74da2f6e94d494f723b3c80c8bb55fb5bc35299,hx2f8b9e265975bd6d99c6ea45219105174e8674d8,iconic innovation,-304.5537,1577892722,2020-01-01 15:32:02,Wed
12991245,hxb5ecb51d097bb723da120b19417ea7d39c46e83f,hx2f8b9e265975bd6d99c6ea45219105174e8674d8,iconic innovation,6227.9976,1577782210,2019-12-31 08:50:10,Tue
12968124,hxcf751ea20f3f2e6bee437a6f534ed31ae2b5666b,hx2f8b9e265975bd6d99c6ea45219105174e8674d8,iconic innovation,979.7366,1577735593,2019-12-30 19:53:13,Mon
12826374,hxcf751ea20f3f2e6bee437a6f534ed31ae2b5666b,hx2f8b9e265975bd6d99c6ea45219105174e8674d8,iconic innovation,970.2634,1577449862,2019-12-27 12:31:02,Fri
12826191,hxcf751ea20f3f2e6bee437a6f534ed31ae2b5666b,hx2f8b9e265975bd6d99c6ea45219105174e8674d8,iconic innovation,-50,1577449494,2019-12-27 12:24:54,Fri
12787748,hxef09aee121ff60bf010b44c705255f582ed91a64,hx2f8b9e265975bd6d99c6ea45219105174e8674d8,iconic innovation,144.4857,1577372051,2019-12-26 14:54:11,Thu
12780818,hxef09aee121ff60bf010b44c705255f582ed91a64,hx2f8b9e265975bd6d99c6ea45219105174e8674d8,iconic innovation,30.6394,1577358091,2019-12-26 11:01:31,Thu
12741799,hxef09aee121ff60bf010b44c705255f582ed91a64,hx2f8b9e265975bd6d99c6ea45219105174e8674d8,iconic innovation,259.6125,1577279430,2019-12-25 13:10:30,Wed
12706115,hxd5967f65ccc262229d483e82fab2c221e5d4b3fe,hx2f8b9e265975bd6d99c6ea45219105174e8674d8,iconic innovation,2.5047,1577207545,2019-12-24 17:12:25,Tue
12704231,hx665719fc47994184b680818441dd9fa49512adc6,hx2f8b9e265975bd6d99c6ea45219105174e8674d8,iconic innovation,-609.8396,1577203750,2019-12-24 16:09:10,Tue
12696804,hxdb6cd1e3b18f545a05a1adfe6e0b95fd9cde3d44,hx2f8b9e265975bd6d99c6ea45219105174e8674d8,iconic innovation,703.4757,1577188790,2019-12-24 11:59:50,Tue
12695344,hx665719fc47994184b680818441dd9fa49512adc6,hx2f8b9e265975bd6d99c6ea45219105174e8674d8,iconic innovation,609.8396,1577185850,2019-12-24 11:10:50,Tue
12664843,hxcf751ea20f3f2e6bee437a6f534ed31ae2b5666b,hx2f8b9e265975bd6d99c6ea45219105174e8674d8,iconic innovation,100,1577124399,2019-12-23 18:06:39,Mon
12545479,hx9f50546057ddeea2e5c17fa7f7da78a0aa54dd03,hx2f8b9e265975bd6d99c6ea45219105174e8674d8,iconic innovation,-10000,1576883937,2019-12-20 23:18:57,Fri
12472975,hx67d7d55e34204a16454bb490e980b79b70919b82,hx2f8b9e265975bd6d99c6ea45219105174e8674d8,iconic innovation,-277.3627,1576737687,2019-12-19 06:41:27,Thu
12397435,hx4981c43183025e18b11ede88518406b965a6e247,hx2f8b9e265975bd6d99c6ea45219105174e8674d8,iconic innovation,157.061,1576585175,2019-12-17 12:19:35,Tue
12392996,hx67d7d55e34204a16454bb490e980b79b70919b82,hx2f8b9e265975bd6d99c6ea45219105174e8674d8,iconic innovation,11.0946,1576576172,2019-12-17 09:49:32,Tue
12392990,hx67d7d55e34204a16454bb490e980b79b70919b82,hx2f8b9e265975bd6d99c6ea45219105174e8674d8,iconic innovation,-11.0946,1576576160,2019-12-17 09:49:20,Tue
12392977,hx67d7d55e34204a16454bb490e980b79b70919b82,hx2f8b9e265975bd6d99c6ea45219105174e8674d8,iconic innovation,277.3627,1576576134,2019-12-17 09:48:54,Tue
12391019,hx67d7d55e34204a16454bb490e980b79b70919b82,hx2f8b9e265975bd6d99c6ea45219105174e8674d8,iconic innovation,-277.3626,1576572179,2019-12-17 08:42:59,Tue
12390556,hx67d7d55e34204a16454bb490e980b79b70919b82,hx2f8b9e265975bd6d99c6ea45219105174e8674d8,iconic innovation,277.3626,1576570972,2019-12-17 08:22:52,Tue
12284177,hx503e15d96ee373954cecb3e731e6238c45c1a44d,hx2f8b9e265975bd6d99c6ea45219105174e8674d8,iconic innovation,154.416,1576356134,2019-12-14 20:42:14,Sat
12274156,hx12b8ff937c2d2fae7b24ec5407f3cc7920748545,hx2f8b9e265975bd6d99c6ea45219105174e8674d8,iconic innovation,850.902,1576335919,2019-12-14 15:05:19,Sat
12274028,hx95e40f94ef09c2d0a3265fdacdbf9b8fe865d577,hx2f8b9e265975bd6d99c6ea45219105174e8674d8,iconic innovation,998.7066,1576335660,2019-12-14 15:01:00,Sat
12228840,hxd5967f65ccc262229d483e82fab2c221e5d4b3fe,hx2f8b9e265975bd6d99c6ea45219105174e8674d8,iconic innovation,6.3598,1576244240,2019-12-13 13:37:20,Fri
12223678,hx90a8cc2c1c3d1be24922abe97a4b64df31108850,hx2f8b9e265975bd6d99c6ea45219105174e8674d8,iconic innovation,-56.7159,1576233829,2019-12-13 10:43:49,Fri
12153810,hx90a8cc2c1c3d1be24922abe97a4b64df31108850,hx2f8b9e265975bd6d99c6ea45219105174e8674d8,iconic innovation,4.785,1576092322,2019-12-11 19:25:22,Wed
11984542,hx90a8cc2c1c3d1be24922abe97a4b64df31108850,hx2f8b9e265975bd6d99c6ea45219105174e8674d8,iconic innovation,51.9309,1575744035,2019-12-07 18:40:35,Sat
11976063,hx5c9f0a5d2223b70e453131daa2b433f1622ac65c,hx2f8b9e265975bd6d99c6ea45219105174e8674d8,iconic innovation,10.5751,1575726925,2019-12-07 13:55:25,Sat
11801141,hxb5ecb51d097bb723da120b19417ea7d39c46e83f,hx2f8b9e265975bd6d99c6ea45219105174e8674d8,iconic innovation,6203.7612,1575373745,2019-12-03 11:49:05,Tue
11757405,hxa264f115a313ebe380a2979a0f703de891276b9c,hx2f8b9e265975bd6d99c6ea45219105174e8674d8,iconic innovation,-10074.5531,1575285154,2019-12-02 11:12:34,Mon
11733393,hxb0b0c8f32ed7526627332ace3b91cd0810c4a00a,hx2f8b9e265975bd6d99c6ea45219105174e8674d8,iconic innovation,-2510.8907,1575236709,2019-12-01 21:45:09,Sun
11732962,hxb0b0c8f32ed7526627332ace3b91cd0810c4a00a,hx2f8b9e265975bd6d99c6ea45219105174e8674d8,iconic innovation,2510.8907,1575235839,2019-12-01 21:30:39,Sun
11724716,hxa264f115a313ebe380a2979a0f703de891276b9c,hx2f8b9e265975bd6d99c6ea45219105174e8674d8,iconic innovation,74.5531,1575219208,2019-12-01 16:53:28,Sun
11676175,hx9f50546057ddeea2e5c17fa7f7da78a0aa54dd03,hx2f8b9e265975bd6d99c6ea45219105174e8674d8,iconic innovation,10000,1575121194,2019-11-30 13:39:54,Sat
11535215,hx5c9f0a5d2223b70e453131daa2b433f1622ac65c,hx2f8b9e265975bd6d99c6ea45219105174e8674d8,iconic innovation,9.336,1574836056,2019-11-27 06:27:36,Wed
11515714,hxb74da2f6e94d494f723b3c80c8bb55fb5bc35299,hx2f8b9e265975bd6d99c6ea45219105174e8674d8,iconic innovation,304.5537,1574796692,2019-11-26 19:31:32,Tue
11498379,hxc8d8299911f2f56acf031120a44b2f735ae83090,hx2f8b9e265975bd6d99c6ea45219105174e8674d8,iconic innovation,859.1466,1574758272,2019-11-26 08:51:12,Tue
11498311,hx7de7755f2483a772afe5f50180957bd04e9aa3f5,hx2f8b9e265975bd6d99c6ea45219105174e8674d8,iconic innovation,17.1456,1574758135,2019-11-26 08:48:55,Tue
11498243,hxa9cbd94f506e4fedef082afb1656f166538179f0,hx2f8b9e265975bd6d99c6ea45219105174e8674d8,iconic innovation,17.0735,1574757998,2019-11-26 08:46:38,Tue
11498075,hx85f985e16cab6c36d698e472f7cdc5ba2f5cd5df,hx2f8b9e265975bd6d99c6ea45219105174e8674d8,iconic innovation,859.1515,1574757658,2019-11-26 08:40:58,Tue
11497821,hx9e57373737c0ad3450504feaa02dba31a0cb8269,hx2f8b9e265975bd6d99c6ea45219105174e8674d8,iconic innovation,2049.9273,1574757145,2019-11-26 08:32:25,Tue
11457422,hxa264f115a313ebe380a2979a0f703de891276b9c,hx2f8b9e265975bd6d99c6ea45219105174e8674d8,iconic innovation,10000,1574675431,2019-11-25 09:50:31,Mon
11429763,hx12b8ff937c2d2fae7b24ec5407f3cc7920748545,hx2f8b9e265975bd6d99c6ea45219105174e8674d8,iconic innovation,824.4991,1574619428,2019-11-24 18:17:08,Sun
11429534,hx95e40f94ef09c2d0a3265fdacdbf9b8fe865d577,hx2f8b9e265975bd6d99c6ea45219105174e8674d8,iconic innovation,967.7127,1574618967,2019-11-24 18:09:27,Sun
11205242,hx4981c43183025e18b11ede88518406b965a6e247,hx2f8b9e265975bd6d99c6ea45219105174e8674d8,iconic innovation,2062.4435,1574162566,2019-11-19 11:22:46,Tue
11157268,hxb5ecb51d097bb723da120b19417ea7d39c46e83f,hx2f8b9e265975bd6d99c6ea45219105174e8674d8,iconic innovation,476.9966,1573983907,2019-11-17 09:45:07,Sun
11133126,hx5c9f0a5d2223b70e453131daa2b433f1622ac65c,hx2f8b9e265975bd6d99c6ea45219105174e8674d8,iconic innovation,29.5161,1573931978,2019-11-16 19:19:38,Sat
11133114,hx5c9f0a5d2223b70e453131daa2b433f1622ac65c,hx2f8b9e265975bd6d99c6ea45219105174e8674d8,iconic innovation,256.2053,1573931953,2019-11-16 19:19:13,Sat
11133081,hx5c9f0a5d2223b70e453131daa2b433f1622ac65c,hx2f8b9e265975bd6d99c6ea45219105174e8674d8,iconic innovation,327.5989,1573931886,2019-11-16 19:18:06,Sat
11117771,hx7f0da8bc25dbc98ded1678f5be9209a2f3054e02,hx2f8b9e265975bd6d99c6ea45219105174e8674d8,iconic innovation,-2633.2319,1573901004,2019-11-16 10:43:24,Sat
11101266,hx922635fcffd318c2a5353015ab533a538f326567,hx2f8b9e265975bd6d99c6ea45219105174e8674d8,iconic innovation,-2.4396,1573864809,2019-11-16 00:40:09,Sat
11101148,hx922635fcffd318c2a5353015ab533a538f326567,hx2f8b9e265975bd6d99c6ea45219105174e8674d8,iconic innovation,2.4396,1573864570,2019-11-16 00:36:10,Sat
11081987,hxb5ecb51d097bb723da120b19417ea7d39c46e83f,hx2f8b9e265975bd6d99c6ea45219105174e8674d8,iconic innovation,1216.5638,1573825726,2019-11-15 13:48:46,Fri
11081876,hx2f8b9e265975bd6d99c6ea45219105174e8674d8,hx2f8b9e265975bd6d99c6ea45219105174e8674d8,iconic innovation,-2855.558,1573825503,2019-11-15 13:45:03,Fri
10984408,hxc825c42043a4b393f394e10d3699519b6153ee06,hx2f8b9e265975bd6d99c6ea45219105174e8674d8,iconic innovation,-41992,1573628254,2019-11-13 06:57:34,Wed
10983377,hxc825c42043a4b393f394e10d3699519b6153ee06,hx2f8b9e265975bd6d99c6ea45219105174e8674d8,iconic innovation,41992,1573626174,2019-11-13 06:22:54,Wed
10928230,hx2b63d2b05dc00b34a5d3e91db9da0a43d269a94e,hx2f8b9e265975bd6d99c6ea45219105174e8674d8,iconic innovation,2025.4852,1573507633,2019-11-11 21:27:13,Mon
10878450,hx2f8b9e265975bd6d99c6ea45219105174e8674d8,hx2f8b9e265975bd6d99c6ea45219105174e8674d8,iconic innovation,489.0501,1573406343,2019-11-10 17:19:03,Sun
10750735,hx2f8b9e265975bd6d99c6ea45219105174e8674d8,hx2f8b9e265975bd6d99c6ea45219105174e8674d8,iconic innovation,756.4477,1573141850,2019-11-07 15:50:50,Thu
10651616,hx7de7755f2483a772afe5f50180957bd04e9aa3f5,hx2f8b9e265975bd6d99c6ea45219105174e8674d8,iconic innovation,9.1658,1572939690,2019-11-05 07:41:30,Tue
10651292,hxa9cbd94f506e4fedef082afb1656f166538179f0,hx2f8b9e265975bd6d99c6ea45219105174e8674d8,iconic innovation,9.1273,1572939037,2019-11-05 07:30:37,Tue
10651181,hx85f985e16cab6c36d698e472f7cdc5ba2f5cd5df,hx2f8b9e265975bd6d99c6ea45219105174e8674d8,iconic innovation,459.3905,1572938813,2019-11-05 07:26:53,Tue
10651039,hxc8d8299911f2f56acf031120a44b2f735ae83090,hx2f8b9e265975bd6d99c6ea45219105174e8674d8,iconic innovation,459.3932,1572938526,2019-11-05 07:22:06,Tue
10650879,hx9e57373737c0ad3450504feaa02dba31a0cb8269,hx2f8b9e265975bd6d99c6ea45219105174e8674d8,iconic innovation,1096.1302,1572938204,2019-11-05 07:16:44,Tue
10635006,hx2f8b9e265975bd6d99c6ea45219105174e8674d8,hx2f8b9e265975bd6d99c6ea45219105174e8674d8,iconic innovation,1263.1017,1572905697,2019-11-04 22:14:57,Mon
10624951,hx5c9f0a5d2223b70e453131daa2b433f1622ac65c,hx2f8b9e265975bd6d99c6ea45219105174e8674d8,iconic innovation,125.6875,1572885419,2019-11-04 16:36:59,Mon
10588634,hx95e40f94ef09c2d0a3265fdacdbf9b8fe865d577,hx2f8b9e265975bd6d99c6ea45219105174e8674d8,iconic innovation,434.1549,1572812139,2019-11-03 20:15:39,Sun
10588316,hx12b8ff937c2d2fae7b24ec5407f3cc7920748545,hx2f8b9e265975bd6d99c6ea45219105174e8674d8,iconic innovation,369.7345,1572811498,2019-11-03 20:04:58,Sun
10587855,hxd80c4f3446dddcb65d73a7df9ac98f3f6401936d,hx2f8b9e265975bd6d99c6ea45219105174e8674d8,iconic innovation,1525.541,1572810568,2019-11-03 19:49:28,Sun
10587621,hx464092dfa1d6db5c1bca65a5d5d45a66258bbcba,hx2f8b9e265975bd6d99c6ea45219105174e8674d8,iconic innovation,1525.4759,1572810096,2019-11-03 19:41:36,Sun
10432725,hx945c7eed2ea9d74f084bd80d1a89773056f7badf,hx2f8b9e265975bd6d99c6ea45219105174e8674d8,iconic innovation,-22.2389,1572493970,2019-10-31 03:52:50,Thu
10389954,hx945c7eed2ea9d74f084bd80d1a89773056f7badf,hx2f8b9e265975bd6d99c6ea45219105174e8674d8,iconic innovation,22.2389,1572406670,2019-10-30 03:37:50,Wed
10372939,hxd5967f65ccc262229d483e82fab2c221e5d4b3fe,hx2f8b9e265975bd6d99c6ea45219105174e8674d8,iconic innovation,99.7498,1572372294,2019-10-29 18:04:54,Tue
10330779,hx108d6a3b41580269485e3779905a371a34f71957,hx2f8b9e265975bd6d99c6ea45219105174e8674d8,iconic innovation,495.9914,1572269072,2019-10-28 13:24:32,Mon
10322389,hx60ecd032263fe8df55839c87cc9603a8b26c09e4,hx2f8b9e265975bd6d99c6ea45219105174e8674d8,iconic innovation,9.4153,1572252234,2019-10-28 08:43:54,Mon
10284282,hx7f0da8bc25dbc98ded1678f5be9209a2f3054e02,hx2f8b9e265975bd6d99c6ea45219105174e8674d8,iconic innovation,2633.2319,1572175700,2019-10-27 11:28:20,Sun
10242138,hx95e40f94ef09c2d0a3265fdacdbf9b8fe865d577,hx2f8b9e265975bd6d99c6ea45219105174e8674d8,iconic innovation,91477.5739,1572091227,2019-10-26 12:00:27,Sat
10240772,hx12b8ff937c2d2fae7b24ec5407f3cc7920748545,hx2f8b9e265975bd6d99c6ea45219105174e8674d8,iconic innovation,77939.6883,1572088489,2019-10-26 11:14:49,Sat
10216382,hx7de7755f2483a772afe5f50180957bd04e9aa3f5,hx2f8b9e265975bd6d99c6ea45219105174e8674d8,iconic innovation,1546.1257,1572039602,2019-10-25 21:40:02,Fri
10216162,hxa9cbd94f506e4fedef082afb1656f166538179f0,hx2f8b9e265975bd6d99c6ea45219105174e8674d8,iconic innovation,1539.6177,1572039161,2019-10-25 21:32:41,Fri
10215766,hx85f985e16cab6c36d698e472f7cdc5ba2f5cd5df,hx2f8b9e265975bd6d99c6ea45219105174e8674d8,iconic innovation,77459.1839,1572038367,2019-10-25 21:19:27,Fri
10215454,hxc8d8299911f2f56acf031120a44b2f735ae83090,hx2f8b9e265975bd6d99c6ea45219105174e8674d8,iconic innovation,77458.6562,1572037741,2019-10-25 21:09:01,Fri
10215103,hx9e57373737c0ad3450504feaa02dba31a0cb8269,hx2f8b9e265975bd6d99c6ea45219105174e8674d8,iconic innovation,184816.0169,1572037038,2019-10-25 20:57:18,Fri
10210264,hx2f8b9e265975bd6d99c6ea45219105174e8674d8,hx2f8b9e265975bd6d99c6ea45219105174e8674d8,iconic innovation,346.9585,1572027339,2019-10-25 18:15:39,Fri
