biweek,delegator,sum_votes,how_many_prep_voted,raffle_tickets,total_votes,total_votes,total_votes,total_votes,vote_percentages_per_prep,vote_percentages_per_prep,vote_percentages_per_prep,vote_percentages_per_prep,Qualified
,,,,,min,max,median,mean,min,max,median,mean,
2020-49 & 2020-50,hxc35919c430476b095652bc91056ba1baf0420f9e,4400.0,100,10,0.0,400.0,33.0,42.30769230769231,0.00000%,9.09091%,0.75000%,0.96154%,YES
2020-49 & 2020-50,hx18c7901c5df492dc4e57c9b4952f4d3cbce66206,271.2119,100,10,0.0,3.5614999999999988,2.714,2.6852663366336635,0.00000%,1.31318%,1.00069%,0.99010%,YES
2020-49 & 2020-50,hx93f780635e8eceb569c8ac44cdcb88eb4c5c39b3,5000.750799999996,100,10,20.0,1096.4992,54.3088,50.00750799999996,0.39994%,21.92669%,1.08601%,1.00000%,YES
2020-49 & 2020-50,hxb0d886f01ca2697ce9961232a754bb3923142128,16002.111700000012,100,10,88.70160000000001,255.08670000000006,157.7947,160.02111700000012,0.55431%,1.59408%,0.98609%,1.00000%,YES
2020-49 & 2020-50,hx613b8c58b274bb7c9579ddc3a1a11a5bc1e02c58,16262.746283623295,100,10,1.0,15130.746283623297,1.0,162.62746283623295,0.00615%,93.03931%,0.00615%,1.00000%,NO
2020-49 & 2020-50,hx114049660809114582bfc83f66833560544bf877,1919.696400000002,79,7,19.1635,424.5507,19.171,24.299954430379774,0.99826%,22.11551%,0.99865%,1.26582%,YES
2020-49 & 2020-50,hx049eec5560f8518cffce2ab74fce56ad31fc79c6,7323.880199999999,56,5,1.6433,1071.6487,89.49414999999999,130.78357499999998,0.02244%,14.63225%,1.22195%,1.78571%,YES
2020-49 & 2020-50,hx14c5d80083258bca5146f7c1eecb780ad0c0f930,534.3735999999998,52,5,1.7234,27.5024,9.583300000000001,10.27641538461538,0.32251%,5.14666%,1.79337%,1.92308%,YES
2020-49 & 2020-50,hx1b4e0df6efc52a2b567f6b254353e14c7a2b479f,54639.735100000005,47,4,343.533,8685.4724,463.9852,1162.547555319149,0.62872%,15.89589%,0.84917%,2.12766%,YES
2020-49 & 2020-50,hxd2fe38548f3f4a8c545112582c668913a85d4b93,83018.5333,43,4,27.4703,3055.8755,2000.0,1930.663565116279,0.03309%,3.68096%,2.40910%,2.32558%,YES
2020-49 & 2020-50,hxa5fec8185972595f174e57e41774c28559408a28,318.69767441460004,43,4,2.000000000000014,7.651162790599999,7.651162790599999,7.41157382359535,0.62755%,2.40076%,2.40076%,2.32558%,YES
2020-49 & 2020-50,hxd7d52c9ad84b08757a1d9a95234d6a62849f103a,2210.8405999999995,42,4,19.9258,131.6602,44.2792,52.639061904761896,0.90128%,5.95521%,2.00282%,2.38095%,YES
2020-49 & 2020-50,hxaf0882e1856ba71a69408edea4c244f706ac622e,13326.3747,37,3,72.33589999999998,397.3499,397.3498,360.1722891891892,0.54280%,2.98168%,2.98168%,2.70270%,YES
2020-49 & 2020-50,hxf7680b84aed887350194c26bd98996312020379f,51576.99999999731,37,3,1393.9729729728986,1393.9729729729004,1393.9729729729002,1393.9729729729002,2.70270%,2.70270%,2.70270%,2.70270%,YES
2020-49 & 2020-50,hxa16dc10855a6a7d1c455d324f9c7776ae1290133,244669.5415,34,3,2325.0738,10793.346599999999,7469.421249999999,7196.162985294118,0.95029%,4.41140%,3.05286%,2.94118%,YES
2020-49 & 2020-50,hx42967fdffaacf8b41362b3574d631a17c320ff49,1142.0895,33,3,34.5,38.0895,34.5,34.60877272727273,3.02078%,3.33507%,3.02078%,3.03030%,YES
2020-49 & 2020-50,hxd2b801100a49fb8cdca2df399e14f06b96acafa8,6187.327399999999,31,3,60.3395,809.1919,120.6791,199.5912064516129,0.97521%,13.07821%,1.95042%,3.22581%,YES
2020-49 & 2020-50,hxbfa2e0c0454a1d36d1ed8ccc6ac4d3a333366c47,361.8231,30,3,0.0,220.9751,3.6225,9.779002702702703,0.00000%,61.07269%,1.00118%,2.70270%,YES
2020-49 & 2020-50,hx4238c8c7ff1d53d4f91c9b5460d1ac037f642da4,50493.7999,28,2,0.0,5744.059,1517.9658999999992,1683.1266633333332,0.00000%,11.37577%,3.00624%,3.33333%,YES
2020-49 & 2020-50,hx9a12c867e8bb3d3e731eec1334bbc43f88ca4fad,46810.65749999999,26,2,706.9289,4415.9573,1503.8408000000002,1800.4099038461534,1.51019%,9.43366%,3.21260%,3.84615%,YES
2020-49 & 2020-50,hx64adf776e53d0f30d2c4e90461a043fcc58c04bf,1036.7643,26,2,20.7352,82.9412,41.47055,39.875550000000004,1.99999%,8.00001%,4.00000%,3.84615%,YES
2020-49 & 2020-50,hx7301714168f31c464fd766bad237b9a99c14824c,3029.9643,25,2,103.9943,134.3819,134.3819,121.198572,3.43220%,4.43510%,4.43510%,4.00000%,YES
2020-49 & 2020-50,hxf159b2029f3d6e8823157033ada47b76e8903a4f,630.4624975297266,25,2,1.371961950484824,64.93149732357978,20.76282793422435,25.218499901189066,0.21761%,10.29903%,3.29327%,4.00000%,YES
2020-49 & 2020-50,hxcaf3a1285478520ad520d34d470aed54d49c4774,23432.8644,24,2,301.7483,3702.6113,845.68175,976.3693499999999,1.28771%,15.80093%,3.60896%,4.16667%,YES
2020-49 & 2020-50,hxee4ed659a48922c4f5dbe97ab3fcdc35a7010924,10160.937299999998,23,2,196.18959999999998,810.0657,392.2957,441.7798826086956,1.93082%,7.97235%,3.86082%,4.34783%,YES
2020-49 & 2020-50,hx171a92e51f8f199d509c61699897bdc93f265761,2529.044,23,2,50.5808,379.3566,75.8713,109.95843478260869,2.00000%,15.00000%,3.00000%,4.34783%,YES
2020-49 & 2020-50,hxb812766bc41d782edd84f7b8a36c97fcaf6bfd39,244.4239,23,2,4.5489999999999995,29.8749,10.0,10.627126086956522,1.86111%,12.22258%,4.09125%,4.34783%,YES
2020-49 & 2020-50,hx396b89b9167f5b1ca55e8224fcff78b22677bf1f,7587.163242270916,23,2,139.96104842816473,730.2312066876341,258.4896597437197,329.87666270743114,1.84471%,9.62456%,3.40693%,4.34783%,YES
2020-49 & 2020-50,hx6aee4d81a36e730ef217616542ed7c654829ead2,2999.0093,23,2,59.9801,180.2131,120.1421,130.39170869565217,2.00000%,6.00909%,4.00606%,4.34783%,YES
2020-49 & 2020-50,hx4c9cc8daac26a7547d378fc9d1960bd9e3187870,478.04330000000004,23,2,6.2176,86.089,20.0,20.784491304347828,1.30064%,18.00862%,4.18372%,4.34783%,YES
2020-49 & 2020-50,hxb50bf047dfdce1e3b21ee7cde229a99a29e3569d,38374.6756,22,2,745.6016,3807.4334,1864.0039,1744.3034363636364,1.94295%,9.92173%,4.85738%,4.54545%,YES
2020-49 & 2020-50,hx349502ce9e2e1f290769bfa4d2a878a0cfb0050f,4349.36,22,2,197.0,212.35999999999993,197.0,197.6981818181818,4.52940%,4.88256%,4.52940%,4.54545%,YES
2020-49 & 2020-50,hxd6b8a685743ab7134eeb545947741817e0caf4af,10434.217700000001,22,2,104.2116,1396.6519000000003,436.2595,474.2826227272728,0.99875%,13.38531%,4.18105%,4.54545%,YES
2020-49 & 2020-50,hx4b3aec7d9d401557939d392e03721025eee2a6a7,214093.6537,22,2,4190.5317,13034.034199999998,7900.12405,9731.529713636364,1.95734%,6.08801%,3.69003%,4.54545%,YES
2020-49 & 2020-50,hx2e48a07fc66eb6de9cebb40d6fc3b6407174b92e,1017.9877,22,2,45.9877,49.0,46.0,46.27216818181818,4.51751%,4.81342%,4.51872%,4.54545%,YES
2020-49 & 2020-50,hx3c117f6c88806a9a37f5602ab884568d71138239,9033.6596,21,2,350.8427,720.1409,350.8427,430.1742666666667,3.88373%,7.97175%,3.88373%,4.76190%,YES
2020-49 & 2020-50,hxac10537896b44850e68db5d5ef50d57af82953da,2755.1885,21,2,20.0,300.0,100.0,131.19945238095238,0.72590%,10.88855%,3.62952%,4.76190%,YES
2020-49 & 2020-50,hxad9a11d1d6a37c499284b9ce23e38f1e9b3e0894,50914.7217,21,2,105.4244,9413.5175,1492.9952,2424.510557142857,0.20706%,18.48879%,2.93234%,4.76190%,YES
2020-49 & 2020-50,hxb69e92375ef41990daba1ff2f72409555f787aa8,51756.29340000001,21,2,122.5383,20633.75510000001,1000.0,2464.5854000000004,0.23676%,39.86714%,1.93213%,4.76190%,YES
2020-49 & 2020-50,hxf0fa3e948b05eca500400a88c13808d0797e4850,26411.9893,21,2,1.0,26253.9893,5.0,1257.7137761904762,0.00379%,99.40179%,0.01893%,4.76190%,NO
2020-49 & 2020-50,hx77035912d806f04dad1a0d33ba6014effcc7fbc0,20014.0,21,2,14.0,1000.0,1000.0,953.047619047619,0.06995%,4.99650%,4.99650%,4.76190%,YES
2020-49 & 2020-50,hx624cc71bdd83371ed6ed32ba06c705e8d586244c,32840.0172,21,2,10.0,25865.7536,56.8865,1563.810342857143,0.03045%,78.76291%,0.17322%,4.76190%,NO
2020-49 & 2020-50,hx0c67126a203416e066ff2ee1c0f6ab1a3eedc959,11387.0,21,2,0.0,1494.0,476.0,455.48,0.00000%,13.12022%,4.18021%,4.00000%,YES
2020-49 & 2020-50,hxd5831e3323d39b999a92970d1a1d4a5e848dda46,8207.0257,21,2,259.42539999999997,569.3248,422.1933,390.8107476190476,3.16102%,6.93704%,5.14429%,4.76190%,YES
2020-49 & 2020-50,hx44f4a5faccae3e1a109e95c896c13ae234d4d145,2283.9844000000007,21,2,6.5012,627.0958,79.4095,108.76116190476193,0.28464%,27.45622%,3.47680%,4.76190%,YES
2020-49 & 2020-50,hxc7b808aaa9c8582cd5adc39be974df20a55c55e0,48320.16930000001,21,2,5.0,24682.1493,10.0,2300.9604428571433,0.01035%,51.08043%,0.02070%,4.76190%,YES
2020-49 & 2020-50,hx88b2272c89d22f69b280e9b2304e5acb72463788,5101.125,21,2,40.8128,825.9966999999999,153.0476,242.91071428571428,0.80007%,16.19244%,3.00027%,4.76190%,YES
2020-49 & 2020-50,hx23c7091c5c63676d0667653d2c1a0791cf9236d2,884.3240000000003,20,2,44.2,44.523999999999994,44.2,44.216200000000015,4.99817%,5.03481%,4.99817%,5.00000%,YES
2020-49 & 2020-50,hxcb95e7390d67723f0cd7830aaa56a248763817d8,353.4459,20,2,11.4459,18.0,18.0,17.672295,3.23837%,5.09272%,5.09272%,5.00000%,YES
2020-49 & 2020-50,hx913399911d719b0ae91071c4c9017f0f1e8ca8f0,997.9848000000002,20,2,9.9898,108.8884,49.94925,49.899240000000006,1.00100%,10.91083%,5.00501%,5.00000%,YES
2020-49 & 2020-50,hx2e4309caac07eff585c4b0c12e787c50fcbc3e05,771.4793999999999,20,2,22.7815,57.3531,37.09795,38.573969999999996,2.95296%,7.43417%,4.80868%,5.00000%,YES
2020-49 & 2020-50,hxf3d6326506d3093fbbeb8ca8eb0ef7a23536ef18,34624.99999999999,20,2,1632.2641,1736.4629,1736.4629,1731.2499999999995,4.71412%,5.01506%,5.01506%,5.00000%,YES
2020-49 & 2020-50,hx6df7bc87eb3a0a7c38ec7edca32d82a3595071d9,1278.7951000000005,20,2,26.7933,415.3677,44.6556,63.93975500000003,2.09520%,32.48118%,3.49201%,5.00000%,YES
2020-49 & 2020-50,hx99e3d951340ad78f48437eae250cb05f9f4d0284,22142.0039,20,2,432.7106,2646.6874999999995,471.3905,1107.100195,1.95425%,11.95324%,2.12894%,5.00000%,YES
2020-49 & 2020-50,hx6c4f4f44ae546e57eac829897ed94337fdad47af,5604.4105,20,2,0.0,500.0,200.0,266.87669047619045,0.00000%,8.92154%,3.56862%,4.76190%,YES
2020-49 & 2020-50,hx857353391e454d7fc60f4879224aade697602877,335.15999999999997,20,2,6.7032,23.4613,16.758,16.758,2.00000%,7.00003%,5.00000%,5.00000%,YES
2020-49 & 2020-50,hx7f02efbae58798bb1c5b42c16aa85fbbc4c8db41,13411.8288,20,2,1.0,13392.8288,1.0,670.5914399999999,0.00746%,99.85833%,0.00746%,5.00000%,NO
2020-49 & 2020-50,hxb17745d715f488307816fb9d2861bc2d08c39e5c,1034.0,20,2,31.02,103.4,51.7,51.7,3.00000%,10.00000%,5.00000%,5.00000%,YES
2020-49 & 2020-50,hx6017e7e70f316db3dc5eeeb955fc9fe9713a4bb2,6739.696200000001,20,2,335.0,340.0000000000007,335.0,336.98481000000004,4.97055%,5.04474%,4.97055%,5.00000%,YES
2020-49 & 2020-50,hx1cd1e371a8f885f68799aa837e287c5c442e9adb,49999.999999999985,20,2,200.0,9221.8106,2222.0705000000003,2499.999999999999,0.40000%,18.44362%,4.44414%,5.00000%,YES
2020-49 & 2020-50,hxe46fa4aa6d20d1ee400654fd5f328632ed319f0b,703.9411000000001,20,2,9.3244,211.45710000000003,24.812649999999998,35.197055000000006,1.32460%,30.03903%,3.52482%,5.00000%,YES
2020-49 & 2020-50,hxe67b818b6ab2967afc6ede848658c66802b8ab9c,794.2266000000004,20,2,39.7113,39.7119,39.7113,39.71133000000002,5.00000%,5.00007%,5.00000%,5.00000%,YES
2020-49 & 2020-50,hx1c7bd6a471d502840378e455f2f45430b9973d90,44321.6684,20,2,0.0,44302.6684,1.0,2014.621290909091,0.00000%,99.95713%,0.00226%,4.54545%,NO
2020-49 & 2020-50,hx18e6ff393f3e2d47649494b0708141e87d46d98f,88.10000000000001,20,2,4.405,4.405,4.405,4.405,5.00000%,5.00000%,5.00000%,5.00000%,YES
2020-49 & 2020-50,hx5203a1c4db4ce125e32d81205a8bff763ff579f1,87487.12811107711,20,2,331.1250163557178,18431.760291006154,3187.424252574897,4374.356405553855,0.37848%,21.06797%,3.64331%,5.00000%,YES
2020-49 & 2020-50,hxa745e00938fb20c9b55406d21d2fa175d248ff9c,3095.8172,20,2,18.3565,400.0,80.0,154.79086,0.59295%,12.92066%,2.58413%,5.00000%,YES
2020-49 & 2020-50,hx8e1c9e9a72d54632fb8769bbd9417d1af1be079b,7702.560599999999,20,2,0.0,1080.9521000000002,221.46520000000004,366.7886,0.00000%,14.03367%,2.87522%,4.76190%,YES
2020-49 & 2020-50,hx20268fdf7c282d97b5a91441bb6d3f218dc49f9c,168.82949999999994,19,1,3.9872,16.232,8.482000000000001,8.885763157894734,2.36167%,9.61443%,5.02400%,5.26316%,YES
2020-49 & 2020-50,hx40bc58ea43241b88e13e3e2b54db0eefa73108fd,147978.34370000003,19,1,291.0607,30647.567699999996,5362.6061,7788.33387894737,0.19669%,20.71085%,3.62391%,5.26316%,YES
2020-49 & 2020-50,hxe03b68f5e0fafd46eed4b9ab805a95734278a3bd,80113.6199,19,1,0.0,11080.597600000001,3669.5703000000003,3338.0674958333334,0.00000%,13.83110%,4.58046%,4.16667%,YES
2020-49 & 2020-50,hxd57953ba157721028b3fedbc7c067ed555c85e01,78033.3252,19,1,40.0,36753.3252,200.0,4107.017115789474,0.05126%,47.09952%,0.25630%,5.26316%,YES
2020-49 & 2020-50,hx82b4acc37a019e08235724f88d4cb0f130a0a208,36177.2167,19,1,882.8539999999999,3000.0,1769.7059,1904.0640368421052,2.44036%,8.29251%,4.89177%,5.26316%,YES
2020-49 & 2020-50,hx179358d62f45c8327fab772dfc3bf08b8d5c1259,1635.2766,18,1,40.5453,170.0,76.98294999999999,90.8487,2.47942%,10.39579%,4.70764%,5.55556%,YES
2020-49 & 2020-50,hx26907c177186f27613f85431237f3d68cf303528,41791.803400000004,18,1,1474.4764,4233.4072,2364.66005,2321.7668555555556,3.52815%,10.12975%,5.65819%,5.55556%,YES
2020-49 & 2020-50,hx6de349dbe155a21ee96dcf194d65f67f50ad2a74,31165.343500000003,18,1,499.99999999999955,1888.6425,1800.0,1731.4079722222223,1.60435%,6.06007%,5.77565%,5.55556%,YES
2020-49 & 2020-50,hx81f933da3f0ef5fe89887e06cb3b2f80aba4010b,5987.817300000001,18,1,213.4852,500.0,300.0,332.6565166666667,3.56533%,8.35029%,5.01017%,5.55556%,YES
2020-49 & 2020-50,hx82a8319354bbdf73087c60a019563c980061f592,33508.9659,18,1,0.0,5152.6641,1571.0981,1675.4482950000001,0.00000%,15.37697%,4.68859%,5.00000%,YES
2020-49 & 2020-50,hx35684b6a38b8e7b54ad385a2b986d09c8bc83f61,4744.441900000001,18,1,128.1256,857.0828,237.2695,263.5801055555556,2.70054%,18.06499%,5.00100%,5.55556%,YES
2020-49 & 2020-50,hx02d9625fede24e2378ab6e96cf354cb350992c65,5062.0219,18,1,59.4921,451.8808,301.2539,281.2234388888889,1.17526%,8.92688%,5.95126%,5.55556%,YES
2020-49 & 2020-50,hxc6bdf332de359c46f3bedbb1776ce0f8ce78a1b6,857472.214,18,1,0.0,104962.7032,50304.2343,40832.01019047619,0.00000%,12.24095%,5.86657%,4.76190%,YES
2020-49 & 2020-50,hx02e7a0938791fcbd5379740a3f7cdbd5c75c690e,4188.6637,18,1,200.0,300.00000000000006,200.0,232.7035388888889,4.77479%,7.16219%,4.77479%,5.55556%,YES
2020-49 & 2020-50,hx6b9dcbd1234b5f5317b04fc4bcfb31930d0d4895,573.8751,17,1,10.0,86.1359,34.4542,33.75735882352941,1.74254%,15.00952%,6.00378%,5.88235%,YES
2020-49 & 2020-50,hx6c6cbea1f364be1be5a56f9d5b5675a3f9828366,20271.0552,17,1,2.0,4061.2,906.922,1192.415011764706,0.00987%,20.03448%,4.47398%,5.88235%,YES
2020-49 & 2020-50,hxbae2c2c3b5461d945ea9d040c8287ab11d524c95,200.35470000000032,17,1,1.0,123.58330000000018,4.0151,11.785570588235313,0.49911%,61.68226%,2.00400%,5.88235%,YES
2020-49 & 2020-50,hxb09866aadc6d5b5e9c2c222f4419fa02e34939a9,5022.9999999984,17,1,295.47058823519995,295.4705882352001,295.4705882352,295.4705882352,5.88235%,5.88235%,5.88235%,5.88235%,YES
2020-49 & 2020-50,hx5e46559dcbaf2107e562e3e5832ed7b384c8debe,31412.6619,17,1,999.8241,12412.837800000001,1000.0,1847.8036411764706,3.18287%,39.51540%,3.18343%,5.88235%,YES
2020-49 & 2020-50,hxa4556d928cfabb02caa1f07078f579638b5d4357,13353.070109482156,17,1,45.351529722597604,3014.4885214823735,365.9875569930538,785.4747123224797,0.33963%,22.57525%,2.74085%,5.88235%,YES
2020-49 & 2020-50,hx87455c62c2ef3f37496fb2fef0df86fdadada87c,166267.7019,17,1,6267.7019,10000.0,10000.0,9780.453052941175,3.76964%,6.01440%,6.01440%,5.88235%,YES
2020-49 & 2020-50,hx10e196b23d1b042a6a1ff67931598458f8cef7f5,3007.8840999999993,17,1,30.0813,722.5695000000001,60.1626,176.93435882352938,1.00008%,24.02252%,2.00016%,5.88235%,YES
2020-49 & 2020-50,hx91b9df44a0679a85ff83199b5f66529a45bf2dbb,3012.5092,17,1,120.6441,427.2504,147.9242,177.20642352941175,4.00477%,14.18254%,4.91033%,5.88235%,YES
2020-49 & 2020-50,hxc30aabbc541d3ad4019aa5675fc553549852130e,8788.5989,17,1,188.5989,1000.0,500.0,516.976405882353,2.14595%,11.37838%,5.68919%,5.88235%,YES
2020-49 & 2020-50,hx53c974aa02514313dc3e5371d3703051e4825f3b,88756.7734,17,1,756.7734,8500.0,2500.0,5220.986670588236,0.85264%,9.57673%,2.81669%,5.88235%,YES
2020-49 & 2020-50,hx3aee90a6c26501fc476315be18a07712178188da,1032.2,17,1,30.0,139.9948,60.0,60.71764705882353,2.90641%,13.56276%,5.81283%,5.88235%,YES
2020-49 & 2020-50,hx3de2860d953d0ce3827bf02b7d0837e5917774cb,29809.256899999997,17,1,367.43399999999997,3009.6785,1832.687,1753.4856999999997,1.23262%,10.09646%,6.14805%,5.88235%,YES
2020-49 & 2020-50,hxdeb908625fcab32473b9ab4798fb140bdd290324,886.6675,17,1,50.0,86.6675,50.0,52.15691176470588,5.63909%,9.77452%,5.63909%,5.88235%,YES
2020-49 & 2020-50,hx1a3690342bc1fbabae3362b56059d17b69b40915,3960.0,16,1,200.0,960.0,200.0,247.5,5.05051%,24.24242%,5.05051%,6.25000%,YES
2020-49 & 2020-50,hx13c863c2f8839574d795c3c6cce1aab0bd4fcae4,124874.2638,16,1,608.5790999999999,29613.406,4539.1664,7804.6414875,0.48735%,23.71458%,3.63499%,6.25000%,YES
2020-49 & 2020-50,hx4b03d97b91bc4d13d271ee97c8571141baca6cd0,513052.1936,16,1,870.8702,147255.5638,2286.4076,32065.7621,0.16974%,28.70187%,0.44565%,6.25000%,YES
2020-49 & 2020-50,hx864c5eec5eccb203772a322cd711ae7f5c8dec77,11892.455699999999,16,1,203.6875,1649.8154,680.23595,743.2784812499999,1.71275%,13.87279%,5.71989%,6.25000%,YES
2020-49 & 2020-50,hx442f62bda2157037af839c7075f43f16b2d4cc91,25633.3783,16,1,552.6086,8139.955899999999,861.1478,1602.08614375,2.15582%,31.75530%,3.35948%,6.25000%,YES
2020-49 & 2020-50,hxe3dd8785da38941b2d6893b027502a586be5edb1,1443.1001,16,1,24.5335,361.3962,48.602850000000004,90.19375625,1.70006%,25.04304%,3.36795%,6.25000%,YES
2020-49 & 2020-50,hx980c88105afbc6dec15d6e44bea29289c2ab6683,1306.6502,16,1,50.0,100.0,100.0,81.6656375,3.82658%,7.65316%,7.65316%,6.25000%,YES
2020-49 & 2020-50,hxa4223229cf2bacc2fbb861563bb6e2b9cbc56a3e,5449.143400000001,16,1,100.37879999999996,1200.0000000000005,146.6564000000002,340.57146250000005,1.84210%,22.02181%,2.69137%,6.25000%,YES
2020-49 & 2020-50,hx91449e6edfd99af685c9c376024db63fca65e236,3640.8779,16,1,100.88480000000018,1200.0,103.92220000000002,227.55486875,2.77089%,32.95908%,2.85432%,6.25000%,YES
2020-49 & 2020-50,hx39aa53c5d86727d19c5f6b4a1e1ad408399e797c,19746.29,15,1,1143.8113,1594.2119,1218.9830000000002,1316.4193333333335,5.79254%,8.07348%,6.17323%,6.66667%,YES
2020-49 & 2020-50,hx44e86c6d99cd4b15ef4ad8d8d727c07950d8e37c,19.0,15,1,1.0,5.0,1.0,1.2666666666666666,5.26316%,26.31579%,5.26316%,6.66667%,NO
2020-49 & 2020-50,hx461eb340a1aca911fb8a85d0401a5c3b84345aae,4934.157262545998,15,1,117.1224,1025.6759,251.397,328.9438175030665,2.37371%,20.78726%,5.09503%,6.66667%,YES
2020-49 & 2020-50,hxdd3e1988cb579476efba6206819f7cd6af43f38d,64367.0,15,1,4000.0,5000.0,4000.0,4291.133333333333,6.21436%,7.76796%,6.21436%,6.66667%,YES
2020-49 & 2020-50,hx250858a62cd9fec535459cd61ca7b1d89984c8a9,537.1549,15,1,4.178999999999999,50.0,50.0,35.81032666666667,0.77799%,9.30830%,9.30830%,6.66667%,YES
2020-49 & 2020-50,hx49d49a4ae9a0a21ad72aadb4579c29817ed64075,10811.601499999999,15,1,75.7483,3800.6139999999996,339.4903,720.7734333333333,0.70062%,35.15311%,3.14006%,6.66667%,YES
2020-49 & 2020-50,hxf819c5e1cc4b3e48aab63cacf87b2f723d01ec7d,42414.0686,15,1,1000.0,4500.0,2800.0,2827.604573333333,2.35771%,10.60969%,6.60158%,6.66667%,YES
2020-49 & 2020-50,hxe0529dc2d947df2f83c341d1bdcfbf2758685a31,16365.2084,15,1,0.0,1500.0,1000.0,1022.825525,0.00000%,9.16579%,6.11052%,6.25000%,YES
2020-49 & 2020-50,hx23957e7cfd6ad721f240e7fbb395e0d765fb9b36,7000.6843,15,1,32.2857,1516.8606,399.9999,466.71228666666667,0.46118%,21.66732%,5.71373%,6.66667%,YES
2020-49 & 2020-50,hx9b7a327acaa261572c77722c44a4090f16dc4c98,101706.10900000001,15,1,171.5763,11428.3663,6757.631700000001,6780.407266666667,0.16870%,11.23666%,6.64427%,6.66667%,YES
2020-49 & 2020-50,hx9c9d5309ef3381e7e5d9a79c11835c0b5636abcc,5964.918200000001,15,1,298.6125,1075.4675,306.9262,397.6612133333334,5.00615%,18.02988%,5.14552%,6.66667%,YES
2020-49 & 2020-50,hx9624f97052215bc50da22b8b0c3d68ddf9acfe34,61175.9912,15,1,3825.5562000000004,4260.1058,4159.541300000001,4078.399413333333,6.25336%,6.96369%,6.79930%,6.66667%,YES
2020-49 & 2020-50,hxa4ba1bcf183f051844c278796f47112e8805d229,2325.3606,15,1,116.26799999999999,697.6081,116.26799999999999,155.02403999999999,5.00000%,30.00000%,5.00000%,6.66667%,YES
2020-49 & 2020-50,hx112ce917667495811dafe3522c5c82cca3060710,40506.0271,15,1,1382.5452,3123.481899999999,3000.0,2700.4018066666667,3.41318%,7.71115%,7.40631%,6.66667%,YES
2020-49 & 2020-50,hx8816f9995eb3bba5c93a9f954f36e816b9f1df8f,1336.1261,15,1,5.3816,257.4011,53.534,89.07507333333334,0.40278%,19.26473%,4.00666%,6.66667%,YES
2020-49 & 2020-50,hx7849e4405707a7ed86a3d24f8ff4cf45cde3587d,38656.86111481434,15,1,513.3023323575981,6087.270170137008,1946.681162343438,2577.124074320956,1.32784%,15.74693%,5.03580%,6.66667%,YES
2020-49 & 2020-50,hxbcdd18151cbe679fe638e073e4b8aa3d963f9995,11152.1434,15,1,12.919,1319.780500000002,1021.2218,743.4762266666668,0.11584%,11.83432%,9.15718%,6.66667%,YES
2020-49 & 2020-50,hxb28391ccbbe4922c14614f844059d229c27a4809,911.8302999999999,15,1,0.9598,134.6412,43.12339999999999,60.788686666666656,0.10526%,14.76604%,4.72932%,6.66667%,YES
2020-49 & 2020-50,hx602b54b19dc602f6d2eb3d0a7cde90d52adc88af,150.0,15,1,1.0,136.0,1.0,10.0,0.66667%,90.66667%,0.66667%,6.66667%,NO
2020-49 & 2020-50,hx602d61e653c7bc72581e076ede13a18f5ab2f1b0,13155.135300000002,15,1,102.16489999999999,2370.6985,786.4944,877.0090200000001,0.77662%,18.02109%,5.97861%,6.66667%,YES
2020-49 & 2020-50,hx2b7fd14ca47f8f2e54bafd31b276e7be379b2162,12319.1673,14,1,79.5191,2203.1367999999998,977.93545,879.9405214285714,0.64549%,17.88381%,7.93832%,7.14286%,YES
2020-49 & 2020-50,hx23564281adade3526801923a8cdc3b3f3c0331f1,40000.0,14,1,0.0,5096.0,2606.8568,2666.6666666666665,0.00000%,12.74000%,6.51714%,6.66667%,YES
2020-49 & 2020-50,hx099f80b0911a8d44d21053743334334dadb153ce,18953.8397,14,1,189.7166,5144.7111,572.5763,1353.845692857143,1.00094%,27.14337%,3.02090%,7.14286%,YES
2020-49 & 2020-50,hx17de469300d89a6c725084947f753589ca621e87,143613.0086,14,1,3214.0501,15618.211599999999,9832.517100000001,10258.072042857142,2.23799%,10.87521%,6.84654%,7.14286%,YES
2020-49 & 2020-50,hxe45c3f798bba00ca01d0cb80d8f22ba6594e0f87,19622.160600000003,14,1,922.6991,2310.8608000000004,1240.6289000000002,1401.5829,4.70233%,11.77679%,6.32259%,7.14286%,YES
2020-49 & 2020-50,hxdbe63a2fca42c3caad4589c2f0a82a0fd6f27a44,8915.123627216564,14,1,276.4878558498548,1765.9938478685142,561.037330954563,636.7945448011832,3.10134%,19.80897%,6.29310%,7.14286%,YES
2020-49 & 2020-50,hx7128611fef60b4ee183d4b5be9c338a46b338f18,390.0,14,1,10.0,260.0,10.0,27.857142857142858,2.56410%,66.66667%,2.56410%,7.14286%,YES
2020-49 & 2020-50,hx5949b6be475b9d1417b1330ad55e9308d5e05bfb,11975.4543,14,1,582.9703,1399.1292,641.2674,855.3895928571428,4.86804%,11.68331%,5.35485%,7.14286%,YES
2020-49 & 2020-50,hx5b038a80b468ed9b581f666bbcd01316f4782ba3,16200.184399999998,14,1,38.7422,2087.5647000000004,1240.3366999999998,1157.1560285714284,0.23915%,12.88606%,7.65631%,7.14286%,YES
2020-49 & 2020-50,hx61c0addd91b6d127d2dff071020d1ce952519215,51958.7794,14,1,0.0,4894.4814,3366.2084,2259.077365217391,0.00000%,9.41993%,6.47861%,4.34783%,YES
2020-49 & 2020-50,hx6b91200ebf1df682e2ebeb0279b1bdb611d66257,1606.2207,14,1,9.9,247.5,79.55,114.73005,0.61635%,15.40884%,4.95262%,7.14286%,YES
2020-49 & 2020-50,hxe7ac3cddbc151c6bff08a9e9d37cab9467619636,36003.39933017491,14,1,530.6729363669249,5490.4599029173105,2641.580028247189,2571.6713807267793,1.47395%,15.24984%,7.33703%,7.14286%,YES
2020-49 & 2020-50,hx9927cd105cb4f6de0139117b6be189ce07ca25ee,13328.7024,14,1,328.7024,1000.0,1000.0,952.0501714285714,2.46612%,7.50261%,7.50261%,7.14286%,YES
2020-49 & 2020-50,hxaead0bd48f1d8b8f346f2ae5227d1d9fa580e9db,2716.7691,14,1,2.181699999999992,886.8199,114.85265,194.0549357142857,0.08030%,32.64245%,4.22755%,7.14286%,YES
2020-49 & 2020-50,hxce773241e990107283650688785b259ce7afc91a,132681.412,14,1,2681.4120000000003,10000.0,10000.0,9477.243714285714,2.02094%,7.53685%,7.53685%,7.14286%,YES
2020-49 & 2020-50,hx4816f2d7e86cb5b5d39c6cba12ea549ba2586f00,128338.34259999999,14,1,8163.5226,10196.5815,9253.2459,9167.02447142857,6.36094%,7.94508%,7.21004%,7.14286%,YES
2020-49 & 2020-50,hx463b1ee3016d7244516413acc69de2f1cdb268fd,8122.311399999999,14,1,160.0797,1049.7487,604.9973,580.1650999999999,1.97086%,12.92426%,7.44859%,7.14286%,YES
2020-49 & 2020-50,hxf21441902d03b9d6d761f9522a3e73edb86309b6,3.9068000000004384,14,1,0.09999999999979536,2.0,0.10000000000011444,0.27905714285717415,2.55964%,51.19279%,2.55964%,7.14286%,NO
2020-49 & 2020-50,hxfdb805565bde3986d4ef2ef22ddf1094e4019796,82101.27870000001,14,1,2685.6561,7941.5622,5956.17165,5864.377050000001,3.27115%,9.67288%,7.25466%,7.14286%,YES
2020-49 & 2020-50,hx3fe703490d6f0b30bf1e0aaf96bc7050597a943b,7400.5429,13,1,200.5429,600.0000000000001,600.0,569.2725307692308,2.70984%,8.10751%,8.10751%,7.69231%,YES
2020-49 & 2020-50,hxd32087b5cb414cca8af65d10efa339e72fc105d5,27485.084544943296,13,1,50.222663261773,6054.417176763057,2025.0337208229585,2114.2372726879457,0.18273%,22.02801%,7.36776%,7.69231%,YES
2020-49 & 2020-50,hx3f133cdf56a93b43bca05939d12d4996a98996ab,7219.2828,13,1,2.0,755.0043000000002,705.4735,555.3294461538461,0.02770%,10.45816%,9.77207%,7.69231%,YES
2020-49 & 2020-50,hx2835a19c583698904afd1c77d99112a5b840e032,4270.6171,13,1,299.1238,341.963,341.5055,328.5090076923077,7.00423%,8.00734%,7.99663%,7.69231%,YES
2020-49 & 2020-50,hx9e780e0fc513a3c00663dd01c0d12672fe0dd865,6174.2459,13,1,61.800900000000055,679.8602,556.2492,474.9419923076923,1.00095%,11.01123%,9.00918%,7.69231%,YES
2020-49 & 2020-50,hxd6d40144434a747b6a4dd6d8317b7c0dbf26810f,50939.67619760999,13,1,0.0,8573.74242730537,4067.919569831325,3638.548299829285,0.00000%,16.83117%,7.98576%,7.14286%,YES
2020-49 & 2020-50,hxd65454fc832f4257d9a786e41222ed03ae05edc1,2023.1207946286,13,1,105.99050199202529,393.0520838268712,134.833964135194,155.6246765098923,5.23896%,19.42801%,6.66465%,7.69231%,YES
2020-49 & 2020-50,hx261bef2e1e9abac57941b8f45541afa25a9eacbb,411.4071,13,1,30.0,51.40710000000001,30.0,31.646700000000003,7.29205%,12.49543%,7.29205%,7.69231%,YES
2020-49 & 2020-50,hx41a001a9741245949a864234a45a508ce41b7480,3147.118081245302,13,1,147.11808124530194,250.00000000000023,250.0,242.08600624963861,4.67469%,7.94378%,7.94378%,7.69231%,YES
2020-49 & 2020-50,hxa7b3f39a318d7242dc06908deda20676609d2630,1770.2075,13,1,35.5996,287.0091,147.0,136.1698076923077,2.01104%,16.21330%,8.30411%,7.69231%,YES
2020-49 & 2020-50,hxcb3204684516b1bb89d0e4c09a1cea848db2a7f1,1500.0,13,1,100.0,300.0,100.0,115.38461538461539,6.66667%,20.00000%,6.66667%,7.69231%,YES
2020-49 & 2020-50,hxc503ebb5a1d72d511e8924e9023437c82fee95b2,380000.0,13,1,12500.0,50000.0,25000.0,29230.76923076923,3.28947%,13.15789%,6.57895%,7.69231%,YES
2020-49 & 2020-50,hx383cfb688c5ac2a53ffb1fde1d360f569dc1e0d8,1899.9703,13,1,56.9991,436.9931,132.9979,146.15156153846152,3.00000%,23.00000%,7.00000%,7.69231%,YES
2020-49 & 2020-50,hxcf7f516d446b6db4ff78967b3d3dc810b0d270d8,49433.683699999994,13,1,0.0,12319.9846,1311.0926,2907.8637470588233,0.00000%,24.92225%,2.65223%,5.88235%,YES
2020-49 & 2020-50,hxb38c61724a537235f9ce7b2fa1e498ce6b0bd0f9,21292.183,13,1,0.0,2999.9999999999995,1500.0,1520.8702142857144,0.00000%,14.08968%,7.04484%,7.14286%,YES
2020-49 & 2020-50,hx93aea0ed766e05ea3d0e14b99df441b6cd3e2c92,12970.064500000002,13,1,180.5773,2050.0,1120.0,997.6972692307694,1.39226%,15.80563%,8.63527%,7.69231%,YES
2020-49 & 2020-50,hx6654384862ba2431c12575fd98e02a1ebe500d31,19106.599599999998,13,1,41.2648,3964.0424000000003,1504.5536000000002,1469.7384307692305,0.21597%,20.74698%,7.87452%,7.69231%,YES
2020-49 & 2020-50,hx1858bb7d884b5a6a74ceaa63eca015ce184bc726,3276.6066387724654,13,1,19.8278,814.7835743907547,123.4299883759896,252.04666452095887,0.60513%,24.86669%,3.76701%,7.69231%,YES
2020-49 & 2020-50,hx1817d865895f7c394891ab0ac15ed3cdb781611d,3531.2983635190635,13,1,127.61764062368157,476.34937957782813,283.15327125929326,271.6383356553126,3.61390%,13.48936%,8.01839%,7.69231%,YES
2020-49 & 2020-50,hx6b7419622d26660654bda093acfac417407f999d,5580.5632000000005,13,1,390.6394,446.445,446.445,429.27409230769234,7.00000%,8.00000%,8.00000%,7.69231%,YES
2020-49 & 2020-50,hx58b45678ec9a9087293617d95bc3f69e5b036f59,6999.220499999999,13,1,474.89669999999995,685.4052,519.4871,538.4015769230768,6.78499%,9.79259%,7.42207%,7.69231%,YES
2020-49 & 2020-50,hx5f1977e2f5c8fabc63abd1535368d568cfc6bd7b,51245.635,13,1,0.0,20507.9487,1087.671,3660.4025,0.00000%,40.01892%,2.12247%,7.14286%,YES
2020-49 & 2020-50,hx2399a64612e7f4494dc731839cbabc24dfd62e07,1180.5271999999998,13,1,22.8978,239.4899,63.2932,90.8097846153846,1.93962%,20.28669%,5.36144%,7.69231%,YES
2020-49 & 2020-50,hxf5dc0d28cee39dbebe6bc2c6d8ccce68acd3cd7a,20720.4183,13,1,1000.0,6885.8276000000005,1000.0,1593.8783307692308,4.82616%,33.23209%,4.82616%,7.69231%,YES
2020-49 & 2020-50,hxdae7ec0c2367f4f3696f2275490116ed4b2202f7,390.04640000000006,13,1,22.3781,33.8408,31.229300000000002,30.003569230769237,5.73729%,8.67610%,8.00656%,7.69231%,YES
2020-49 & 2020-50,hx1f8527706896d332d6c8437dff1c51590c72efa7,20003.4593,13,1,601.8645,3000.0,1500.9915,1538.7276384615384,3.00880%,14.99741%,7.50366%,7.69231%,YES
2020-49 & 2020-50,hx49e57e5fed70ed214b39435032f7f84bc36eb8b2,15391.6045,13,1,999.9999999999998,3185.938,1000.0,1183.9695769230768,6.49705%,20.69919%,6.49705%,7.69231%,YES
2020-49 & 2020-50,hx14d6a3fbfddf0ac18225bb08f836139f05c1d7ad,471968.7656,13,1,35968.085999999996,37714.7146,36127.4808,36305.28966153846,7.62086%,7.99093%,7.65463%,7.69231%,YES
2020-49 & 2020-50,hx7616d8e5a76ac50c883393bd158df54578b61e73,25777.0,13,1,600.0,4000.0,2000.0,1982.8461538461538,2.32766%,15.51771%,7.75885%,7.69231%,YES
2020-49 & 2020-50,hx76b8a2adfd79e3b1719a11e44c293f369dd3c817,3419.8474,13,1,0.0,500.00000000000006,150.0,227.9898266666667,0.00000%,14.62054%,4.38616%,6.66667%,YES
2020-49 & 2020-50,hxe435f4d411b38115de401ab748d78aefb901fd8b,35117.5633,13,1,1713.7812000000001,5263.5504,2050.0485,2701.3510230769234,4.88013%,14.98837%,5.83767%,7.69231%,YES
2020-49 & 2020-50,hx1584db5872b6d7e24b57f73fd3b9c5d516db3ef8,50000.0,13,1,500.0,7000.0,4000.0,3846.153846153846,1.00000%,14.00000%,8.00000%,7.69231%,YES
2020-49 & 2020-50,hx6e0a36493b252832790bcb9517fefc691a9840c3,9881.596599999999,13,1,102.3677,1957.9279,598.0639,760.1228153846153,1.03594%,19.81388%,6.05230%,7.69231%,YES
2020-49 & 2020-50,hx62207d1640bf8e1fefe9bcfe64366cbbd7ce3330,1128.9232,12,1,23.5583,218.8909,52.5421,94.07693333333333,2.08679%,19.38935%,4.65418%,8.33333%,YES
2020-49 & 2020-50,hx6711a77b081f2f38b181b4f6636a6d7c7c2a6e19,600.3637,12,1,0.0,50.3637,50.0,46.181823076923074,0.00000%,8.38886%,8.32829%,7.69231%,YES
2020-49 & 2020-50,hx64b52e922e54ce1bbb605367fadf98ca72293f89,7018.6403,12,1,0.0,4005.1054999999997,281.1306,539.8954076923077,0.00000%,57.06384%,4.00549%,7.69231%,YES
2020-49 & 2020-50,hx62f7306b2681eaf46744ec968acbbab3cfb95373,3089.3659000000002,12,1,201.206,309.94059999999996,267.42975,257.44715833333333,6.51286%,10.03250%,8.65646%,8.33333%,YES
2020-49 & 2020-50,hx6cfa2e745903c0174d7a4615dd090a55a7a6b149,1978.682011951913,12,1,52.93754862578697,507.83621000024027,126.01245040415185,164.89016766265942,2.67539%,25.66538%,6.36850%,8.33333%,YES
2020-49 & 2020-50,hx60f200b8f2855d176ce080f19ec435da821c200c,23750.9313,12,1,1156.2,4699.3568000000005,1503.06,1979.244275,4.86802%,19.78599%,6.32843%,8.33333%,YES
2020-49 & 2020-50,hx86224a68a3a332e7f334efa0fe8bd13bbac28d70,7092.974899999999,12,1,346.9746,1178.3376,519.9187,591.0812416666666,4.89181%,16.61274%,7.33005%,8.33333%,YES
2020-49 & 2020-50,hx82657db0db829d6b317327a788cd87cdaeba41a9,11138.7632,12,1,319.09770000000003,1603.0959,862.32825,928.2302666666666,2.86475%,14.39205%,7.74169%,8.33333%,YES
2020-49 & 2020-50,hx80d5d40ee80db11100e4beea7c6d07921e1dc87a,1158.2255000000002,12,1,11.5881,250.45510000000002,64.1608,96.51879166666669,1.00050%,21.62404%,5.53958%,8.33333%,YES
2020-49 & 2020-50,hx7c3cc3611ee50a8db0362a16abccbd208b70b22a,38759.3129,12,1,2409.5541999999996,4806.0685,2875.2897,3229.9427416666663,6.21671%,12.39978%,7.41832%,8.33333%,YES
2020-49 & 2020-50,hx790cec91b0d3281d1af5cca2e2c1ecee66e5b1ad,4007.659700000003,12,1,51.184199999999095,865.8243999999993,266.22560000000067,333.9716416666669,1.27716%,21.60424%,6.64292%,8.33333%,YES
2020-49 & 2020-50,hx757445376adb75d55de8ee8c4a0d419f4270cfb1,34400.825800000006,12,1,341.4252,15177.6567,451.06549999999993,2866.735483333334,0.99249%,44.12004%,1.31121%,8.33333%,YES
2020-49 & 2020-50,hx7161b1f236e9f8541c00b8b79d8b549cbe2f29be,92680.2345,12,1,870.986,40685.9256,1351.59195,7723.3528750000005,0.93978%,43.89925%,1.45834%,8.33333%,YES
2020-49 & 2020-50,hx36dd546d61fbc6ac7f7b1af2f7b4776eacb0b326,45366.7687,12,1,755.9300999999996,9249.0468,3158.2994,3780.5640583333334,1.66626%,20.38727%,6.96170%,8.33333%,YES
2020-49 & 2020-50,hx3ffce22e121e45be4d958b07532efad29103d6ae,8851.499300000001,12,1,10.0,3293.2126000000003,60.0,737.6249416666668,0.11298%,37.20514%,0.67785%,8.33333%,YES
2020-49 & 2020-50,hx3ee1c2d14a10919cdda370504dfd95758135e1c1,20636.4642,12,1,680.2445,1991.8821,1891.43755,1719.70535,3.29632%,9.65225%,9.16551%,8.33333%,YES
2020-49 & 2020-50,hx3e505ac9a57fbf0c319cc27188f22dfbfb3ce1e8,11481.221499999998,12,1,231.9438,2087.4948,695.8316,956.7684583333331,2.02020%,18.18182%,6.06061%,8.33333%,YES
2020-49 & 2020-50,hx3b9be168f70dbd899b27c5b26395f72307679792,366.0,12,1,6.0,45.0,30.0,30.5,1.63934%,12.29508%,8.19672%,8.33333%,YES
2020-49 & 2020-50,hx3b4d5658cdd5ef6b4bc3f61322907ea89fbdd6d8,52165.4405,12,1,177.0624,5510.1875,5048.833949999998,4347.120041666666,0.33942%,10.56291%,9.67850%,8.33333%,YES
2020-49 & 2020-50,hx436a2854834409a3e2ff8285c54ac2a1433c8d77,108029.90063295368,12,1,808.8337013721797,43466.58888415752,4723.739269012839,9002.491719412807,0.74871%,40.23570%,4.37262%,8.33333%,YES
2020-49 & 2020-50,hx35f4c940313d020a80e9ec6668106857146797e2,2342.0944,12,1,23.5327,1101.1743999999999,82.21039999999999,195.17453333333333,1.00477%,47.01665%,3.51012%,8.33333%,YES
2020-49 & 2020-50,hx304793fef6c301c7b01c4d6918b60aaae6c3ee19,10477.4811,12,1,237.7625,1207.196,1038.32075,873.1234250000001,2.26927%,11.52182%,9.91002%,8.33333%,YES
2020-49 & 2020-50,hx303aaec9df00dccdca686c9730f7d08453a3025b,181.91059928934777,12,1,4.3525000665571,33.48077118056981,12.154732708668387,15.159216607445648,2.39266%,18.40507%,6.68171%,8.33333%,YES
2020-49 & 2020-50,hx2f2fb02002ff7dd66b11f973b313810ec651db98,5937.380099999999,12,1,22.059399999999997,1846.8814000000002,329.5664,494.78167499999995,0.37153%,31.10600%,5.55070%,8.33333%,YES
2020-49 & 2020-50,hx59dd298b92870d0badf098cba64b2fe1cc63017d,33876.2911,12,1,1211.4219,6189.763000000001,2437.3144,2823.0242583333334,3.57602%,18.27167%,7.19475%,8.33333%,YES
2020-49 & 2020-50,hx502d1ba22f1da5745830bb71b7dcb68e77a9c3a7,121585.11764246905,12,1,4980.253293581994,11999.910548003048,10590.428298488114,10132.093136872421,4.09610%,9.86956%,8.71030%,8.33333%,YES
2020-49 & 2020-50,hx59546d94393f4727cd5c6634617822c76a2355d5,9500.0,12,1,10.0,4000.0,30.000000000000227,791.6666666666666,0.10526%,42.10526%,0.31579%,8.33333%,YES
2020-49 & 2020-50,hx5932011663f6331c69ce91a83c486897f157dadb,3242.1526,12,1,101.97200000000001,577.9393,259.9736,270.1793833333333,3.14519%,17.82579%,8.01855%,8.33333%,YES
2020-49 & 2020-50,hx574cd24f06b6d991e00424193e76f3113897364c,3237.7859,12,1,252.5181,316.46290000000005,252.87375000000003,269.8154916666667,7.79910%,9.77405%,7.81008%,8.33333%,YES
2020-49 & 2020-50,hx573ad8113e5687a448151261b3e256a48d9590cb,118853.44489999999,12,1,1225.6769,15000.0,10124.427800000001,9904.453741666666,1.03125%,12.62058%,8.51841%,8.33333%,YES
2020-49 & 2020-50,hx5431f4aa69a654d2d355b4cac7fa1e65865fb1a1,517.6857,12,1,20.3052,76.1154,40.605199999999996,43.140475,3.92230%,14.70301%,7.84360%,8.33333%,YES
2020-49 & 2020-50,hx44a17a00d1641f939c78d95dc6b1807de266ecbc,58049.12320000001,12,1,1322.5699,8380.538400000001,4783.09805,4837.426933333334,2.27836%,14.43698%,8.23974%,8.33333%,YES
2020-49 & 2020-50,hx4ecf40ccbc51e1f2a3d21a8bda45414add51fd73,23777.2845,12,1,201.82649999999998,2357.8786,2228.0849500000004,1981.4403750000001,0.84882%,9.91652%,9.37065%,8.33333%,YES
2020-49 & 2020-50,hx4d8b4d765319042b4b91cdc4ea32f35d325cde6a,87949.4244,12,1,868.2833,27153.110699999997,5747.73955,7329.1187,0.98725%,30.87355%,6.53528%,8.33333%,YES
2020-49 & 2020-50,hx4ae2b9bd8264a9fe4090fcdc917538c860020838,3860.6303533053388,12,1,103.95492357597202,630.437238262389,268.0822138827547,321.71919610877825,2.69269%,16.32990%,6.94400%,8.33333%,YES
2020-49 & 2020-50,hx866ed8a433a73c599d797e261a7bc62eb82eaea2,7700.5041,12,1,199.99999999999977,1000.0,500.0,641.708675,2.59723%,12.98616%,6.49308%,8.33333%,YES
2020-49 & 2020-50,hx86f92daffdb1bad01105b65204ed1f9a8f9bff41,24999.99999999999,12,1,1999.9999999999918,2500.0,2000.0,2083.3333333333326,8.00000%,10.00000%,8.00000%,8.33333%,YES
2020-49 & 2020-50,hxc884dc0d06b9ede780f563eef6f0a788e831489e,391982.054725295,12,1,0.0,58879.35017315138,31787.180228766483,27998.71819466393,0.00000%,15.02093%,8.10935%,7.14286%,YES
2020-49 & 2020-50,hxd7c28d23e0a66e30e51f50ff7572ed60c4259cc1,6829.934097247105,12,1,148.77618499176577,707.3870785017806,626.6392734543907,569.1611747705921,2.17830%,10.35716%,9.17489%,8.33333%,YES
2020-49 & 2020-50,hxd6065022196e9be0026baa4b6ebed925102fa170,708.3637,12,1,16.2175,80.6035,59.2034,59.03030833333333,2.28943%,11.37883%,8.35777%,8.33333%,YES
2020-49 & 2020-50,hxd5629fb8fe7a0aeb703abb336002b09461f1341d,100699.6203,12,1,3033.3703,25232.6175,5710.4550500000005,8391.635025,3.01230%,25.05731%,5.67078%,8.33333%,YES
2020-49 & 2020-50,hxc671a96e9372e17a95f075e60c10d16daa6fa041,7510.768399999999,12,1,67.67629999999997,1878.7410999999995,451.1749,625.8973666666666,0.90106%,25.01397%,6.00704%,8.33333%,YES
2020-49 & 2020-50,hxc54f2d3584b149ece803993969c73fb31bde304e,5237.5686,12,1,7.6753,4999.98,17.63595,436.46405,0.14654%,95.46376%,0.33672%,8.33333%,NO
2020-49 & 2020-50,hxc071ae3c92882a051ab328042e12a666419fe58a,132369.20799999998,12,1,5038.4007,20817.571299999996,9311.9257,11030.767333333331,3.80632%,15.72690%,7.03481%,8.33333%,YES
2020-49 & 2020-50,hxda1bfca905e1fd5d159acecf165f07350d51144b,10000.0,12,1,500.0,1000.0,1000.0,833.3333333333334,5.00000%,10.00000%,10.00000%,8.33333%,YES
2020-49 & 2020-50,hxfd1d9ff6a7f50c2314ae57fa9ad386fac3063ca8,1228.4689000000003,12,1,19.9653,810.7879,35.5213,102.37240833333335,1.62522%,65.99987%,2.89151%,8.33333%,YES
2020-49 & 2020-50,hxfcfa8585fe2e5a7d96b154b54b697bb477b4fe30,24705.627799999995,12,1,900.4172000000001,4912.401,1650.0,2058.8023166666662,3.64458%,19.88373%,6.67864%,8.33333%,YES
2020-49 & 2020-50,hxf40691ab9afd892782d6baef85f78710573b806b,1495.0,12,1,50.0,210.0,100.0,124.58333333333333,3.34448%,14.04682%,6.68896%,8.33333%,YES
2020-49 & 2020-50,hxec7582d72a3fdf7dca0674e2b6c073362b73e3ee,9030.875799999998,12,1,70.5744,1230.2119,1000.0,752.5729833333331,0.78148%,13.62229%,11.07312%,8.33333%,YES
2020-49 & 2020-50,hxe79696489e108bc2a0b2f9253a241815179193e9,140143.0316,12,1,5000.0,30000.0,5071.5158,11678.585966666666,3.56778%,21.40670%,3.61881%,8.33333%,YES
2020-49 & 2020-50,hxe274e9b3202dc7548e068e57e040047e2b69e041,4313.8165,12,1,143.8165,1000.0,300.0,359.48470833333334,3.33386%,23.18133%,6.95440%,8.33333%,YES
2020-49 & 2020-50,hxdec4c87088f4005c6613089533f25f9336ba402b,3339.780099999999,12,1,13.7239,944.0889999999999,120.15375,278.31500833333325,0.41092%,28.26800%,3.59765%,8.33333%,YES
2020-49 & 2020-50,hx99d66cd80b8c2d45f2ec033cf6d17c5b737a7b2e,101197.58959999998,12,1,1631.9142,46016.37789999999,4161.0172999999995,8433.132466666664,1.61260%,45.47181%,4.11178%,8.33333%,YES
2020-49 & 2020-50,hx9824d726914f87720e579332e0baa24ee1543277,21879.5723,12,1,1270.3923,3175.2929999999997,1644.55215,1823.2976916666667,5.80629%,14.51259%,7.51638%,8.33333%,YES
2020-49 & 2020-50,hx93841cc28f51983b3abee2972e03edd9152d16d1,724.0,12,1,0.9999999999999858,713.0,1.0,60.333333333333336,0.13812%,98.48066%,0.13812%,8.33333%,NO
2020-49 & 2020-50,hx9303ad305fa3f55f6555ece02867e1e7a9a86ae2,5287.646872357225,12,1,52.2478768671584,1109.9925294783252,441.77223718908334,440.6372393631021,0.98811%,20.99218%,8.35480%,8.33333%,YES
2020-49 & 2020-50,hx9149c2de46219ca2ed05cfdca5eff35fb9725319,5821.1977,12,1,321.19769999999994,500.0,500.0,485.0998083333333,5.51773%,8.58930%,8.58930%,8.33333%,YES
2020-49 & 2020-50,hx9bd5fa9939941edef1383faf14c3f3d0d3472672,2588.3605000000002,12,1,62.1452,1721.1639,78.84375,215.69670833333336,2.40095%,66.49630%,3.04609%,8.33333%,YES
2020-49 & 2020-50,hxb8fb57b9315bf6754ab5bda5ffa254bd50939ce5,2413.5935,12,1,77.2268,1043.8878,115.26344999999999,201.13279166666666,3.19966%,43.25036%,4.77559%,8.33333%,YES
2020-49 & 2020-50,hxb106e5baab67f48c06149832a0a4baee97c9362a,12489.7,12,1,121.56409999999994,2000.0,1159.0,1040.8083333333334,0.97331%,16.01319%,9.27965%,8.33333%,YES
2020-49 & 2020-50,hxab84e5c20bdde1ce5636b8c323a08057c3eeb377,81302.5674,12,1,1020.4212,12944.4401,5702.57245,6775.21395,1.25509%,15.92132%,7.01401%,8.33333%,YES
2020-49 & 2020-50,hxa7221a280ca7709c6e198e6ac856fa9cdf198262,211926.93380000003,12,1,4277.4414000000015,55857.02500000004,11683.727600000002,17660.577816666668,2.01836%,26.35674%,5.51309%,8.33333%,YES
2020-49 & 2020-50,hxa46a4f1289d4f2ba284c10cb1a199d5dc26b1d1d,244896.3172,12,1,4896.3172,40000.0,20000.0,20408.026433333333,1.99934%,16.33344%,8.16672%,8.33333%,YES
2020-49 & 2020-50,hx5e2908097689627b16532de3047fc61bc8ee726c,107693.6514,12,1,3214.1553000000004,11145.719899999998,9363.75885,8974.47095,2.98454%,10.34947%,8.69481%,8.33333%,YES
2020-49 & 2020-50,hx11817efb1525bd5bfb1bc1997d9f9c25769912ff,18983.641900000002,12,1,190.1463,2758.2115,1647.5475000000001,1581.9701583333335,1.00163%,14.52941%,8.67877%,8.33333%,YES
2020-49 & 2020-50,hx150ded564f4ce94207a4201286131bdf13c6d932,8985.790830962333,12,1,267.44193619363,1206.740997897552,771.6794816197033,748.8159025801943,2.97628%,13.42944%,8.58777%,8.33333%,YES
2020-49 & 2020-50,hx0da043c4658c9088c5674aa93a2de48515ac0680,6104.637499999999,12,1,37.1958,1944.3718999999994,104.36895000000001,508.7197916666666,0.60930%,31.85073%,1.70967%,8.33333%,YES
2020-49 & 2020-50,hx004371f0d89941a340949a4aab883410f216a0c3,312.6746,12,1,9.3337,35.7909,31.1124,26.056216666666668,2.98512%,11.44669%,9.95041%,8.33333%,YES
2020-49 & 2020-50,hx0307ad8047ddf017414e802442d8613c092a77f1,6342.966399999999,12,1,12.828,3803.0056999999997,100.0,528.5805333333333,0.20224%,59.95626%,1.57655%,8.33333%,YES
2020-49 & 2020-50,hx09eca3e3cb0d74a427426f8f328ed4da18f13fa7,59493.89039999999,12,1,599.3673,10723.0269,5110.0232,4957.824199999999,1.00744%,18.02374%,8.58916%,8.33333%,YES
2020-49 & 2020-50,hx0a4c285566f73bbd8b06bf5a53718b5b0bf4e9bf,6969.5066000000015,12,1,233.7056,1090.919,457.5452,580.7922166666668,3.35326%,15.65274%,6.56496%,8.33333%,YES
2020-49 & 2020-50,hx22c83b780daeca3d2dd5906d455c98ea450e2d38,24573.926,12,1,982.957,2948.8711,1965.9141,2047.8271666666667,4.00000%,12.00000%,8.00000%,8.33333%,YES
2020-49 & 2020-50,hx21633046abd1d663d236f9adb0adf4bdc340b8c0,13279.552599999999,12,1,1000.0,1929.8501999999999,1000.0,1106.6293833333332,7.53037%,14.53249%,7.53037%,8.33333%,YES
2020-49 & 2020-50,hx214c205cf242bbc508a12e97f5b6ad5c5d5ecc71,1636.4786000000001,12,1,16.3804,507.7923,81.85199999999999,136.37321666666668,1.00095%,31.02957%,5.00172%,8.33333%,YES
2020-49 & 2020-50,hx202d64a9642337af9b575825aa602eb16a436285,2392.9757999999997,12,1,183.8708,200.9105,200.9105,199.41464999999997,7.68377%,8.39584%,8.39584%,8.33333%,YES
2020-49 & 2020-50,hx1ef3d6019d3f815e2cfb53dd52fa9a38975c9da0,348.0,12,1,28.249999999999993,37.24999999999999,28.25,29.0,8.11782%,10.70402%,8.11782%,8.33333%,YES
2020-49 & 2020-50,hxb514c5637dbd9165de40a721ade00de662fd9a22,122534.256,11,1,0.0,24179.0978,10597.5373,9425.712,0.00000%,19.73252%,8.64863%,7.69231%,YES
2020-49 & 2020-50,hxb59cab1d9c48a2fe77d09dbb8c69a16e4ba41734,10330.287,11,1,51.8665,2133.9965,500.0,939.1170000000001,0.50208%,20.65767%,4.84014%,9.09091%,YES
2020-49 & 2020-50,hx9e42d3a0d46a37e52dbcc20fc9080307336750ba,763.1501,11,1,38.4592,94.3819,70.765,69.37728181818181,5.03953%,12.36741%,9.27275%,9.09091%,YES
2020-49 & 2020-50,hxb74fd8df615edb4894923e72ac0e1468497e0c30,1705.1529000000003,11,1,64.1668,271.5285,145.8554,155.01390000000004,3.76311%,15.92400%,8.55380%,9.09091%,YES
2020-49 & 2020-50,hx9c851bddf0094300c3f14a2253f398554377dc4f,2783.6419,11,1,39.5071,804.6631,206.786,253.05835454545456,1.41926%,28.90685%,7.42861%,9.09091%,YES
2020-49 & 2020-50,hxf46bd1f322efcf99b24c037123b5037ac7986d82,7121.479500000001,11,1,315.6417,1548.4753,400.4,647.4072272727274,4.43225%,21.74373%,5.62243%,9.09091%,YES
2020-49 & 2020-50,hxb79fbcc271c215638ed8f4bf8cf9e9cfa74433c5,907451.9201,11,1,4458.5424,342673.0,50000.0,82495.6291,0.49133%,37.76211%,5.50993%,9.09091%,YES
2020-49 & 2020-50,hxbb49971914b61e62bb341f6f32dce55671438dbd,158491.704,11,1,85.701,108734.2362,3254.7956,14408.336727272726,0.05407%,68.60563%,2.05361%,9.09091%,YES
2020-49 & 2020-50,hxbba2e34c73de84189c1420671224774f1506f723,9466.9199,11,1,317.724,1597.0439,950.4418,860.6290818181819,3.35615%,16.86973%,10.03961%,9.09091%,YES
2020-49 & 2020-50,hxbc6d22592d5e18ae00f2e64c7e541317889bf69b,3197.3158999999996,11,1,262.0224,400.0,265.2729,290.66508181818176,8.19507%,12.51049%,8.29674%,9.09091%,YES
2020-49 & 2020-50,hxbcb195d6a4321d9480128204c6cf93516eb123cf,590.1802,11,1,19.3278,106.1417,50.0,53.65274545454545,3.27490%,17.98463%,8.47199%,9.09091%,YES
2020-49 & 2020-50,hxa3bbbb9a6feaa0a6cc52d22ae6ced2c4ce2c0fef,1713.5447,11,1,16.2021,376.37669999999997,54.0069,155.7767909090909,0.94553%,21.96480%,3.15176%,9.09091%,YES
2020-49 & 2020-50,hxa816475001458977137ca1ca9bb26cd4fc5e0aaf,16361.1722,11,1,1200.0,2000.0000000000002,1500.0,1487.379290909091,7.33444%,12.22406%,9.16805%,9.09091%,YES
2020-49 & 2020-50,hxa9be2eb86c46c65b2ae176bc95b92f51d6604bf2,5035.46,11,1,35.46000000000001,500.0,500.0,457.7690909090909,0.70421%,9.92958%,9.92958%,9.09091%,YES
2020-49 & 2020-50,hxaa4c8bc23934787421737febb34a7a0b524d2da3,44838.614499999996,11,1,90.8388,4492.0217,4474.168600000001,4076.2376818181815,0.20259%,10.01820%,9.97838%,9.09091%,YES
2020-49 & 2020-50,hxfc7e2968bdb38ddfea72701660f981868cb1c614,61339.58559999999,11,1,850.8544,7288.9998,6130.140899999999,5576.325963636363,1.38712%,11.88303%,9.99378%,9.09091%,YES
2020-49 & 2020-50,hxfa248bd6e8c1257c55b5c7923eb0e2ce54e3fbcc,5768.0873,11,1,80.6845,695.8234,545.9412,524.3715727272728,1.39881%,12.06333%,9.46486%,9.09091%,YES
2020-49 & 2020-50,hxf96e48d75ef1b63808f23d8ab4f11314c2abc749,51746.11437012074,11,1,4527.7377,4881.547900548916,4700.3067259948775,4704.192215465522,8.74991%,9.43365%,9.08340%,9.09091%,YES
2020-49 & 2020-50,hxaeb409bb3195c29fc5ebcf21942db679a9081598,825.5406999999998,11,1,10.1681,334.6074,47.6714,75.04915454545453,1.23169%,40.53191%,5.77457%,9.09091%,YES
2020-49 & 2020-50,hxb03768cd2d551d87d3c8345054364f1e99d3d126,100010.0,11,1,1.0,100000.0,1.0,9091.818181818182,0.00100%,99.99000%,0.00100%,9.09091%,NO
2020-49 & 2020-50,hxf754a10fab77d038fcaa4d1bdae2f4a602c22601,876.9382000000002,11,1,17.142,119.7865,82.4026,79.72165454545456,1.95476%,13.65963%,9.39663%,9.09091%,YES
2020-49 & 2020-50,hx9fb24c3d2bb7231a1a5f5b55aab253c77b97b664,21155.2552,11,1,2.0,21080.8536,10.0,1923.205018181818,0.00945%,99.64831%,0.04727%,9.09091%,NO
2020-49 & 2020-50,hx9f53acfdffad96ba52a357e7a4d7f9b58d1a5676,24999.999999999996,11,1,498.3408,7368.4791,1411.8561,2272.7272727272725,1.99336%,29.47392%,5.64742%,9.09091%,YES
2020-49 & 2020-50,hxb2fa9acc7862ddc717f7e1b6c8ef9f168e81e060,62480.0,11,1,5564.549099999999,6654.4849,5586.0,5680.0,8.90613%,10.65058%,8.94046%,9.09091%,YES
2020-49 & 2020-50,hxf277418952673e86896d06fc69e83730daeb620f,193.1796,11,1,5.7911,29.7309,17.7872,17.561781818181817,2.99778%,15.39029%,9.20760%,9.09091%,YES
2020-49 & 2020-50,hxbed4d4c23ce16a4ecd3f5a44fddba1bf7712bdff,14366.632899999999,11,1,455.64360000000005,1655.1473,1345.5856,1306.0575363636362,3.17154%,11.52077%,9.36605%,9.09091%,YES
2020-49 & 2020-50,hxda2f396c8f1a50df62b23c1c3d88342ce6939140,7757.953800000001,11,1,70.1436,2665.4535,350.7176,705.2685272727274,0.90415%,34.35769%,4.52075%,9.09091%,YES
2020-49 & 2020-50,hxdb4cecb5d86ca0cadbcbe6adad83eb5cd28154a3,11553.527900000003,11,1,100.2587,9023.2904,100.2587,1050.3207181818184,0.86778%,78.09987%,0.86778%,9.09091%,YES
2020-49 & 2020-50,hxdbb4b8a0f4b96b0d7c80090ae47543f46c855d82,50034.46990000001,11,1,899.5333,8367.1951,5000.0,4548.588172727274,1.79783%,16.72286%,9.99311%,9.09091%,YES
2020-49 & 2020-50,hxdc2fdef8bb502942df12c180918defab5d99955c,31774.1366,11,1,0.0,5197.6665,2679.4124,2269.5811857142858,0.00000%,16.35817%,8.43268%,7.14286%,YES
2020-49 & 2020-50,hxdc41cf082fa82c11a82b5a94f3db2abb9333b491,791.1915,11,1,15.192,98.749,98.7489,71.9265,1.92014%,12.48105%,12.48104%,9.09091%,YES
2020-49 & 2020-50,hxdd6b499ebf126dd89f89f32179cd879fee310eda,7122.8559995045425,11,1,131.6232945695421,2549.2980349201353,432.1610221959618,647.532363591322,1.84790%,35.79039%,6.06724%,9.09091%,YES
2020-49 & 2020-50,hxe27f20d3e28a347f3c4a64067b0e27900027f4fe,1631.1733,11,1,16.7434,336.615,97.7041,148.28848181818182,1.02646%,20.63637%,5.98981%,9.09091%,YES
2020-49 & 2020-50,hxd59135c8d2288aef36ed9b5e33c03260cf6decda,31542.0993,11,1,0.0,4052.7653,2936.7271499999997,2628.508275,0.00000%,12.84875%,9.31050%,8.33333%,YES
2020-49 & 2020-50,hxeaf708b437ee8d801e2ccc8310d24e1719f2c81b,14780.0,11,1,35.0,1474.5000000000002,1474.5,1343.6363636363637,0.23681%,9.97632%,9.97632%,9.09091%,YES
2020-49 & 2020-50,hxebcd91115a92f651c8370d0bdccdcef3c9ceede2,1085.8646999999999,11,1,81.63159999999999,121.7189,105.36349999999999,98.71497272727271,7.51766%,11.20940%,9.70319%,9.09091%,YES
2020-49 & 2020-50,hxee5c1d04f36e46fb4a9c5b0de1e0d10b03a8ed9c,12245.6519,11,1,24.999999999999773,6715.6492,400.93809999999996,1113.2410818181818,0.20415%,54.84109%,3.27413%,9.09091%,YES
2020-49 & 2020-50,hxf3fd1a943fc432579c01b3b7cc7ca18276f347f9,178.35139999999998,11,1,4.1367,58.737300000000005,11.8578,16.213763636363634,2.31941%,32.93347%,6.64856%,9.09091%,YES
2020-49 & 2020-50,hxf293f84ba6afe277f75ad341cef4732c518d3b85,1231.8944000000001,11,1,109.0,122.1939,109.0,111.99040000000001,8.84816%,9.91919%,8.84816%,9.09091%,YES
2020-49 & 2020-50,hxbf8139fcef239ee3cb520c720bdfed656ca23dc2,1325.1647,11,1,10.3591,152.2448,131.1572,120.46951818181819,0.78172%,11.48875%,9.89743%,9.09091%,YES
2020-49 & 2020-50,hxe6e6004acb4997c5897ceb0dc42f0cdd95c95737,350.0,11,1,10.0,110.0,10.0,31.818181818181817,2.85714%,31.42857%,2.85714%,9.09091%,YES
2020-49 & 2020-50,hxf015f787653f3d0c61d49e451e0b987bf487a86b,5176.7962,11,1,258.1603,1100.0,260.0,470.61783636363634,4.98687%,21.24866%,5.02241%,9.09091%,YES
2020-49 & 2020-50,hxee289e9b7f9dae26ee3cdebd8e7a2468ec89dffa,102069.806,11,1,6007.9072,10000.0,10000.0,9279.073272727272,5.88608%,9.79722%,9.79722%,9.09091%,YES
2020-49 & 2020-50,hxcf094241cb2b58001ca4a14351ef5e073986d4a0,3954.7672,11,1,40.3424,700.2095,561.4985,359.5242909090909,1.02010%,17.70545%,14.19802%,9.09091%,YES
2020-49 & 2020-50,hxc4017a4206d87b195d036cb9a1690b782309db4d,33143.9126,11,1,67.1349,3610.4941,3204.0961999999995,3013.0829636363637,0.20256%,10.89339%,9.66722%,9.09091%,YES
2020-49 & 2020-50,hxedd3c4a4dd9e236f02e785998007875619dafedf,1093.3945999999999,11,1,97.9705,105.6334,97.9708,99.39950909090908,8.96021%,9.66105%,8.96024%,9.09091%,YES
2020-49 & 2020-50,hxc80f843578020a39efd76c89d4c49efc43526cd3,417.2846,11,1,17.2846,40.0,40.0,37.93496363636364,4.14216%,9.58578%,9.58578%,9.09091%,YES
2020-49 & 2020-50,hxcdaf4c545aa2d05e0a28f5ceb94ac8da1ac2f968,344618.80389999994,11,1,30309.2949,41525.8539,30309.295,31328.98217272727,8.79502%,12.04979%,8.79502%,9.09091%,YES
2020-49 & 2020-50,hx9b783c5ac6e4d62bf5b948e47ba424266085ad3d,10047.322,11,1,101.9162,1684.3622999999998,855.112,913.3929090909091,1.01436%,16.76429%,8.51084%,9.09091%,YES
2020-49 & 2020-50,hx9b469d8212f7be0bdae3588f4d5b28e447a46530,30141.25770000001,11,1,221.8951,16579.788900000003,584.7759,2740.114336363637,0.73618%,55.00696%,1.94012%,9.09091%,YES
2020-49 & 2020-50,hx4d8a23c7c6914c0f9a9efaa8571effdb7f8dfc78,3696.5018,11,1,147.8601,443.5802,369.6502,336.04561818181816,4.00000%,12.00000%,10.00000%,9.09091%,YES
2020-49 & 2020-50,hx4e615926295c2f03d1d780f28e40ce3e615f1496,15050.739800000003,11,1,1.0,9441.5689,339.7585,1368.249072727273,0.00664%,62.73159%,2.25742%,9.09091%,YES
2020-49 & 2020-50,hx1de12cf5733c9d74170a1c6d0e148e97e0ed1ae6,117171.23999999999,11,1,367.24,39999.999999999985,5000.0,10651.930909090908,0.31342%,34.13807%,4.26726%,9.09091%,YES
2020-49 & 2020-50,hx1d86a35e84216a1eb0724a9209b7dfae1a98fc0a,12522.0,11,1,175.6219,2978.0280000000002,1092.9996,1138.3636363636363,1.40251%,23.78237%,8.72863%,9.09091%,YES
2020-49 & 2020-50,hx4f726993a6cfabc87b3efc2949dac6fad761fca5,13372.2265,11,1,189.4522,2213.341,1279.5519000000002,1215.6569545454547,1.41676%,16.55178%,9.56873%,9.09091%,YES
2020-49 & 2020-50,hx1d25ab4bf703b9f738f475f6cb9bad12b896e2ab,39828.6059,11,1,813.8562999999999,7278.7759,2839.1853,3620.782354545455,2.04340%,18.27525%,7.12851%,9.09091%,YES
2020-49 & 2020-50,hx5317c635d2c2f8bcf22c814ee7a635bfc12f1d35,47314.4794,11,1,1561.9457,5160.4418,4278.3222,4301.316309090908,3.30120%,10.90669%,9.04231%,9.09091%,YES
2020-49 & 2020-50,hx1ce6488ac66bf734e178eef733f2432682b532d8,6696.722299999999,11,1,31.3084,1300.1072,670.9639,608.7929363636363,0.46752%,19.41408%,10.01929%,9.09091%,YES
2020-49 & 2020-50,hx53302c02e48135c3b0e6ec138d83909bcda1bd38,6557.464407845462,11,1,118.73998143087864,1937.5346910376607,463.5561429639423,596.1331279859511,1.81076%,29.54701%,7.06914%,9.09091%,YES
2020-49 & 2020-50,hx1cc7b5fb2ddeb78cbac7e839837daf4e9fdc1009,9584.793300000001,11,1,346.6793,3430.5532000000003,616.0,871.3448454545455,3.61697%,35.79162%,6.42685%,9.09091%,YES
2020-49 & 2020-50,hx1c9c39cc6ab3efd31048ea115119122fbc1d65a5,84.7621,11,1,3.1784999999999997,16.290799999999997,5.519,7.705645454545455,3.74991%,19.21944%,6.51116%,9.09091%,YES
2020-49 & 2020-50,hx1c54d238842563de32cd0ad069a84c9914b7a3ad,6807.875800000001,11,1,100.0597,1735.9659,538.748,618.8978000000001,1.46976%,25.49938%,7.91360%,9.09091%,YES
2020-49 & 2020-50,hx1a329df439db3f019523d56d7945d37d35bf4f38,6653.3046,11,1,0.0,884.4351000000004,500.0000000000001,554.44205,0.00000%,13.29317%,7.51506%,8.33333%,YES
2020-49 & 2020-50,hx185ca47b08d33c88b7a6c7b35be34d38fd9de92c,27300.749600000003,11,1,244.3634,20209.745300000002,739.5930000000001,2481.8863272727276,0.89508%,74.02634%,2.70906%,9.09091%,YES
2020-49 & 2020-50,hx5beebdab5f27090b3e44465abf17c11ab894f8ce,5524.3925,11,1,238.2631,568.54,524.2876,502.2175,4.31293%,10.29145%,9.49041%,9.09091%,YES
2020-49 & 2020-50,hx17b78b80bfcb4915fcac90f87e96cfa5bd59b452,50778.823,11,1,976.2198999999999,12386.088899999999,4737.6579,4616.256636363636,1.92249%,24.39223%,9.32999%,9.09091%,YES
2020-49 & 2020-50,hx16efd676ccb794e3fe399c45abcba85df88f31d2,1726.8397,11,1,15.0076,752.6613,52.1711,156.98542727272726,0.86908%,43.58605%,3.02119%,9.09091%,YES
2020-49 & 2020-50,hx16db7e5e3ad6bed68ccec9c0da3c477d8acb67e9,54519.8093,11,1,478.77399999999994,7823.7872,4857.2926,4956.3463,0.87817%,14.35036%,8.90923%,9.09091%,YES
2020-49 & 2020-50,hx614e597a1577f66fcd8988f88170de4c619a0573,2760.4274,11,1,100.8874,448.4864,206.02169999999998,250.94794545454545,3.65477%,16.24699%,7.46340%,9.09091%,YES
2020-49 & 2020-50,hx159190b9a5d7adf7dc438d991be9f981f0f3fd32,13799.429100000001,11,1,237.226,2135.034,1338.1527,1254.4935545454546,1.71910%,15.47190%,9.69716%,9.09091%,YES
2020-49 & 2020-50,hx4b1f64fbf1522016e402a392628aa3b1c6bae0e5,57190.74219999999,11,1,2981.5835,17525.3903,3490.4707,5199.158381818182,5.21340%,30.64375%,6.10321%,9.09091%,YES
2020-49 & 2020-50,hx2471ee5bbaeb409021d77b67a5bf2a47ebc53ab5,10285.787999999999,11,1,261.35,2846.6131,583.6703,935.0716363636362,2.54088%,27.67521%,5.67453%,9.09091%,YES
2020-49 & 2020-50,hx2c3587cf4b4e35346708d3f2ea2abea567f6d77f,11015.668699999998,11,1,1000.0,1003.7201999999997,1000.0,1001.4244272727271,9.07798%,9.11175%,9.07798%,9.09091%,YES
2020-49 & 2020-50,hx2c96c461d907b088adddaf7a32d51b953b9543e3,141543.77060000002,11,1,6831.1651,36820.1375,8912.6034,12867.61550909091,4.82619%,26.01325%,6.29671%,9.09091%,YES
2020-49 & 2020-50,hx2772e02e841193bb956128061b816546fdc25827,303.1646,11,1,27.4,28.3266,27.4,27.560418181818182,9.03799%,9.34364%,9.03799%,9.09091%,YES
2020-49 & 2020-50,hx26bd88215e9e5c09ccdde038d316bcad5095b30d,10889.0852,11,1,763.5763,1215.0610000000001,1012.5509,989.9168363636363,7.01231%,11.15852%,9.29877%,9.09091%,YES
2020-49 & 2020-50,hx2486f2d34d7a803d940afb07787d733425b61187,1806.6288,11,1,12.2959,690.8823,30.7403,164.23898181818183,0.68060%,38.24152%,1.70153%,9.09091%,YES
2020-49 & 2020-50,hx2484cb6672d2b17b235788f15ec3192e9c9eef4c,6200.9204,11,1,1.0,1723.808,410.7519,563.7200363636364,0.01613%,27.79923%,6.62405%,9.09091%,YES
2020-49 & 2020-50,hx311d3b806221a6764f93dbc3030bf48ea26bb7e9,10005.3718,11,1,5.3718,1000.0000000000001,1000.0,909.5792545454547,0.05369%,9.99463%,9.99463%,9.09091%,YES
2020-49 & 2020-50,hx31353603fb6a7943652efa55ea833aa3b549e35f,929.9999999994002,11,1,84.54545454539999,84.54545454540005,84.5454545454,84.54545454540002,9.09091%,9.09091%,9.09091%,9.09091%,YES
2020-49 & 2020-50,hx331d28957167dcc3ccd8d7eaa5895667ad3eeca6,2760.1666,11,1,150.0,300.1666,270.0,250.92423636363637,5.43445%,10.87495%,9.78202%,9.09091%,YES
2020-49 & 2020-50,hx337d62d8d2a433f24f6f1688648aed101ba9f686,41074.91449999999,11,1,371.28089999999975,32473.0874,822.9362999999998,3734.0831363636357,0.90391%,79.05820%,2.00350%,9.09091%,YES
2020-49 & 2020-50,hx3473e85103295a49c87b278f15cb0c3e3a4284e4,52714.35629999999,11,1,4223.3132000000005,5283.087100000001,4759.8011,4792.214209090908,8.01169%,10.02210%,9.02942%,9.09091%,YES
2020-49 & 2020-50,hx23e23494609de5cc1b6b65ff8d94b365eccda8af,2364.5988,11,1,200.0,260.1349,211.78610000000003,214.9635272727273,8.45809%,11.00123%,8.95653%,9.09091%,YES
2020-49 & 2020-50,hx20a35d46020b4bd909cbec3cf63604a3bf57dd56,51971.713500000005,11,1,2713.901,8382.3871,3914.3686,4724.701227272728,5.22188%,16.12875%,7.53173%,9.09091%,YES
2020-49 & 2020-50,hx3b77925ce37c0d1d983b3966c2ce6eef49820d44,2682.9447,11,1,0.0,262.73429999999996,260.77565,223.578725,0.00000%,9.79276%,9.71975%,8.33333%,YES
2020-49 & 2020-50,hx3f58bdb18ffe94f86dd6619b301519219dd01fb9,23164.677200000002,11,1,917.3934,2759.6573,2310.6889,2105.8797454545456,3.96031%,11.91321%,9.97505%,9.09091%,YES
2020-49 & 2020-50,hx414877f3baa492db5ea2d30a8a4b3b1672083e23,121878.5022855692,11,1,821.8828658846069,22680.229054429434,11347.292139120842,11079.863844142654,0.67435%,18.60888%,9.31033%,9.09091%,YES
2020-49 & 2020-50,hx429be0595739d57c5ba5c58807a699a66148fa04,378.17060000000004,11,1,19.053,45.9336,33.259,34.37914545454546,5.03820%,12.14626%,8.79471%,9.09091%,YES
2020-49 & 2020-50,hx42d097e451e4fe6bd1f1796027d583fdad537538,732428.1174999999,11,1,10000.0,114691.5662,89099.5403,66584.37431818181,1.36532%,15.65909%,12.16495%,9.09091%,YES
2020-49 & 2020-50,hx446fe84cf9e0775cf4f6156f2679c70de2d7ae06,10421.922900000001,11,1,10.0,1042.2346,1042.2345,947.4475363636365,0.09595%,10.00041%,10.00041%,9.09091%,YES
2020-49 & 2020-50,hx460ece412e413fb9a91b80375289153c67b1c41c,8312.3008,11,1,406.3076,1504.1676999999997,602.692,755.6637090909092,4.88803%,18.09568%,7.25060%,9.09091%,YES
2020-49 & 2020-50,hx62471b4843bea5f543c9895220b8ba99e1c24846,18003.0,11,1,209.40169044277616,4955.176130339622,770.2572131720035,1636.6363636363637,1.16315%,27.52417%,4.27849%,9.09091%,YES
2020-49 & 2020-50,hx642ab198ea3710f4215b5dc9d96c8f1f788114da,7672.283899999999,11,1,167.6893,1401.0313,692.465,697.4803545454545,2.18565%,18.26094%,9.02554%,9.09091%,YES
2020-49 & 2020-50,hx644043b6b33473919cb3a5ba45221e659ab9c665,5495.0,11,1,11.0,5351.0,15.0,499.54545454545456,0.20018%,97.37944%,0.27298%,9.09091%,NO
2020-49 & 2020-50,hx963dd34d07bebb575320d3a81cb0025db2984200,13896.1281,11,1,82.4688,2162.3329,1520.1194,1263.2843727272727,0.59347%,15.56069%,10.93916%,9.09091%,YES
2020-49 & 2020-50,hx0175d6c7f6cbeb7a3f22198b2d45e76219f3920e,14405.989099999999,11,1,1009.3339,2047.5063,1297.7151,1309.6353727272726,7.00635%,14.21288%,9.00816%,9.09091%,YES
2020-49 & 2020-50,hx88d7523fabfc3d2a9933c192455972d64fe14cf0,1108.0,11,1,9.67002114784808,316.6789218265433,49.63217917818071,100.72727272727273,0.87275%,28.58113%,4.47944%,9.09091%,YES
2020-49 & 2020-50,hx8c66e93216fa30a0e89e3678996fc7ea42576d34,762.5636217102152,11,1,5.63347467808428,197.29954280531402,52.4381108620325,69.32396561001957,0.73875%,25.87319%,6.87656%,9.09091%,YES
2020-49 & 2020-50,hx8f3aa15cf5d36b99548ea292dfce34a1d955aa19,1007.8296,11,1,7.8296,100.0,100.0,91.62087272727273,0.77688%,9.92231%,9.92231%,9.09091%,YES
2020-49 & 2020-50,hx9213dfd0eba46fefff91b5ddc0ccb105a10c0f70,14519.087,11,1,1255.9711,1373.734,1328.6803,1319.917,8.65048%,9.46157%,9.15127%,9.09091%,YES
2020-49 & 2020-50,hx2a5cee6831ba69cd4a0c67763d5a5fd210b5354d,1181.0492,11,1,4.7588,256.8821,110.2366,107.36810909090909,0.40293%,21.75033%,9.33379%,9.09091%,YES
2020-49 & 2020-50,hx93db169bccfe9a8afd6897eb54d4fc5a8d87d25a,3873.9649999999997,11,1,74.435,972.4965,223.3052,352.1786363636363,1.92142%,25.10339%,5.76425%,9.09091%,YES
2020-49 & 2020-50,hx979089bf1f73d349fe67c30ed0ce72a8801ba221,4322.9472081790545,11,1,0.5055663476261519,2992.301217663336,3.8351999117756983,392.9952007435504,0.01169%,69.21901%,0.08872%,9.09091%,YES
2020-49 & 2020-50,hx03715c57dd9f82177e8a8cdd37abc58c2adac56a,10188.727700000001,11,1,263.3518,1689.5319,893.4417000000001,926.2479727272729,2.58474%,16.58236%,8.76892%,9.09091%,YES
2020-49 & 2020-50,hx9b16229a08c1e7fc03ce5d66266948eccbb8a2f1,1287.2506999999998,11,1,39.0076,169.0329,130.0253,117.02279090909089,3.03030%,13.13131%,10.10101%,9.09091%,YES
2020-49 & 2020-50,hx85c203bb27226345baffa75c0d3ef6d0a3132e6b,140860.7618,11,1,1469.6642000000002,26921.625099999997,10650.5333,12805.5238,1.04335%,19.11222%,7.56104%,9.09091%,YES
2020-49 & 2020-50,hx096edfdfcca9228b0dfc9eb1ab0667d862de6e1d,3414.7891,11,1,81.838,340.0,336.9511,310.43537272727275,2.39658%,9.95669%,9.86741%,9.09091%,YES
2020-49 & 2020-50,hx644f54f6de6e3b7fc6b7d77e82a57c2273bc0e4d,1263.6304,11,1,12.508,135.90439999999998,122.4123,114.87549090909091,0.98985%,10.75508%,9.68735%,9.09091%,YES
2020-49 & 2020-50,hx0e23d151d1fd2c919e2ea613d2d36caa7cabc136,5403.2343,11,1,403.2343,500.00000000000006,500.0,491.2031181818182,7.46283%,9.25372%,9.25372%,9.09091%,YES
2020-49 & 2020-50,hx64e2ed14e6356f8c8385a1335bf301746ef5858a,18712.8209,11,1,542.8247,2000.6913,1803.5532999999998,1701.1655363636362,2.90082%,10.69155%,9.63806%,9.09091%,YES
2020-49 & 2020-50,hx6691031a225fd28f0efd28c40b29cb9f2a132b74,8515.279499999999,11,1,0.0,1409.2426,411.913,567.6852999999999,0.00000%,16.54958%,4.83734%,6.66667%,YES
2020-49 & 2020-50,hx149d3879d24e7fe5820b590f72fcae78ffbb0042,160019.4096,11,1,13974.8163,14913.0609,14665.86,14547.219054545456,8.73320%,9.31953%,9.16505%,9.09091%,YES
2020-49 & 2020-50,hx148782df8c375cc2f647308cf319705736e4b9e7,24028.1644,11,1,52.4761,2571.3262,2377.8107,2184.378581818182,0.21839%,10.70130%,9.89593%,9.09091%,YES
2020-49 & 2020-50,hx67b63aeec61162dd93a0906e1900bdcdcd9c0cba,5259.7872,11,1,100.0,750.0,750.0,478.1624727272727,1.90122%,14.25913%,14.25913%,9.09091%,YES
2020-49 & 2020-50,hx692f8635ab4ca2c624eea17a253a38c99f4471b8,18734.1791,11,1,156.2318,5131.6349,1500.0,1703.107190909091,0.83394%,27.39183%,8.00676%,9.09091%,YES
2020-49 & 2020-50,hx13561355865e509e32f7a27786a6763ba6b1c489,15293.4969,11,1,754.4887,6389.325899999999,837.7398999999999,1390.3179,4.93340%,41.77806%,5.47775%,9.09091%,YES
2020-49 & 2020-50,hx6d1285116376e3d554eedeacceffe92bd41d911e,70524.1455,11,1,2859.0763,9017.9008,7982.245999999999,6411.285954545455,4.05404%,12.78697%,11.31846%,9.09091%,YES
2020-49 & 2020-50,hx10e528813627c0d63c2641dc741a61507a74c7ce,571.8885999999999,11,1,6.3378,163.0904,19.2947,51.98987272727272,1.10822%,28.51786%,3.37386%,9.09091%,YES
2020-49 & 2020-50,hx6d6adbb8dccbbae2c98b9710fc4c2d1caea65dbb,9676.2236,11,1,288.4691,2548.4927000000002,759.1709,879.6566909090908,2.98122%,26.33768%,7.84574%,9.09091%,YES
2020-49 & 2020-50,hx816975ca7954845513f88dbb8104bcdb5e3adaed,17272.569600000006,11,1,170.2738,10318.2928,510.8214,1570.2336000000005,0.98580%,59.73803%,2.95741%,9.09091%,YES
2020-49 & 2020-50,hx7218420a922b7c23dd029b0f4655586cab81c3cf,18826.138099999996,11,1,1071.0327,3361.5604,1153.5005999999998,1711.4670999999996,5.68907%,17.85582%,6.12712%,9.09091%,YES
2020-49 & 2020-50,hx0a636c959e4b43238340a653294cb64bc124be70,155.88189999999997,11,1,13.890099999999999,15.937800000000001,14.030099999999997,14.171081818181817,8.91066%,10.22428%,9.00047%,9.09091%,YES
2020-49 & 2020-50,hx75b0ddef1b30693a4805e129c447cb23b6593102,542.4144,11,1,44.4644,50.0,49.7665,49.3104,8.19750%,9.21804%,9.17500%,9.09091%,YES
2020-49 & 2020-50,hx7614bf5f9584cda17cf739d63b0e2395fc9edb6b,4544.2172,11,1,65.6254,457.2717,445.3483,413.11065454545457,1.44415%,10.06272%,9.80033%,9.09091%,YES
2020-49 & 2020-50,hx7b940c6efec34d3991c9b917362bb1515fe46d4b,98415.5722,11,1,7730.6486,10541.7934,8863.7928,8946.8702,7.85511%,10.71151%,9.00649%,9.09091%,YES
2020-49 & 2020-50,hx09af69310d44f5b75fd966e4df4ae4a659797fed,111995.65729999998,11,1,50.0,33837.3155,113.2346,10181.423390909089,0.04464%,30.21306%,0.10111%,9.09091%,YES
2020-49 & 2020-50,hx7e6a0d2acd3677cb45f30ccf31f31fe2a5eb344f,2000.1901,11,1,20.0279,400.0,200.0,181.83546363636364,1.00130%,19.99810%,9.99905%,9.09091%,YES
2020-49 & 2020-50,hx7f5a1ab47098ca4ad5817e231501d7ffb55f6ca9,995886.1361,11,1,26184.9487,399093.71910000005,58243.763,90535.10328181818,2.62931%,40.07423%,5.84844%,9.09091%,YES
2020-49 & 2020-50,hxfe43e4d0782cc62ff4e9714771ae94d743e27234,11366.580700000002,11,1,455.6243999999999,1811.1069,1034.5403,1033.3255181818183,4.00846%,15.93361%,9.10160%,9.09091%,YES
