date,delegator,sum_votes,how_many_prep_voted,raffle_tickets,total_votes,total_votes,total_votes,total_votes,vote_percentages_per_prep,vote_percentages_per_prep,vote_percentages_per_prep,vote_percentages_per_prep
,,,,,min,max,median,mean,min,max,median,mean
2021-01-11,hx34d02bb86519113b653ef5ed3a68de9cfff0f2ab,100.0,100,10,0.9999,1.0001,1.0,1.0,0.99990%,1.00010%,1.00000%,1.00000%
2021-01-11,hx2be8c1cf96fa6685d848d7798408a3e5941a8d82,15.149799999999981,100,10,0.0001,10.0,0.0001,0.1514979999999998,0.00066%,66.00747%,0.00066%,1.00000%
2021-01-11,hx414742cdbec72d48568077742998810433afad1e,8280.509699999999,100,10,81.99999999999818,162.5097,82.0,82.80509699999999,0.99028%,1.96256%,0.99028%,1.00000%
2021-01-11,hx10d24cae4bcc94bb8e8249c94dc23a0375958c0d,99.24688299999993,100,10,0.18525511643614406,49.54521399974908,0.30162596683107534,0.9924688299999993,0.18666%,49.92118%,0.30391%,1.00000%
2021-01-11,hx1b4e0df6efc52a2b567f6b254353e14c7a2b479f,55400.847299999994,100,10,26.424237494898787,3912.2277077999365,409.6999113671302,554.008473,0.04770%,7.06167%,0.73952%,1.00000%
2021-01-11,hx18c7901c5df492dc4e57c9b4952f4d3cbce66206,284.3583360033358,100,10,1.5792000000000002,13.659154391859298,2.714,2.843583360033358,0.55536%,4.80350%,0.95443%,1.00000%
2021-01-11,hxb0d886f01ca2697ce9961232a754bb3923142128,16640.87740000001,100,10,114.87289999999912,636.4141999999999,157.7947,166.40877400000008,0.69031%,3.82440%,0.94824%,1.00000%
2021-01-11,hxcf7f516d446b6db4ff78967b3d3dc810b0d270d8,51394.08069999999,100,10,0.9999999999995453,50059.83679999999,1.0,513.940807,0.00195%,97.40390%,0.00195%,1.00000%
2021-01-11,hx14c5d80083258bca5146f7c1eecb780ad0c0f930,1235.549,96,9,1.0,220.17669999999998,5.0,12.870302083333334,0.08094%,17.82015%,0.40468%,1.04167%
2021-01-11,hx114049660809114582bfc83f66833560544bf877,2104.4863000000014,83,8,19.1635,526.0894,19.1711,25.35525662650604,0.91060%,24.99847%,0.91096%,1.20482%
2021-01-11,hx049eec5560f8518cffce2ab74fce56ad31fc79c6,7323.8802000000005,56,5,1.6433,1071.6487,89.49414999999999,130.783575,0.02244%,14.63225%,1.22195%,1.78571%
2021-01-11,hxc35919c430476b095652bc91056ba1baf0420f9e,3000.0,52,5,19.99999999999997,1000.0,20.0,57.69230769230769,0.66667%,33.33333%,0.66667%,1.92308%
2021-01-11,hxf9486d536c7c1b0435246853930e1e357f764ab7,990.0,51,5,1.0,795.0,3.0,19.41176470588235,0.10101%,80.30303%,0.30303%,1.96078%
2021-01-11,hxd2fe38548f3f4a8c545112582c668913a85d4b93,102119.6175,49,4,556.2504,3055.8755,2018.8527,2084.073826530612,0.54470%,2.99245%,1.97695%,2.04082%
2021-01-11,hxd7d52c9ad84b08757a1d9a95234d6a62849f103a,2210.8405999999995,42,4,19.9258,131.6602,44.2792,52.639061904761896,0.90128%,5.95521%,2.00282%,2.38095%
2021-01-11,hxaf0882e1856ba71a69408edea4c244f706ac622e,14155.496000000005,39,3,264.8999,397.3499,397.3498,362.961435897436,1.87136%,2.80704%,2.80704%,2.56410%
2021-01-11,hxa16dc10855a6a7d1c455d324f9c7776ae1290133,246383.03799999994,34,3,2392.6673,10614.9404,8024.021949999999,7246.559941176469,0.97112%,4.30831%,3.25673%,2.94118%
2021-01-11,hx42967fdffaacf8b41362b3574d631a17c320ff49,1142.0895,33,3,34.5,38.0895,34.5,34.60877272727273,3.02078%,3.33507%,3.02078%,3.03030%
2021-01-11,hxed5e0d1bade8dc01084d0a68e0d370c41c69465d,20696.129200000007,32,3,206.96099999999996,10141.1079,413.92240000000004,646.7540375000002,1.00000%,49.00002%,2.00000%,3.12500%
2021-01-11,hxf7680b84aed887350194c26bd98996312020379f,52072.000000000015,32,3,0.0,2181.784039128378,1574.6969696969002,1577.9393939393944,0.00000%,4.18994%,3.02408%,3.03030%
2021-01-11,hxd2b801100a49fb8cdca2df399e14f06b96acafa8,6187.327399999999,31,3,60.3395,809.1919,120.6791,199.5912064516129,0.97521%,13.07821%,1.95042%,3.22581%
2021-01-11,hxbfa2e0c0454a1d36d1ed8ccc6ac4d3a333366c47,365.511,31,3,3.2604,220.97510000000003,3.6225,11.79067741935484,0.89201%,60.45648%,0.99108%,3.22581%
2021-01-11,hxe9c738b80a7fe77544ee9c23ac9c72bcc53bef93,98.98000000000002,28,2,1.1245313793370355,7.595743533781221,3.1931905368318283,3.5350000000000006,1.13612%,7.67402%,3.22610%,3.57143%
2021-01-11,hx19e77fa5230bdb5275463107dd0f0384e259e382,121.45599999999999,28,2,0.4032721403269612,16.05223204878549,2.7566489613547596,4.337714285714285,0.33203%,13.21650%,2.26967%,3.57143%
2021-01-11,hx4238c8c7ff1d53d4f91c9b5460d1ac037f642da4,51007.7588,28,2,822.3642000000001,5744.059,1672.2101500000008,1821.7056714285716,1.61223%,11.26115%,3.27834%,3.57143%
2021-01-11,hx64adf776e53d0f30d2c4e90461a043fcc58c04bf,1036.7643,26,2,20.7352,82.9412,41.47055,39.875550000000004,1.99999%,8.00001%,4.00000%,3.84615%
2021-01-11,hx2e4309caac07eff585c4b0c12e787c50fcbc3e05,1528.2502000000002,26,2,22.8213,117.13589999999999,57.4471,58.77885384615385,1.49330%,7.66471%,3.75901%,3.84615%
2021-01-11,hx9a12c867e8bb3d3e731eec1334bbc43f88ca4fad,54805.270800000006,26,2,717.3066,3795.3354000000004,1599.30305,2107.895030769231,1.30883%,6.92513%,2.91816%,3.84615%
2021-01-11,hxbd80528745cf75e700c37f6235ffa4c6c16ef3b1,75.0964,26,2,1.0,26.0502,1.0,2.888323076923077,1.33162%,34.68901%,1.33162%,3.84615%
2021-01-11,hxcaf3a1285478520ad520d34d470aed54d49c4774,23650.9237,24,2,301.7483,3702.6113,845.68175,985.4551541666666,1.27584%,15.65525%,3.57568%,4.16667%
2021-01-11,hx396b89b9167f5b1ca55e8224fcff78b22677bf1f,7701.991796411826,23,2,139.96104842816473,730.2312066876341,261.48437757406055,334.8692085396446,1.81721%,9.48107%,3.39502%,4.34783%
2021-01-11,hxb812766bc41d782edd84f7b8a36c97fcaf6bfd39,791.4933000000002,23,2,11.374799999999999,96.2733,32.4773,34.412752173913056,1.43713%,12.16350%,4.10329%,4.34783%
2021-01-11,hxb24175f91931322feb42bc5f4986e78b962dc7f8,103591.88250000002,23,2,3.76,6753.9565999999995,4328.178999999999,4503.994891304349,0.00363%,6.51977%,4.17811%,4.34783%
2021-01-11,hxee4ed659a48922c4f5dbe97ab3fcdc35a7010924,10236.962199999998,23,2,196.18959999999998,810.0657,409.38530000000003,445.08531304347815,1.91648%,7.91315%,3.99909%,4.34783%
2021-01-11,hx6aee4d81a36e730ef217616542ed7c654829ead2,2999.0093,23,2,59.9801,180.2131,120.1421,130.39170869565217,2.00000%,6.00909%,4.00606%,4.34783%
2021-01-11,hx4c9cc8daac26a7547d378fc9d1960bd9e3187870,478.04330000000004,23,2,6.2176,86.089,20.0,20.784491304347828,1.30064%,18.00862%,4.18372%,4.34783%
2021-01-11,hx171a92e51f8f199d509c61699897bdc93f265761,2529.044,23,2,50.5808,379.3566,75.8713,109.95843478260869,2.00000%,15.00000%,3.00000%,4.34783%
2021-01-11,hx88b2272c89d22f69b280e9b2304e5acb72463788,5263.000000000003,22,2,91.4709,825.9966999999999,139.5238,239.22727272727286,1.73800%,15.69441%,2.65103%,4.54545%
2021-01-11,hxd6b8a685743ab7134eeb545947741817e0caf4af,5181.7177,22,2,51.99999999999994,1396.6519000000003,52.0,235.53262272727272,1.00353%,26.95345%,1.00353%,4.54545%
2021-01-11,hxb50bf047dfdce1e3b21ee7cde229a99a29e3569d,31652.1943,22,2,358.55339999999995,4222.3339,1475.1158999999998,1438.7361045454545,1.13279%,13.33978%,4.66039%,4.54545%
2021-01-11,hx349502ce9e2e1f290769bfa4d2a878a0cfb0050f,4395.2122,22,2,197.0,213.21219999999994,200.0,199.78237272727273,4.48215%,4.85101%,4.55041%,4.54545%
2021-01-11,hx4b3aec7d9d401557939d392e03721025eee2a6a7,215986.80569999994,22,2,6083.6837,13034.034199999998,7900.124050000002,9817.582077272724,2.81669%,6.03464%,3.65769%,4.54545%
2021-01-11,hx4c503680cb38fc18647e0206a437889589880ac6,2448.6569000000004,21,2,97.9463,122.43299999999999,122.4328,116.60270952380954,4.00000%,5.00001%,5.00000%,4.76190%
2021-01-11,hx44f4a5faccae3e1a109e95c896c13ae234d4d145,2283.9844000000007,21,2,6.5012,627.0958,79.4095,108.76116190476193,0.28464%,27.45622%,3.47680%,4.76190%
2021-01-11,hx51674f92698373018f9484cc27694a1d78ef44d6,920.5509,21,2,9.2064,157.0241,36.7788,43.83575714285714,1.00010%,17.05762%,3.99530%,4.76190%
2021-01-11,hx5203a1c4db4ce125e32d81205a8bff763ff579f1,92374.69308283887,21,2,331.1250163557178,24635.730467780282,3065.0646194704154,4398.794908706613,0.35846%,26.66935%,3.31808%,4.76190%
2021-01-11,hx59c8c1240d91dbfe0d8a71095d0047c59a1fff1e,35570.888,21,2,5.0,35424.8244,6.0636,1693.8518095238094,0.01406%,99.58937%,0.01705%,4.76190%
2021-01-11,hx3c117f6c88806a9a37f5602ab884568d71138239,2400.0,21,2,99.99999999999997,150.0,99.99999999999997,114.28571428571429,4.16667%,6.25000%,4.16667%,4.76190%
2021-01-11,hxad9a11d1d6a37c499284b9ce23e38f1e9b3e0894,51364.4012,21,2,312.4386,9413.5175,1492.9952,2445.9238666666665,0.60828%,18.32693%,2.90667%,4.76190%
2021-01-11,hx624cc71bdd83371ed6ed32ba06c705e8d586244c,32840.0172,21,2,10.0,25865.7536,56.8865,1563.810342857143,0.03045%,78.76291%,0.17322%,4.76190%
2021-01-11,hx72c4aa55bf22da62fa39421b8fd3e7c9e2452cfc,59568.21299999999,21,2,49.99999999999636,58400.03499999999,50.0,2836.581571428571,0.08394%,98.03892%,0.08394%,4.76190%
2021-01-11,hx77035912d806f04dad1a0d33ba6014effcc7fbc0,20014.0,21,2,14.0,1000.0,1000.0,953.047619047619,0.06995%,4.99650%,4.99650%,4.76190%
2021-01-11,hx1cd1e371a8f885f68799aa837e287c5c442e9adb,49999.99999999999,21,2,100.0,17023.5055,500.2422999999999,2380.9523809523807,0.20000%,34.04701%,1.00048%,4.76190%
2021-01-11,hxc65088187c9168b2a325ec65add70306c90502f8,5351.8316,21,2,25.29759999999999,1062.0708,127.96600000000001,254.84912380952383,0.47269%,19.84500%,2.39107%,4.76190%
2021-01-11,hxf0fa3e948b05eca500400a88c13808d0797e4850,26729.95550000001,21,2,1.0,26705.955500000004,1.0,1272.8550238095243,0.00374%,99.91021%,0.00374%,4.76190%
2021-01-11,hxb5cdb4ce8461e00fe1cf55a307b864e4b648c219,10996.459399999992,21,2,109.96449999999822,8797.168099999999,109.9646,523.6409238095234,1.00000%,80.00001%,1.00000%,4.76190%
2021-01-11,hxd5831e3323d39b999a92970d1a1d4a5e848dda46,8262.655499999999,21,2,200.7636,493.5852,411.321,393.45978571428566,2.42977%,5.97369%,4.97807%,4.76190%
2021-01-11,hxb69e92375ef41990daba1ff2f72409555f787aa8,52143.50119999999,21,2,250.0,47143.50119999999,250.0,2483.0238666666664,0.47945%,90.41108%,0.47945%,4.76190%
2021-01-11,hxd3e0281240626d09498c13a2baea34ced94832cc,1996.9006,21,2,30.166,360.0,50.0,95.09050476190475,1.51064%,18.02794%,2.50388%,4.76190%
2021-01-11,hx59546d94393f4727cd5c6634617822c76a2355d5,10116.4875,20,2,9.999999999999545,9926.4875,10.0,505.824375,0.09885%,98.12188%,0.09885%,5.00000%
2021-01-11,hx6017e7e70f316db3dc5eeeb955fc9fe9713a4bb2,5000.000000000002,20,2,249.99999999999955,250.00000000000136,250.0,250.00000000000009,5.00000%,5.00000%,5.00000%,5.00000%
2021-01-11,hxcb95e7390d67723f0cd7830aaa56a248763817d8,357.3894,20,2,15.3894,18.0,18.0,17.86947,4.30606%,5.03652%,5.03652%,5.00000%
2021-01-11,hx3b4d5658cdd5ef6b4bc3f61322907ea89fbdd6d8,52573.97749999999,20,2,53.1517,5070.619899999998,3019.8761999999992,2628.6988749999996,0.10110%,9.64473%,5.74405%,5.00000%
2021-01-11,hx69b2050d3976d5115e1452e078b987a63ee7e411,1137.7816999999998,20,2,56.888999999999996,56.8907,56.888999999999996,56.88908499999999,4.99999%,5.00014%,4.99999%,5.00000%
2021-01-11,hxb09866aadc6d5b5e9c2c222f4419fa02e34939a9,5059.058867599324,20,2,5.0,2083.751934239592,59.0,252.9529433799662,0.09883%,41.18853%,1.16622%,5.00000%
2021-01-11,hxb17745d715f488307816fb9d2861bc2d08c39e5c,1034.0,20,2,31.02,103.4,51.7,51.7,3.00000%,10.00000%,5.00000%,5.00000%
2021-01-11,hx7f02efbae58798bb1c5b42c16aa85fbbc4c8db41,13539.706499999998,20,2,0.999999999998181,13520.7065,1.0,676.9853249999999,0.00739%,99.85967%,0.00739%,5.00000%
2021-01-11,hx8180cd39e8cbd791e28c3110e97379f115d63ca3,18182.3685,20,2,800.6482,914.8274,914.8274,909.118425,4.40343%,5.03140%,5.03140%,5.00000%
2021-01-11,hx857353391e454d7fc60f4879224aade697602877,335.15999999999997,20,2,6.7032,23.4613,16.758,16.758,2.00000%,7.00003%,5.00000%,5.00000%
2021-01-11,hx913399911d719b0ae91071c4c9017f0f1e8ca8f0,1005.5287000000002,20,2,9.9898,108.8884,49.94925,50.276435000000006,0.99349%,10.82897%,4.96746%,5.00000%
2021-01-11,hx99e3d951340ad78f48437eae250cb05f9f4d0284,22142.0039,20,2,432.7106,2646.6874999999995,471.39049999999986,1107.100195,1.95425%,11.95324%,2.12894%,5.00000%
2021-01-11,hx8e1c9e9a72d54632fb8769bbd9417d1af1be079b,7702.560599999999,20,2,101.25859999999962,1080.9521000000002,224.50340000000006,385.12802999999997,1.31461%,14.03367%,2.91466%,5.00000%
2021-01-11,hxf3d6326506d3093fbbeb8ca8eb0ef7a23536ef18,34624.99999999999,20,2,1632.2641,1736.4629,1736.4629,1731.2499999999995,4.71412%,5.01506%,5.01506%,5.00000%
2021-01-11,hxe67b818b6ab2967afc6ede848658c66802b8ab9c,794.2266000000004,20,2,39.7113,39.7119,39.7113,39.71133000000002,5.00000%,5.00007%,5.00000%,5.00000%
2021-01-11,hxe46fa4aa6d20d1ee400654fd5f328632ed319f0b,1276.7674,20,2,9.3244,319.7564,26.8803,63.83837,0.73031%,25.04422%,2.10534%,5.00000%
2021-01-11,hx18e6ff393f3e2d47649494b0708141e87d46d98f,88.10000000000001,20,2,4.405,4.405,4.405,4.405,5.00000%,5.00000%,5.00000%,5.00000%
2021-01-11,hx23c7091c5c63676d0667653d2c1a0791cf9236d2,884.3240000000003,20,2,44.2,44.523999999999994,44.2,44.216200000000015,4.99817%,5.03481%,4.99817%,5.00000%
2021-01-11,hxe03b68f5e0fafd46eed4b9ab805a95734278a3bd,80735.88130000001,20,2,1882.495,12787.769099999998,3118.5535500000015,4036.7940650000005,2.33167%,15.83902%,3.86266%,5.00000%
2021-01-11,hx171d08d1081c49e284a719ff2de6f4570a0ab75b,2026.7157,20,2,26.1345,183.86069999999998,107.07480000000001,101.335785,1.28950%,9.07185%,5.28317%,5.00000%
2021-01-11,hxd57953ba157721028b3fedbc7c067ed555c85e01,78033.3252,19,1,40.0,36753.3252,200.0,4107.017115789474,0.05126%,47.09952%,0.25630%,5.26316%
2021-01-11,hx20268fdf7c282d97b5a91441bb6d3f218dc49f9c,168.82949999999994,19,1,3.9872,16.232,8.482000000000001,8.885763157894734,2.36167%,9.61443%,5.02400%,5.26316%
2021-01-11,hx864c5eec5eccb203772a322cd711ae7f5c8dec77,13194.862899999998,19,1,153.74829999999997,1649.8154,634.1483000000001,694.4664684210526,1.16521%,12.50347%,4.80602%,5.26316%
2021-01-11,hx3f133cdf56a93b43bca05939d12d4996a98996ab,8351.350488058295,19,1,111.20034872424188,755.0043000000002,700.0,439.54476252938395,1.33153%,9.04051%,8.38188%,5.26316%
2021-01-11,hx40bc58ea43241b88e13e3e2b54db0eefa73108fd,147978.3437,19,1,291.0607,30647.567699999996,5362.606099999999,7788.333878947368,0.19669%,20.71085%,3.62391%,5.26316%
2021-01-11,hx26907c177186f27613f85431237f3d68cf303528,42432.451199999996,18,1,1474.4764,4874.054999999999,2364.66005,2357.3583999999996,3.47488%,11.48662%,5.57276%,5.55556%
2021-01-11,hx81f933da3f0ef5fe89887e06cb3b2f80aba4010b,6024.3257,18,1,249.9936,500.0,300.0000000000001,334.68476111111113,4.14974%,8.29968%,4.97981%,5.55556%
2021-01-11,hx02d9625fede24e2378ab6e96cf354cb350992c65,5101.6325,18,1,78.3803,451.8808,301.2539,283.4240277777778,1.53638%,8.85757%,5.90505%,5.55556%
2021-01-11,hx02e7a0938791fcbd5379740a3f7cdbd5c75c690e,4279.1928,18,1,200.0,300.0,200.0,237.73293333333334,4.67378%,7.01067%,4.67378%,5.55556%
2021-01-11,hx5a0e4b938c18907a8e1fe8bc80f8f088ef82dfc2,1083520.205,18,1,9000.7937,85113.4932,76003.1744,60195.56694444445,0.83070%,7.85528%,7.01447%,5.55556%
2021-01-11,hxbdd803c6b21e845f35cb7fdbd8fe04e483dc4df3,9053.544700000002,18,1,153.5447,900.0,500.0,502.97470555555566,1.69596%,9.94086%,5.52270%,5.55556%
2021-01-11,hxc7b808aaa9c8582cd5adc39be974df20a55c55e0,48763.835399999996,18,1,5.0,48618.835399999996,10.0,2709.1019666666666,0.01025%,99.70265%,0.02051%,5.55556%
2021-01-11,hxa4556d928cfabb02caa1f07078f579638b5d4357,13623.039974058012,17,1,48.01546206280515,3355.9136349088326,365.9875569930538,801.3552925916478,0.35246%,24.63410%,2.68653%,5.88235%
2021-01-11,hx82a8319354bbdf73087c60a019563c980061f592,33618.8813,17,1,708.9929000000004,3374.3553,1627.1117,1977.5812529411764,2.10891%,10.03708%,4.83987%,5.88235%
2021-01-11,hx87455c62c2ef3f37496fb2fef0df86fdadada87c,167396.8835,17,1,7396.883500000001,10000.0,10000.0,9846.8755,4.41877%,5.97383%,5.97383%,5.88235%
2021-01-11,hx91b9df44a0679a85ff83199b5f66529a45bf2dbb,3069.5652999999998,17,1,120.6441,427.2503999999999,151.3103,180.56266470588233,3.93033%,13.91892%,4.92937%,5.88235%
2021-01-11,hxf819c5e1cc4b3e48aab63cacf87b2f723d01ec7d,42414.0686,17,1,500.0,4000.0,3000.0,2494.9452117647056,1.17885%,9.43083%,7.07312%,5.88235%
2021-01-11,hx649751cb1697fbae9a581f829f938a284692effc,15030.381899999997,17,1,301.198,2212.3612999999996,604.6961,884.1401117647057,2.00393%,14.71926%,4.02316%,5.88235%
2021-01-11,hx6de349dbe155a21ee96dcf194d65f67f50ad2a74,31292.138300000002,17,1,727.8233999999995,2749.4356,1800.0,1840.7140176470589,2.32590%,8.78635%,5.75224%,5.88235%
2021-01-11,hx6c6cbea1f364be1be5a56f9d5b5675a3f9828366,20583.862599999997,17,1,2.0,4061.2,906.922,1210.8154470588233,0.00972%,19.73002%,4.40599%,5.88235%
2021-01-11,hx6b9dcbd1234b5f5317b04fc4bcfb31930d0d4895,573.8751,17,1,10.0,86.1359,34.4542,33.75735882352941,1.74254%,15.00952%,6.00378%,5.88235%
2021-01-11,hxbae2c2c3b5461d945ea9d040c8287ab11d524c95,1271.9830999999997,17,1,1.0,1198.1476,1.8043000000000005,74.82253529411763,0.07862%,94.19525%,0.14185%,5.88235%
2021-01-11,hx5b038a80b468ed9b581f666bbcd01316f4782ba3,16349.111,17,1,38.7422,2087.5647000000004,1123.5299,961.712411764706,0.23697%,12.76867%,6.87212%,5.88235%
2021-01-11,hx5e46559dcbaf2107e562e3e5832ed7b384c8debe,31601.9739,17,1,999.8241,12602.149800000001,1000.0,1858.9396411764706,3.16380%,39.87773%,3.16436%,5.88235%
2021-01-11,hx53c974aa02514313dc3e5371d3703051e4825f3b,89165.3539,17,1,1165.3539,8500.000000000002,2500.0,5245.020817647059,1.30696%,9.53285%,2.80378%,5.88235%
2021-01-11,hxc30aabbc541d3ad4019aa5675fc553549852130e,8788.5989,17,1,188.5989,1000.0,500.0,516.976405882353,2.14595%,11.37838%,5.68919%,5.88235%
2021-01-11,hxdeb908625fcab32473b9ab4798fb140bdd290324,886.6675,17,1,50.0,86.6675,50.0,52.15691176470588,5.63909%,9.77452%,5.63909%,5.88235%
2021-01-11,hxac362b78a8ae5509660b50063cc3681679e6f68d,23568.6145,17,1,660.3069,2027.5797,1559.6767,1386.3890882352941,2.80164%,8.60288%,6.61760%,5.88235%
2021-01-11,hx442f62bda2157037af839c7075f43f16b2d4cc91,25833.2952,17,1,5.0,25108.2952,10.0,1519.6056,0.01935%,97.19354%,0.03871%,5.88235%
2021-01-11,hx44a17a00d1641f939c78d95dc6b1807de266ecbc,58523.30560000001,17,1,587.1844,6885.1294,4101.4114,3442.5473882352944,1.00333%,11.76477%,7.00817%,5.88235%
2021-01-11,hx10e196b23d1b042a6a1ff67931598458f8cef7f5,6074.1974999999975,17,1,30.0813,1096.9384,147.2933,357.3057352941175,0.49523%,18.05898%,2.42490%,5.88235%
2021-01-11,hxa7b3f39a318d7242dc06908deda20676609d2630,1830.0628,16,1,3.741,287.0091,147.0,114.378925,0.20442%,15.68302%,8.03251%,6.25000%
2021-01-11,hx4b03d97b91bc4d13d271ee97c8571141baca6cd0,274048.2272,16,1,1312.0631,60746.325500000006,2586.9174999999996,17128.0142,0.47877%,22.16629%,0.94396%,6.25000%
2021-01-11,hxc6bdf332de359c46f3bedbb1776ce0f8ce78a1b6,799506.7335999999,16,1,696.4701,212585.15490000002,43115.575450000004,49969.170849999995,0.08711%,26.58954%,5.39277%,6.25000%
2021-01-11,hx980c88105afbc6dec15d6e44bea29289c2ab6683,1316.859,16,1,50.0,100.0,100.0,82.3036875,3.79691%,7.59383%,7.59383%,6.25000%
2021-01-11,hxa4223229cf2bacc2fbb861563bb6e2b9cbc56a3e,6265.568299999998,16,1,100.37879999999996,1300.0000000000005,194.96740000000017,391.5980187499999,1.60207%,20.74832%,3.11173%,6.25000%
2021-01-11,hxe3dd8785da38941b2d6893b027502a586be5edb1,2219.8604,16,1,27.7731,360.1785,120.44730000000001,138.741275,1.25112%,16.22528%,5.42590%,6.25000%
2021-01-11,hx91449e6edfd99af685c9c376024db63fca65e236,4110.223299999999,16,1,100.88480000000018,1300.0,103.92220000000002,256.8889562499999,2.45448%,31.62845%,2.52838%,6.25000%
2021-01-11,hx23957e7cfd6ad721f240e7fbb395e0d765fb9b36,7064.5113,16,1,32.2857,1331.0952,457.21315000000004,441.53195625,0.45701%,18.84200%,6.47197%,6.25000%
2021-01-11,hxe0529dc2d947df2f83c341d1bdcfbf2758685a31,16474.538,16,1,999.9999999999999,1474.5379999999998,1000.0,1029.658625,6.06997%,8.95041%,6.06997%,6.25000%
2021-01-11,hx1a3690342bc1fbabae3362b56059d17b69b40915,3960.0,16,1,200.0,960.0,200.0,247.5,5.05051%,24.24242%,5.05051%,6.25000%
2021-01-11,hx7849e4405707a7ed86a3d24f8ff4cf45cde3587d,39037.66785685857,16,1,79.3185924021429,6087.270170137008,1836.6139201691626,2439.8542410536606,0.20318%,15.59332%,4.70472%,6.25000%
2021-01-11,hx602d61e653c7bc72581e076ede13a18f5ab2f1b0,13790.6596,16,1,82.78880000000004,4695.0887,459.50059999999996,861.916225,0.60033%,34.04543%,3.33197%,6.25000%
2021-01-11,hx87d6c4d3e40401429a8acbd15305736e30909d3e,9925.985499999999,16,1,20.0,4409.8913,20.0,620.3740937499999,0.20149%,44.42774%,0.20149%,6.25000%
2021-01-11,hxb28391ccbbe4922c14614f844059d229c27a4809,918.6242999999998,15,1,0.9598,134.6412,43.12339999999999,61.24161999999999,0.10448%,14.65683%,4.69435%,6.66667%
2021-01-11,hxa4ba1bcf183f051844c278796f47112e8805d229,2325.3606,15,1,116.26799999999999,697.6081,116.26799999999999,155.02403999999999,5.00000%,30.00000%,5.00000%,6.66667%
2021-01-11,hx8816f9995eb3bba5c93a9f954f36e816b9f1df8f,1336.1261,15,1,5.3816,257.4011,53.534,89.07507333333334,0.40278%,19.26473%,4.00666%,6.66667%
2021-01-11,hx9624f97052215bc50da22b8b0c3d68ddf9acfe34,61842.443699999996,15,1,3894.213300000001,4260.1058,4159.541300000001,4122.82958,6.29699%,6.88864%,6.72603%,6.66667%
2021-01-11,hx9b7a327acaa261572c77722c44a4090f16dc4c98,102433.0204,15,1,258.5123000000003,11428.3663,6757.631700000001,6828.868026666666,0.25237%,11.15692%,6.59712%,6.66667%
2021-01-11,hx9c9d5309ef3381e7e5d9a79c11835c0b5636abcc,5964.918200000001,15,1,298.6125,1075.4675,306.9262,397.6612133333334,5.00615%,18.02988%,5.14552%,6.66667%
2021-01-11,hxf293f84ba6afe277f75ad341cef4732c518d3b85,4662.50602767,15,1,290.99999999999994,319.61742253,314.95147475,310.833735178,6.24128%,6.85506%,6.75498%,6.66667%
2021-01-11,hxbcdd18151cbe679fe638e073e4b8aa3d963f9995,11231.6957,15,1,12.919,1319.7805,1021.2218,748.7797133333333,0.11502%,11.75050%,9.09232%,6.66667%
2021-01-11,hxdd3e1988cb579476efba6206819f7cd6af43f38d,64367.0,15,1,4000.0,5000.0,4000.0,4291.133333333333,6.21436%,7.76796%,6.21436%,6.66667%
2021-01-11,hx461eb340a1aca911fb8a85d0401a5c3b84345aae,4964.520531233729,15,1,117.1224,1025.6759,251.397,330.96803541558194,2.35919%,20.66012%,5.06387%,6.66667%
2021-01-11,hx39aa53c5d86727d19c5f6b4a1e1ad408399e797c,19819.772,15,1,1143.8113,1594.2119,1218.9830000000002,1321.3181333333334,5.77106%,8.04354%,6.15034%,6.66667%
2021-01-11,hx49d49a4ae9a0a21ad72aadb4579c29817ed64075,10940.148999999998,15,1,77.9051,3800.6139999999996,339.4903,729.3432666666665,0.71210%,34.74006%,3.10316%,6.66667%
2021-01-11,hx602b54b19dc602f6d2eb3d0a7cde90d52adc88af,129.0,15,1,1.0,115.0,1.0,8.6,0.77519%,89.14729%,0.77519%,6.66667%
2021-01-11,hx1858bb7d884b5a6a74ceaa63eca015ce184bc726,3302.2323059452924,15,1,19.8278,734.9970999999999,165.3629,220.14882039635282,0.60044%,22.25758%,5.00761%,6.66667%
2021-01-11,hx194ece0e97d37953e760e60ab4d6453e5ce8cc40,24278.795899999997,15,1,548.8501,3646.9789,1272.202,1618.5863933333333,2.26061%,15.02125%,5.23997%,6.66667%
2021-01-11,hx250858a62cd9fec535459cd61ca7b1d89984c8a9,537.1549,15,1,4.178999999999999,50.0,50.0,35.81032666666667,0.77799%,9.30830%,9.30830%,6.66667%
2021-01-11,hxfe43e4d0782cc62ff4e9714771ae94d743e27234,14064.0248,14,1,123.101,4291.0686,681.0444500000001,1004.5731999999999,0.87529%,30.51096%,4.84246%,7.14286%
2021-01-11,hx5949b6be475b9d1417b1330ad55e9308d5e05bfb,12163.156700000001,14,1,582.9703,1399.1292,641.2674,868.7969071428572,4.79292%,11.50301%,5.27221%,7.14286%
2021-01-11,hxd32087b5cb414cca8af65d10efa339e72fc105d5,27700.426252091074,14,1,50.222663261773,10552.482445355514,176.25176670905034,1978.6018751493625,0.18131%,38.09502%,0.63628%,7.14286%
2021-01-11,hx17de469300d89a6c725084947f753589ca621e87,144934.12089999998,14,1,3606.7839,15618.211599999999,9930.217649999999,10352.437207142855,2.48857%,10.77608%,6.85154%,7.14286%
2021-01-11,hx1e95844b608908a9b4f02d228e9b93fc2201b8f7,127.81579999999998,14,1,1.9168000000000025,33.25009999999999,4.4052,9.129699999999998,1.49966%,26.01408%,3.44652%,7.14286%
2021-01-11,hx3ee1c2d14a10919cdda370504dfd95758135e1c1,20741.4001,14,1,7.0249,1991.8821,1847.14,1481.5285785714284,0.03387%,9.60341%,8.90557%,7.14286%
2021-01-11,hx4ae2b9bd8264a9fe4090fcdc917538c860020838,3888.179242726474,14,1,2.6548198031002186,630.4372382623887,256.53315029983594,277.72708876617673,0.06828%,16.21420%,6.59777%,7.14286%
2021-01-11,hx4816f2d7e86cb5b5d39c6cba12ea549ba2586f00,128338.34259999999,14,1,8163.5226,10196.5815,9253.2459,9167.02447142857,6.36094%,7.94508%,7.21004%,7.14286%
2021-01-11,hxc470e81f360523fb6f427c4f270ade417788ca9c,77336.5067,14,1,9.999999999996362,77206.5067,10.0,5524.036192857143,0.01293%,99.83190%,0.01293%,7.14286%
2021-01-11,hx3fe703490d6f0b30bf1e0aaf96bc7050597a943b,6900.0,14,1,100.0,600.0000000000001,600.0,492.85714285714283,1.44928%,8.69565%,8.69565%,7.14286%
2021-01-11,hxf21441902d03b9d6d761f9522a3e73edb86309b6,3.9067999999986194,14,1,0.09999999999979536,1.999999999998181,0.10000000000001408,0.27905714285704425,2.55964%,51.19279%,2.55964%,7.14286%
2021-01-11,hx0b525a95ddc8ee080671aa0d276119cdcec7c1dd,19.5458,14,1,1.0067,2.0666,1.326,1.3961285714285714,5.15047%,10.57312%,6.78407%,7.14286%
2021-01-11,hxf015f787653f3d0c61d49e451e0b987bf487a86b,5213.689200000001,14,1,261.9999999999999,1000.0000000000005,262.0,372.4063714285715,5.02523%,19.18028%,5.02523%,7.14286%
2021-01-11,hx61c0addd91b6d127d2dff071020d1ce952519215,52046.755300000004,14,1,2868.6634,4894.4814,3695.49525,3717.625378571429,5.51170%,9.40401%,7.10034%,7.14286%
2021-01-11,hx112ce917667495811dafe3522c5c82cca3060710,40767.267,14,1,1500.0,4616.1651999999995,3000.0,2911.947642857143,3.67942%,11.32321%,7.35885%,7.14286%
2021-01-11,hx11817efb1525bd5bfb1bc1997d9f9c25769912ff,19338.952200000003,14,1,32.3348,2758.2115,1471.21675,1381.3537285714287,0.16720%,14.26247%,7.60753%,7.14286%
2021-01-11,hxe435f4d411b38115de401ab748d78aefb901fd8b,36993.1162,14,1,418.4134,5263.5504,2393.64105,2642.3654428571426,1.13106%,14.22846%,6.47050%,7.14286%
2021-01-11,hx2b7fd14ca47f8f2e54bafd31b276e7be379b2162,12417.402499999998,14,1,177.7543,2203.1367999999998,977.93545,886.9573214285713,1.43149%,17.74233%,7.87552%,7.14286%
2021-01-11,hx23564281adade3526801923a8cdc3b3f3c0331f1,47400.0,14,1,339.8628,17967.9189,2294.0739500000004,3385.714285714286,0.71701%,37.90700%,4.83982%,7.14286%
2021-01-11,hx35f4c940313d020a80e9ec6668106857146797e2,2365.1803,14,1,10.4287,1101.1743999999999,70.4661,168.94145,0.44093%,46.55774%,2.97931%,7.14286%
2021-01-11,hx6b91200ebf1df682e2ebeb0279b1bdb611d66257,1606.2207,14,1,9.9,247.5,79.55,114.73005,0.61635%,15.40884%,4.95262%,7.14286%
2021-01-11,hxaead0bd48f1d8b8f346f2ae5227d1d9fa580e9db,2716.7691,14,1,2.181699999999992,886.8199,114.85265,194.0549357142857,0.08030%,32.64245%,4.22755%,7.14286%
2021-01-11,hx7616d8e5a76ac50c883393bd158df54578b61e73,26777.0,14,1,100.0,23577.0,100.0,1912.642857142857,0.37345%,88.04945%,0.37345%,7.14286%
2021-01-11,hx099f80b0911a8d44d21053743334334dadb153ce,18953.8397,14,1,189.7166,5144.7111,572.5763,1353.845692857143,1.00094%,27.14337%,3.02090%,7.14286%
2021-01-11,hxfd5f76ed532423a8b94480897ddf54281b4e2071,8999.098999999998,14,1,89.9909,1439.8558,629.93695,642.7927857142856,1.00000%,16.00000%,7.00000%,7.14286%
2021-01-11,hx0307ad8047ddf017414e802442d8613c092a77f1,10013.4025,14,1,12.828,4456.9854,100.0,715.2430357142857,0.12811%,44.51020%,0.99866%,7.14286%
2021-01-11,hxc503ebb5a1d72d511e8924e9023437c82fee95b2,350000.0,13,1,12500.0,50000.0,25000.0,26923.076923076922,3.57143%,14.28571%,7.14286%,7.69231%
2021-01-11,hx49e57e5fed70ed214b39435032f7f84bc36eb8b2,15569.7599,13,1,1000.0,3185.938,1000.0,1197.6738384615385,6.42271%,20.46235%,6.42271%,7.69231%
2021-01-11,hx414877f3baa492db5ea2d30a8a4b3b1672083e23,122790.62788262476,13,1,821.8828658846069,22680.22905442943,10906.455896103982,9445.432914048059,0.66934%,18.47065%,8.88216%,7.69231%
2021-01-11,hx463b1ee3016d7244516413acc69de2f1cdb268fd,9556.806,13,1,310.82890000000003,1148.4738,773.5235,735.1389230769231,3.25243%,12.01734%,8.09395%,7.69231%
2021-01-11,hxd65454fc832f4257d9a786e41222ed03ae05edc1,2023.1207946286,13,1,105.99050199202529,393.0520838268712,134.833964135194,155.6246765098923,5.23896%,19.42801%,6.66465%,7.69231%
2021-01-11,hx2835a19c583698904afd1c77d99112a5b840e032,4270.6171,13,1,299.1238,341.963,341.5055,328.5090076923077,7.00423%,8.00734%,7.99663%,7.69231%
2021-01-11,hx2399a64612e7f4494dc731839cbabc24dfd62e07,1180.5271999999998,13,1,22.8978,239.4899,63.2932,90.8097846153846,1.93962%,20.28669%,5.36144%,7.69231%
2021-01-11,hx261bef2e1e9abac57941b8f45541afa25a9eacbb,411.4071,13,1,30.0,51.40710000000001,30.0,31.646700000000003,7.29205%,12.49543%,7.29205%,7.69231%
2021-01-11,hxd6d40144434a747b6a4dd6d8317b7c0dbf26810f,50939.67619760999,13,1,949.1646318247232,8573.74242730537,4618.8867112816,3918.4366305853837,1.86331%,16.83117%,9.06737%,7.69231%
2021-01-11,hx383cfb688c5ac2a53ffb1fde1d360f569dc1e0d8,1899.9703,13,1,56.9991,436.9931,132.9979,146.15156153846152,3.00000%,23.00000%,7.00000%,7.69231%
2021-01-11,hx3479709481d63c7f48f87a6c4f8a74c022acc4aa,31760.2924,13,1,4.999999999999545,31700.2924,5.0,2443.0994153846154,0.01574%,99.81108%,0.01574%,7.69231%
2021-01-11,hxcb3204684516b1bb89d0e4c09a1cea848db2a7f1,5000.0,13,1,200.0,1000.0,300.0,384.61538461538464,4.00000%,20.00000%,6.00000%,7.69231%
2021-01-11,hx2f2fb02002ff7dd66b11f973b313810ec651db98,5979.7576,13,1,6.1023,1846.8814000000002,324.37760000000003,459.98135384615387,0.10205%,30.88556%,5.42459%,7.69231%
2021-01-11,hx83c4477baf682ecfeef54f99a7bc2908c38fbdfa,15683.287800000002,13,1,21.369,2306.4915,1356.0421000000001,1206.406753846154,0.13625%,14.70668%,8.64641%,7.69231%
2021-01-11,hx82657db0db829d6b317327a788cd87cdaeba41a9,11222.138,13,1,22.9001,4987.1049,545.0571,863.2413846153847,0.20406%,44.43988%,4.85698%,7.69231%
2021-01-11,hxa7221a280ca7709c6e198e6ac856fa9cdf198262,224664.0821000001,13,1,49.99999999999477,223564.0820999999,50.000000000001364,17281.852469230776,0.02226%,99.51038%,0.02226%,7.69231%
2021-01-11,hx866ed8a433a73c599d797e261a7bc62eb82eaea2,7800.5041,13,1,100.0,1000.0,500.0,600.038776923077,1.28197%,12.81968%,6.40984%,7.69231%
2021-01-11,hx76b8a2adfd79e3b1719a11e44c293f369dd3c817,3419.8474,13,1,50.0,500.00000000000006,300.0,263.0651846153846,1.46205%,14.62054%,8.77232%,7.69231%
2021-01-11,hx93aea0ed766e05ea3d0e14b99df441b6cd3e2c92,12970.064500000002,13,1,180.5773,2050.0,1120.0,997.6972692307694,1.39226%,15.80563%,8.63527%,7.69231%
2021-01-11,hx99d66cd80b8c2d45f2ec033cf6d17c5b737a7b2e,101991.32319999998,13,1,793.7336,46016.37789999999,3936.4141999999997,7845.486399999999,0.77824%,45.11793%,3.85956%,7.69231%
2021-01-11,hx9e780e0fc513a3c00663dd01c0d12672fe0dd865,6174.2459,13,1,61.800900000000055,679.8601999999998,556.2492,474.9419923076923,1.00095%,11.01123%,9.00918%,7.69231%
2021-01-11,hx9303ad305fa3f55f6555ece02867e1e7a9a86ae2,5749.008725617867,13,1,0.0,907.9645284246781,402.295753110775,410.6434804012762,0.00000%,15.79341%,6.99765%,7.14286%
2021-01-11,hx59dd298b92870d0badf098cba64b2fe1cc63017d,34083.42599999999,13,1,1000.0,4999.999999999999,3000.0,2621.801999999999,2.93398%,14.66989%,8.80193%,7.69231%
2021-01-11,hx5e2908097689627b16532de3047fc61bc8ee726c,108610.1539,13,1,5058.7902,10287.250700000002,9020.3894,8354.627223076923,4.65775%,9.47172%,8.30529%,7.69231%
2021-01-11,hx6101f95d4b0cd2b1d4811e02e67873c06f912e7d,42919.9607,13,1,593.2015,3722.8633,3500.0,3301.535438461539,1.38211%,8.67397%,8.15471%,7.69231%
2021-01-11,hxda0c8d3a5434b377d194026b448497f163f5af71,2296.1197,13,1,1.0,593.9299,136.5717,176.62459230769232,0.04355%,25.86668%,5.94793%,7.69231%
2021-01-11,hx58b45678ec9a9087293617d95bc3f69e5b036f59,7056.2791,13,1,487.35249999999996,685.4052,519.4871,542.7907,6.90665%,9.71341%,7.36205%,7.69231%
2021-01-11,hx57f19622dbaeee977ec64ee569a347ccea175ad8,6449.5585999999985,13,1,198.4479,595.3439,496.1199,496.11989230769217,3.07692%,9.23077%,7.69231%,7.69231%
2021-01-11,hxb84ed0ccb7d51327cbf6d3828cbe9d8eb59de35b,3863.1485494547915,13,1,20.83384319123914,750.2053334339823,174.14464503339497,297.16527303498395,0.53930%,19.41953%,4.50784%,7.69231%
2021-01-11,hx6e0a36493b252832790bcb9517fefc691a9840c3,9975.746299999999,13,1,102.3677,2004.9881,598.0639,767.3650999999999,1.02617%,20.09863%,5.99518%,7.69231%
2021-01-11,hx6b7419622d26660654bda093acfac417407f999d,5632.407000000001,13,1,390.6394,446.4450000000001,446.445,433.262076923077,6.93557%,7.92636%,7.92636%,7.69231%
2021-01-11,hx7535e6185d1237bb70c7f27c929a322fd80fc046,101187.7693,13,1,369.9999999999998,10000.000000000002,10000.0,7783.674561538462,0.36566%,9.88262%,9.88262%,7.69231%
2021-01-11,hx64b52e922e54ce1bbb605367fadf98ca72293f89,7018.6403,13,1,21.559900000000027,2451.9691,70.5661,539.8954076923077,0.30718%,34.93510%,1.00541%,7.69231%
2021-01-11,hx654238224c7a65636b967eb730c54991d3398356,4468.503000000001,13,1,314.6777,359.22990000000004,347.4112,343.73100000000005,7.04213%,8.03916%,7.77467%,7.69231%
2021-01-11,hx6654384862ba2431c12575fd98e02a1ebe500d31,19275.434899999997,13,1,41.2648,3964.0424000000003,1504.5536000000002,1482.7257615384613,0.21408%,20.56526%,7.80555%,7.69231%
2021-01-11,hxfa168cadb2961645f5a466a7a81a0ea0d37973e7,13773.782000000001,13,1,759.7769999999999,2000.0,1000.0,1059.5216923076923,5.51611%,14.52034%,7.26017%,7.69231%
2021-01-11,hxf3e0e994e4764081f33c6e5c478f8fe6e7c91463,2751.6425,13,1,28.7043,296.84020000000004,275.70239999999995,211.66480769230768,1.04317%,10.78775%,10.01956%,7.69231%
2021-01-11,hxf5d37a03816384242d6d04b55d6febf93470f4ce,62001.824,13,1,500.0,12000.0,2500.0,4769.3710769230765,0.80643%,19.35427%,4.03214%,7.69231%
2021-01-11,hx1f8527706896d332d6c8437dff1c51590c72efa7,20003.4593,13,1,601.8645,3000.0,1500.9915,1538.7276384615384,3.00880%,14.99741%,7.50366%,7.69231%
2021-01-11,hx1519adee01e1b793778c68c85a3bf6073b053380,14261.536100000001,13,1,1096.9999999999998,1097.5361,1097.0,1097.0412384615386,7.69202%,7.69578%,7.69202%,7.69231%
2021-01-11,hx14d6a3fbfddf0ac18225bb08f836139f05c1d7ad,475181.6068999999,13,1,36287.2624,37714.7146,36448.55269999999,36552.43129999999,7.63650%,7.93691%,7.67045%,7.69231%
2021-01-11,hx1e783000b2e1290d5f3cee9299c2145110b3d7cc,1002.8065000000001,13,1,15.4345,111.00299999999999,99.9027,77.13896153846154,1.53913%,11.06923%,9.96231%,7.69231%
2021-01-11,hx1817d865895f7c394891ab0ac15ed3cdb781611d,3577.531472868719,13,1,143.10629379839466,476.34937957782813,283.15327125929326,275.19472868220913,4.00014%,13.31503%,7.91477%,7.69231%
2021-01-11,hxe274e9b3202dc7548e068e57e040047e2b69e041,4766.42,13,1,99.99999999999994,3516.4199999999996,100.0,366.6476923076923,2.09801%,73.77487%,2.09801%,7.69231%
2021-01-11,hx0c67126a203416e066ff2ee1c0f6ab1a3eedc959,19423.0,13,1,15.0,10001.0,16.0,1494.076923076923,0.07723%,51.49050%,0.08238%,7.69231%
2021-01-11,hx13c863c2f8839574d795c3c6cce1aab0bd4fcae4,126998.85479999999,13,1,2561.6951,29613.406,6402.080599999999,9769.142676923077,2.01710%,23.31785%,5.04105%,7.69231%
2021-01-11,hx214c205cf242bbc508a12e97f5b6ad5c5d5ecc71,4382.5696,13,1,8.939,2971.0361000000003,131.0432,337.12073846153845,0.20397%,67.79210%,2.99010%,7.69231%
2021-01-11,hxdae7ec0c2367f4f3696f2275490116ed4b2202f7,390.04640000000006,13,1,22.3781,33.8408,31.229300000000002,30.003569230769237,5.73729%,8.67610%,8.00656%,7.69231%
2021-01-11,hxdec4c87088f4005c6613089533f25f9336ba402b,3363.5960999999993,12,1,13.7239,944.0889999999999,120.15375,280.2996749999999,0.40801%,28.06785%,3.57218%,8.33333%
2021-01-11,hxab84e5c20bdde1ce5636b8c323a08057c3eeb377,81912.25469999999,12,1,1630.1085000000005,12944.440099999998,5702.57245,6826.0212249999995,1.99007%,15.80281%,6.96181%,8.33333%
2021-01-11,hxd9731786bb73a7e83f7bad7df2ecaa68aee47ee3,26299.899400000002,12,1,605.9298,3164.9294,2349.566,2191.6582833333337,2.30392%,12.03400%,8.93375%,8.33333%
2021-01-11,hxd7c28d23e0a66e30e51f50ff7572ed60c4259cc1,6890.339151354232,12,1,430.8718505785032,707.3870785017806,580.0279198676496,574.1949292795193,6.25327%,10.26636%,8.41799%,8.33333%
2021-01-11,hxa46a4f1289d4f2ba284c10cb1a199d5dc26b1d1d,248057.7164,12,1,5000.0,40000.0,20000.0,20671.476366666666,2.01566%,16.12528%,8.06264%,8.33333%
2021-01-11,hxd6065022196e9be0026baa4b6ebed925102fa170,713.649,12,1,21.5028,80.6035,59.2034,59.47075,3.01308%,11.29456%,8.29587%,8.33333%
2021-01-11,hxa9ae00927b3887ba99c37cb75d33550764932be5,5530.18,12,1,10.0,1005.8164,558.7778000000001,460.84833333333336,0.18083%,18.18777%,10.10415%,8.33333%
2021-01-11,hxda1bfca905e1fd5d159acecf165f07350d51144b,10000.0,12,1,500.0,1000.0,1000.0,833.3333333333334,5.00000%,10.00000%,10.00000%,8.33333%
2021-01-11,hxa935054dfee9551a7fdde51954b568263e23d763,4723.9505,12,1,170.98819999999998,975.4534,413.87879999999996,393.66254166666664,3.61960%,20.64910%,8.76129%,8.33333%
2021-01-11,hxb8fb57b9315bf6754ab5bda5ffa254bd50939ce5,2431.2920000000004,12,1,81.8134,1043.8878,115.26344999999999,202.6076666666667,3.36502%,42.93552%,4.74083%,8.33333%
2021-01-11,hxec7582d72a3fdf7dca0674e2b6c073362b73e3ee,9155.681899999996,12,1,195.3805,1230.2119000000002,1000.0,762.9734916666663,2.13398%,13.43660%,10.92218%,8.33333%
2021-01-11,hxe408a0317d58f0c91263b9116987f5cf10499678,1914.3766999999998,12,1,11.940999999999999,385.516,163.09235,159.53139166666665,0.62375%,20.13794%,8.51934%,8.33333%
2021-01-11,hxc671a96e9372e17a95f075e60c10d16daa6fa041,7731.268799999999,12,1,150.3916,1878.7410999999995,451.1749,644.2724,1.94524%,24.30055%,5.83572%,8.33333%
2021-01-11,hxb38c61724a537235f9ce7b2fa1e498ce6b0bd0f9,22509.3684,12,1,999.9999999999998,3799.2082,1857.5801000000001,1875.7807,4.44259%,16.87834%,8.25248%,8.33333%
2021-01-11,hxc884dc0d06b9ede780f563eef6f0a788e831489e,394908.6283831191,12,1,1277.6189,59948.346604540406,37550.156719333376,32909.05236525993,0.32352%,15.18031%,9.50857%,8.33333%
2021-01-11,hxee289e9b7f9dae26ee3cdebd8e7a2468ec89dffa,121083.4436,12,1,4000.0,68083.4436,5000.0,10090.286966666667,3.30351%,56.22853%,4.12938%,8.33333%
2021-01-11,hxe79696489e108bc2a0b2f9253a241815179193e9,141240.9921,12,1,4999.999999999998,30000.0,5620.49605,11770.082675,3.54005%,21.24029%,3.97937%,8.33333%
2021-01-11,hxc071ae3c92882a051ab328042e12a666419fe58a,132369.20799999998,12,1,5038.4007,20817.5713,9311.9257,11030.767333333331,3.80632%,15.72690%,7.03481%,8.33333%
2021-01-11,hxc442069c2a51822c397cbbfd52219919fb039851,1462.000732283517,12,1,19.90849640432612,827.7738028956259,27.780206911318658,121.83339435695974,1.36173%,56.61925%,1.90015%,8.33333%
2021-01-11,hxe510ad9631a1618b44e57464695dc73a3181414a,1173.2361999999998,12,1,79.6826,117.1801,93.39155,97.76968333333332,6.79169%,9.98777%,7.96017%,8.33333%
2021-01-11,hxae8fab4b9f2a7e5876bb2c8d130ebd4f55bdd11b,13245.5946,12,1,779.9999999999998,4418.7057,780.0,1103.79955,5.88875%,33.35981%,5.88875%,8.33333%
2021-01-11,hxf40691ab9afd892782d6baef85f78710573b806b,1495.0,12,1,50.0,210.0,100.0,124.58333333333333,3.34448%,14.04682%,6.68896%,8.33333%
2021-01-11,hxafcf6912101238583384efcb8e017ace532ac4ae,350.71,12,1,2.0,328.71,2.0,29.22583333333333,0.57027%,93.72701%,0.57027%,8.33333%
2021-01-11,hxcf094241cb2b58001ca4a14351ef5e073986d4a0,4064.1555,12,1,40.3424,700.2095,335.4434,338.679625,0.99264%,17.22891%,8.25370%,8.33333%
2021-01-11,hxd5629fb8fe7a0aeb703abb336002b09461f1341d,100699.6203,12,1,3033.3703,25232.6175,5710.4550500000005,8391.635025,3.01230%,25.05731%,5.67078%,8.33333%
2021-01-11,hxb2fa9acc7862ddc717f7e1b6c8ef9f168e81e060,63182.562,12,1,299.6375,6654.4849,5589.55125,5265.2135,0.47424%,10.53215%,8.84667%,8.33333%
2021-01-11,hxf1b56a9a8db90cbdf24fcb93575dc0470d25de0f,2226.3663,12,1,31.7185,532.7598,171.30445000000003,185.530525,1.42468%,23.92957%,7.69435%,8.33333%
2021-01-11,hxb106e5baab67f48c06149832a0a4baee97c9362a,12489.7,12,1,121.56409999999994,2000.0,1159.0,1040.8083333333334,0.97331%,16.01319%,9.27965%,8.33333%
2021-01-11,hx150ded564f4ce94207a4201286131bdf13c6d932,9075.69956802325,12,1,292.43409937576916,1206.7409978975518,788.6949254368392,756.3082973352708,3.22217%,13.29640%,8.69018%,8.33333%
2021-01-11,hx1584db5872b6d7e24b57f73fd3b9c5d516db3ef8,25000.0,12,1,500.0,4500.0,2000.0,2083.3333333333335,2.00000%,18.00000%,8.00000%,8.33333%
2021-01-11,hx09eca3e3cb0d74a427426f8f328ed4da18f13fa7,60406.03929999999,12,1,599.3673,10723.0269,5110.0232,5033.836608333332,0.99223%,17.75158%,8.45946%,8.33333%
2021-01-11,hx0a4c285566f73bbd8b06bf5a53718b5b0bf4e9bf,6969.5066000000015,12,1,233.7056,1090.919,457.5452,580.7922166666668,3.35326%,15.65274%,6.56496%,8.33333%
2021-01-11,hx0b1926228ccfb6b5d2e820916d783283e880a3b7,2004.5485,12,1,146.1367,176.8816,169.9255,167.04570833333335,7.29026%,8.82401%,8.47700%,8.33333%
2021-01-11,hx0da043c4658c9088c5674aa93a2de48515ac0680,6148.214399999999,12,1,51.7958,1944.3718999999994,118.85740000000001,512.3512,0.84245%,31.62499%,1.93320%,8.33333%
2021-01-11,hx22c83b780daeca3d2dd5906d455c98ea450e2d38,24573.926,12,1,982.957,2948.8711,1965.9141,2047.8271666666667,4.00000%,12.00000%,8.00000%,8.33333%
2021-01-11,hx2471ee5bbaeb409021d77b67a5bf2a47ebc53ab5,10387.31,12,1,334.6511,1988.3231,691.67385,865.6091666666666,3.22173%,19.14185%,6.65884%,8.33333%
2021-01-11,hx1cc7b5fb2ddeb78cbac7e839837daf4e9fdc1009,9725.3595,12,1,346.6793,2440.5019,616.0,810.446625,3.56469%,25.09421%,6.33396%,8.33333%
2021-01-11,hx202d64a9642337af9b575825aa602eb16a436285,2392.9757999999997,12,1,183.8708,200.9105,200.9105,199.41464999999997,7.68377%,8.39584%,8.39584%,8.33333%
2021-01-11,hx20a35d46020b4bd909cbec3cf63604a3bf57dd56,53193.417700000005,12,1,2191.9969,9574.8325,3995.3280000000004,4432.784808333334,4.12080%,18.00003%,7.51094%,8.33333%
2021-01-11,hx1ef3d6019d3f815e2cfb53dd52fa9a38975c9da0,348.0,12,1,28.249999999999993,37.24999999999999,28.25,29.0,8.11782%,10.70402%,8.11782%,8.33333%
2021-01-11,hx08fcc76ad32609f3ad54c9414e25b72a7312082f,2014.9823999999999,12,1,10.4152,650.4152,50.4152,167.9152,0.51689%,32.27895%,2.50202%,8.33333%
2021-01-11,hx01731758ab87e407d40ee09b33da1bd7117cbb1a,1558.6780999999999,12,1,27.0599,676.4978,54.1197,129.88984166666665,1.73608%,43.40202%,3.47215%,8.33333%
2021-01-11,hx048f77798a22be45436baac9e2134c4014978f32,129859.56760000001,12,1,2000.0,30000.000000000007,9500.0,10821.630633333334,1.54013%,23.10188%,7.31559%,8.33333%
2021-01-11,hx004371f0d89941a340949a4aab883410f216a0c3,312.6746,12,1,9.3337,35.7909,31.1124,26.056216666666668,2.98512%,11.44669%,9.95041%,8.33333%
2021-01-11,hx6cfa2e745903c0174d7a4615dd090a55a7a6b149,1998.8571116597261,12,1,52.93754862578697,518.5507997022602,126.01245040415185,166.57142597164383,2.64839%,25.94236%,6.30423%,8.33333%
2021-01-11,hx6711a77b081f2f38b181b4f6636a6d7c7c2a6e19,600.3637,12,1,49.999999999999986,50.3637,50.0,50.03030833333333,8.32829%,8.38886%,8.32829%,8.33333%
2021-01-11,hx7c3cc3611ee50a8db0362a16abccbd208b70b22a,39062.4794,12,1,2475.2498,4806.0685,2925.7532499999998,3255.2066166666664,6.33664%,12.30354%,7.48993%,8.33333%
2021-01-11,hx7cbbda3a0e5cb7b7fe4128cb9b507c991ee2caac,12960.457329776807,12,1,55.12301270394523,1614.5294931381716,1525.4741231107894,1080.038110814734,0.42532%,12.45735%,11.77022%,8.33333%
2021-01-11,hx757445376adb75d55de8ee8c4a0d419f4270cfb1,36914.5336,12,1,99.99999999999818,35814.5336,100.0,3076.2111333333337,0.27090%,97.02014%,0.27090%,8.33333%
2021-01-11,hx7161b1f236e9f8541c00b8b79d8b549cbe2f29be,93466.9364,12,1,900.7384999999999,40685.9256,1399.22715,7788.911366666667,0.96370%,43.52975%,1.49703%,8.33333%
2021-01-11,hx60f200b8f2855d176ce080f19ec435da821c200c,24123.2092,12,1,1156.2,5071.6347000000005,1503.06,2010.2674333333334,4.79289%,21.02388%,6.23076%,8.33333%
2021-01-11,hx62207d1640bf8e1fefe9bcfe64366cbbd7ce3330,1138.1085,12,1,23.5583,218.8909,53.11694999999998,94.842375,2.06995%,19.23287%,4.66713%,8.33333%
2021-01-11,hx62f7306b2681eaf46744ec968acbbab3cfb95373,3307.9114,12,1,201.206,313.21000000000004,303.39975000000004,275.65928333333335,6.08257%,9.46851%,9.17194%,8.33333%
2021-01-11,hx9bd5fa9939941edef1383faf14c3f3d0d3472672,2606.8324,12,1,62.1452,1729.9258,80.35229999999999,217.23603333333332,2.38394%,66.36122%,3.08237%,8.33333%
2021-01-11,hx81b8ec0efe9fe5971cd974ba87054dbed692e391,2851.9356,12,1,63.846,373.72240000000005,250.47050000000002,237.66129999999998,2.23869%,13.10417%,8.78247%,8.33333%
2021-01-11,hx80d5d40ee80db11100e4beea7c6d07921e1dc87a,1158.2255000000002,12,1,11.5881,250.45510000000002,64.1608,96.51879166666669,1.00050%,21.62404%,5.53958%,8.33333%
2021-01-11,hx8910bba3d029ee4baa3052f721ca91db72cf4144,2003.407,12,1,89.1615,186.5423,175.05005,166.95058333333333,4.45049%,9.31125%,8.73762%,8.33333%
2021-01-11,hx8b3c24c47a6080f1752f090b0231cc089e5dc110,1000.0,12,1,25.0,100.0,100.0,83.33333333333333,2.50000%,10.00000%,10.00000%,8.33333%
2021-01-11,hx8b504f6018e48f3e1843c05b86d6f170416850c1,18361.104999999996,12,1,809.3454,2412.8099999999995,1456.8218,1530.092083333333,4.40793%,13.14088%,7.93428%,8.33333%
2021-01-11,hx86224a68a3a332e7f334efa0fe8bd13bbac28d70,7202.3090999999995,12,1,346.9746,1287.6718,519.9187,600.192425,4.81755%,17.87860%,7.21878%,8.33333%
2021-01-11,hx36dd546d61fbc6ac7f7b1af2f7b4776eacb0b326,35041.16359999999,12,1,755.9300999999978,5494.483199999993,2853.076150000001,2920.096966666666,2.15726%,15.68008%,8.14207%,8.33333%
2021-01-11,hx304793fef6c301c7b01c4d6918b60aaae6c3ee19,10675.565299999998,12,1,237.7625,1208.3024,1059.9275000000002,889.6304416666666,2.22717%,11.31839%,9.92854%,8.33333%
2021-01-11,hx3b9be168f70dbd899b27c5b26395f72307679792,373.7963,12,1,6.0,45.0,30.0,31.149691666666666,1.60515%,12.03864%,8.02576%,8.33333%
2021-01-11,hx303aaec9df00dccdca686c9730f7d08453a3025b,181.91059928934777,12,1,4.3525000665571,33.48077118056981,12.154732708668387,15.159216607445648,2.39266%,18.40507%,6.68171%,8.33333%
2021-01-11,hx2839dc7d2245c637dde5e383ceaa038d9c743f2e,1023.7382385358761,12,1,25.96751355886017,330.490677311329,55.70966153099164,85.31151987798968,2.53654%,32.28273%,5.44179%,8.33333%
2021-01-11,hx292ee858273a748c2e25fca0accc2342ac624443,1519.7753,12,1,12.2847,200.0,150.0,126.64794166666667,0.80832%,13.15984%,9.86988%,8.33333%
2021-01-11,hx2d6ceeb021b38d12152a74877e18d8ec353393b1,35190.0,12,1,531.0,18544.0,715.0000000000002,2932.5,1.50895%,52.69679%,2.03183%,8.33333%
2021-01-11,hx5404000124abc691c18e5a8493cc2717c971d70c,545.7966000000001,12,1,3.4598,400.51869999999997,10.350399999999999,45.48305000000001,0.63390%,73.38241%,1.89638%,8.33333%
2021-01-11,hx4f726993a6cfabc87b3efc2949dac6fad761fca5,14371.698100000001,12,1,189.4522,2213.341,1261.95435,1197.6415083333334,1.31823%,15.40069%,8.78083%,8.33333%
2021-01-11,hx502d1ba22f1da5745830bb71b7dcb68e77a9c3a7,143911.16866821382,12,1,4980.253293581994,29249.41259785681,10755.35292577096,11992.59738901782,3.46064%,20.32463%,7.47361%,8.33333%
2021-01-11,hx5431f4aa69a654d2d355b4cac7fa1e65865fb1a1,517.6857,12,1,20.3052,76.1154,40.605199999999996,43.140475,3.92230%,14.70301%,7.84360%,8.33333%
2021-01-11,hx5932011663f6331c69ce91a83c486897f157dadb,3930.6856000000002,12,1,101.97200000000001,600.5446,265.4018,327.55713333333335,2.59425%,15.27837%,6.75205%,8.33333%
2021-01-11,hx573ad8113e5687a448151261b3e256a48d9590cb,120518.13729999999,12,1,2890.3693,15000.0,10124.427800000001,10043.178108333332,2.39829%,12.44626%,8.40075%,8.33333%
2021-01-11,hx574cd24f06b6d991e00424193e76f3113897364c,3293.0834999999997,12,1,252.5181,316.46290000000005,269.75390000000004,274.42362499999996,7.66814%,9.60993%,8.19153%,8.33333%
2021-01-11,hx3ffce22e121e45be4d958b07532efad29103d6ae,8905.4773,12,1,10.0,3293.2126000000003,72.37645,742.1231083333333,0.11229%,36.97963%,0.81272%,8.33333%
2021-01-11,hx3e505ac9a57fbf0c319cc27188f22dfbfb3ce1e8,11481.221499999998,12,1,231.9438,2087.4948,695.8316,956.7684583333331,2.02020%,18.18182%,6.06061%,8.33333%
2021-01-11,hx436a2854834409a3e2ff8285c54ac2a1433c8d77,108946.24820934603,12,1,808.8337013721797,29667.85169757381,4723.739269012839,9078.854017445503,0.74242%,27.23164%,4.33584%,8.33333%
2021-01-11,hx4d8a23c7c6914c0f9a9efaa8571effdb7f8dfc78,3696.5018,11,1,147.8601,443.5802,369.6502,336.04561818181816,4.00000%,12.00000%,10.00000%,9.09091%
2021-01-11,hx4d8b4d765319042b4b91cdc4ea32f35d325cde6a,88785.1439,11,1,0.0,52106.2442,3553.821449999999,7398.761991666666,0.00000%,58.68802%,4.00272%,8.33333%
2021-01-11,hx4e615926295c2f03d1d780f28e40ce3e615f1496,15050.739800000003,11,1,1.0,9441.5689,339.7585,1368.249072727273,0.00664%,62.73159%,2.25742%,9.09091%
2021-01-11,hx4ecf40ccbc51e1f2a3d21a8bda45414add51fd73,23979.9468,11,1,1711.7363,2406.255,2341.6179,2179.995163636364,7.13820%,10.03445%,9.76490%,9.09091%
2021-01-11,hx5111d7a1caa183af3af335ebfe360cf86f57d8ee,21366.760500000004,11,1,1068.5732,3199.3331000000003,1923.4318,1942.432772727273,5.00110%,14.97341%,9.00198%,9.09091%
2021-01-11,hx52b793c039fd02dde34affff7654ed73467df61c,10373.0,11,1,750.0,2000.0,800.0,943.0,7.23031%,19.28083%,7.71233%,9.09091%
2021-01-11,hx5317c635d2c2f8bcf22c814ee7a635bfc12f1d35,47942.61989999999,11,1,1561.9457,5160.4418,4688.8663,4358.41999090909,3.25795%,10.76379%,9.78016%,9.09091%
2021-01-11,hx53302c02e48135c3b0e6ec138d83909bcda1bd38,6611.475524795783,11,1,141.01865546878292,1937.534691037661,463.55614296394276,601.0432295268894,2.13294%,29.30563%,7.01139%,9.09091%
2021-01-11,hx54c01659d5cf2a6ab843c4be67254009b3930038,11087.363299999999,11,1,726.8169,1473.6317,1005.4898000000001,1007.942118181818,6.55536%,13.29109%,9.06879%,9.09091%
2021-01-11,hx4b1f64fbf1522016e402a392628aa3b1c6bae0e5,32835.975,11,1,1699.9999999999998,11741.433099999998,1749.9999999999998,2985.0886363636364,5.17725%,35.75783%,5.32952%,9.09091%
2021-01-11,hx3f58bdb18ffe94f86dd6619b301519219dd01fb9,23552.835800000004,11,1,917.3934,2781.7700999999993,2310.6889,2141.1668909090913,3.89504%,11.81077%,9.81066%,9.09091%
2021-01-11,hx429be0595739d57c5ba5c58807a699a66148fa04,383.5385,11,1,24.4209,45.9336,33.259,34.86713636363636,6.36726%,11.97627%,8.67162%,9.09091%
2021-01-11,hx42d097e451e4fe6bd1f1796027d583fdad537538,732428.1174999999,11,1,10000.0,114691.5662,89099.5403,66584.37431818181,1.36532%,15.65909%,12.16495%,9.09091%
2021-01-11,hx446fe84cf9e0775cf4f6156f2679c70de2d7ae06,10421.922900000001,11,1,10.0,1042.2346,1042.2345,947.4475363636365,0.09595%,10.00041%,10.00041%,9.09091%
2021-01-11,hx460ece412e413fb9a91b80375289153c67b1c41c,8357.2837,11,1,406.3076,1449.3365999999996,602.692,759.7530636363637,4.86172%,17.34220%,7.21158%,9.09091%
2021-01-11,hx487f554baf857d3d63209c2128100a34cbeb2410,110020.23660000002,11,1,40.40860000000066,109300.0,67.29349999999977,10001.839690909093,0.03673%,99.34536%,0.06116%,9.09091%
2021-01-11,hx6d6adbb8dccbbae2c98b9710fc4c2d1caea65dbb,9815.13,11,1,288.4691,2548.4927000000002,759.1709,892.2845454545454,2.93902%,25.96494%,7.73470%,9.09091%
2021-01-11,hx7218420a922b7c23dd029b0f4655586cab81c3cf,18826.138099999996,11,1,1071.0327,3361.5604,1153.5005999999998,1711.4670999999996,5.68907%,17.85582%,6.12712%,9.09091%
2021-01-11,hx75b0ddef1b30693a4805e129c447cb23b6593102,542.4144,11,1,44.4644,50.0,49.7665,49.3104,8.19750%,9.21804%,9.17500%,9.09091%
2021-01-11,hx7614bf5f9584cda17cf739d63b0e2395fc9edb6b,4570.523,11,1,91.9312,457.2717,445.3483,415.5020909090909,2.01139%,10.00480%,9.74392%,9.09091%
2021-01-11,hx790cec91b0d3281d1af5cca2e2c1ecee66e5b1ad,4040.3528000000006,11,1,68.8356999999991,865.8244000000004,357.3985000000014,367.30480000000006,1.70371%,21.42943%,8.84573%,9.09091%
2021-01-11,hx7ca0289e94d4bb2f4de08dcd88159c5fd1531db2,67214.441,11,1,38.4039,62086.4195,79.9148,6110.403727272728,0.05714%,92.37066%,0.11890%,9.09091%
2021-01-11,hx7e6a0d2acd3677cb45f30ccf31f31fe2a5eb344f,2000.1901,11,1,20.0279,400.0,200.0,181.83546363636364,1.00130%,19.99810%,9.99905%,9.09091%
2021-01-11,hx7f5a1ab47098ca4ad5817e231501d7ffb55f6ca9,1000250.8151,11,1,26184.9487,399093.71910000005,58243.763,90931.89228181819,2.61784%,39.89936%,5.82292%,9.09091%
2021-01-11,hx67b63aeec61162dd93a0906e1900bdcdcd9c0cba,5811.4615,11,1,1.0,5000.0,1.0,528.3146818181818,0.01721%,86.03688%,0.01721%,9.09091%
2021-01-11,hx5beebdab5f27090b3e44465abf17c11ab894f8ce,5624.2507,11,1,338.1213,568.5400000000001,524.2876,511.2955181818181,6.01185%,10.10872%,9.32191%,9.09091%
2021-01-11,hx5e4b8712e9767b2fa23416411ac963e98f87d0a6,8858.8496,11,1,266.0544,2572.7023,532.3118,805.3499636363636,3.00326%,29.04104%,6.00881%,9.09091%
2021-01-11,hx5fac230832cb2bad6912df503ddc546db654d786,7315.2691922814065,11,1,37.85141019987764,1639.622582170421,589.9107174061933,665.0244720255824,0.51743%,22.41370%,8.06410%,9.09091%
2021-01-11,hx614e597a1577f66fcd8988f88170de4c619a0573,2784.7726000000002,11,1,100.8874,457.8136,214.48649999999998,253.16114545454548,3.62282%,16.43989%,7.70212%,9.09091%
2021-01-11,hx62471b4843bea5f543c9895220b8ba99e1c24846,18003.0,11,1,209.40169044277616,4955.176130339622,770.2572131720034,1636.6363636363637,1.16315%,27.52417%,4.27849%,9.09091%
2021-01-11,hx642ab198ea3710f4215b5dc9d96c8f1f788114da,7672.283899999999,11,1,167.6893,1401.0313,692.465,697.4803545454545,2.18565%,18.26094%,9.02554%,9.09091%
2021-01-11,hx644043b6b33473919cb3a5ba45221e659ab9c665,5495.0,11,1,11.0,5351.0,15.0,499.54545454545456,0.20018%,97.37944%,0.27298%,9.09091%
2021-01-11,hx3b77925ce37c0d1d983b3966c2ce6eef49820d44,2703.8819,11,1,100.7779,262.73429999999996,260.7734,245.80744545454544,3.72716%,9.71693%,9.64441%,9.09091%
2021-01-11,hx390b8f4c86de90989e85180a83780e40b9c42824,1665.4156,11,1,36.4936,237.9072,150.0,151.40141818181817,2.19126%,14.28516%,9.00676%,9.09091%
2021-01-11,hx17b78b80bfcb4915fcac90f87e96cfa5bd59b452,51159.5791,11,1,1010.9929999999999,12420.600099999998,4772.2256,4650.870827272727,1.97616%,24.27815%,9.32812%,9.09091%
2021-01-11,hx17d97ae272ae9aa170d7ab1b08c42294164fb474,331.18089999999995,11,1,4.099499999999988,39.73759999999999,32.772099999999995,30.10735454545454,1.23784%,11.99876%,9.89553%,9.09091%
2021-01-11,hx185ca47b08d33c88b7a6c7b35be34d38fd9de92c,27300.749600000003,11,1,244.3634,20209.745300000002,739.5930000000001,2481.8863272727276,0.89508%,74.02634%,2.70906%,9.09091%
2021-01-11,hx1a329df439db3f019523d56d7945d37d35bf4f38,6718.7641,11,1,71.87639999999983,6000.000000000001,71.8764,610.7967363636363,1.06979%,89.30214%,1.06979%,9.09091%
2021-01-11,hx1bc90f3dd6ee0f3ffe6ef42468bc77a01738e51a,61551.6376,11,1,3391.7688,14009.444600000003,4876.009300000001,5595.603418181819,5.51044%,22.76047%,7.92182%,9.09091%
2021-01-11,hx1c54d238842563de32cd0ad069a84c9914b7a3ad,6914.5216,11,1,206.7055,1735.9659,538.748,628.5928727272727,2.98944%,25.10609%,7.79154%,9.09091%
2021-01-11,hx1c9c39cc6ab3efd31048ea115119122fbc1d65a5,84.7621,11,1,3.1784999999999997,16.290799999999997,5.519,7.705645454545455,3.74991%,19.21944%,6.51116%,9.09091%
2021-01-11,hx1ce6488ac66bf734e178eef733f2432682b532d8,6767.349099999999,11,1,31.3084,1300.1072,670.9639,615.2135545454545,0.46264%,19.21147%,9.91472%,9.09091%
2021-01-11,hx1d25ab4bf703b9f738f475f6cb9bad12b896e2ab,40112.254400000005,11,1,1097.5048,7278.7759,2839.1853,3646.5685818181823,2.73608%,18.14602%,7.07810%,9.09091%
2021-01-11,hx1d86a35e84216a1eb0724a9209b7dfae1a98fc0a,12522.0,11,1,175.6219,2978.0280000000002,1092.9996,1138.3636363636363,1.40251%,23.78237%,8.72863%,9.09091%
2021-01-11,hx13561355865e509e32f7a27786a6763ba6b1c489,15407.5288,11,1,796.2163000000002,6389.325899999999,879.6018,1400.6844363636365,5.16771%,41.46886%,5.70891%,9.09091%
2021-01-11,hx149d3879d24e7fe5820b590f72fcae78ffbb0042,160019.4096,11,1,13974.8163,14913.0609,14665.86,14547.219054545456,8.73320%,9.31953%,9.16505%,9.09091%
2021-01-11,hx159190b9a5d7adf7dc438d991be9f981f0f3fd32,13799.429100000001,11,1,237.226,2135.034,1338.1527,1254.4935545454546,1.71910%,15.47190%,9.69716%,9.09091%
2021-01-11,hx16db7e5e3ad6bed68ccec9c0da3c477d8acb67e9,54519.8093,11,1,478.77399999999994,7823.787200000001,4857.2926,4956.3463,0.87817%,14.35036%,8.90923%,9.09091%
2021-01-11,hx16efd676ccb794e3fe399c45abcba85df88f31d2,1726.8397,11,1,15.0076,752.6613,52.1711,156.98542727272726,0.86908%,43.58605%,3.02119%,9.09091%
2021-01-11,hx2a5cee6831ba69cd4a0c67763d5a5fd210b5354d,1181.0492,11,1,4.7588,256.8821,110.2366,107.36810909090909,0.40293%,21.75033%,9.33379%,9.09091%
2021-01-11,hx2c96c461d907b088adddaf7a32d51b953b9543e3,141543.77060000002,11,1,6831.1651,36820.1375,8912.6034,12867.61550909091,4.82619%,26.01325%,6.29671%,9.09091%
2021-01-11,hx310bfeb923eabdf5f5b7e70a86bf865075c5e530,62440.26200000001,11,1,1067.0079,35000.0,1684.2919000000018,5676.3874545454555,1.70885%,56.05358%,2.69745%,9.09091%
2021-01-11,hx311d3b806221a6764f93dbc3030bf48ea26bb7e9,10005.3718,11,1,5.3718,1000.0000000000001,1000.0,909.5792545454547,0.05369%,9.99463%,9.99463%,9.09091%
2021-01-11,hx3473e85103295a49c87b278f15cb0c3e3a4284e4,53445.60539999999,11,1,4223.3132000000005,5490.1132,4765.9406,4858.6914,7.90208%,10.27234%,8.91737%,9.09091%
2021-01-11,hx34ca21325bcd765589adcac7c623c2943a9f821e,649.5084410578439,11,1,15.982109627801666,123.36850626662422,57.4,59.046221914349445,2.46065%,18.99413%,8.83745%,9.09091%
2021-01-11,hx37fe447ca9fb92a10a1b774c98dcf29cec550eca,495.27690000000007,11,1,9.9055,168.3941,29.7166,45.02517272727273,1.99999%,33.99999%,6.00000%,9.09091%
2021-01-11,hx21ce6db363b96898cb34865b28f2a0b1d8a6316c,16271.999999999704,11,1,1479.2727272727,1479.2727272727002,1479.2727272727,1479.2727272727004,9.09091%,9.09091%,9.09091%,9.09091%
2021-01-11,hx22ec0a2708d93564086d21bccc77b1bab78cf894,5036.9321,11,1,169.6266,1207.0510000000002,327.1635,457.90291818181817,3.36766%,23.96401%,6.49529%,9.09091%
2021-01-11,hx23e23494609de5cc1b6b65ff8d94b365eccda8af,2364.5988,11,1,200.0,260.1349,211.78610000000003,214.9635272727273,8.45809%,11.00123%,8.95653%,9.09091%
2021-01-11,hx2484cb6672d2b17b235788f15ec3192e9c9eef4c,6255.8086,11,1,1.0,1734.2827,423.4253,568.7098727272728,0.01599%,27.72276%,6.76851%,9.09091%
2021-01-11,hx2486f2d34d7a803d940afb07787d733425b61187,3041.9254,11,1,12.2959,917.1499000000001,73.7755,276.53867272727274,0.40421%,30.15031%,2.42529%,9.09091%
2021-01-11,hx248c9f59de34efb580c98e47974b19cfb6e1fa5c,90.21449999999999,11,1,0.9806,41.1849,1.9612,8.20131818181818,1.08696%,45.65220%,2.17393%,9.09091%
2021-01-11,hx26bd88215e9e5c09ccdde038d316bcad5095b30d,10889.0852,11,1,763.5763,1215.0610000000001,1012.5509,989.9168363636363,7.01231%,11.15852%,9.29877%,9.09091%
2021-01-11,hx2772e02e841193bb956128061b816546fdc25827,303.1646,11,1,27.4,28.3266,27.4,27.560418181818182,9.03799%,9.34364%,9.03799%,9.09091%
2021-01-11,hx816975ca7954845513f88dbb8104bcdb5e3adaed,17272.569600000006,11,1,170.2738,10318.2928,510.8214,1570.2336000000005,0.98580%,59.73803%,2.95741%,9.09091%
2021-01-11,hxda2f396c8f1a50df62b23c1c3d88342ce6939140,7757.953800000001,11,1,70.1436,2665.4535,350.7176,705.2685272727274,0.90415%,34.35769%,4.52075%,9.09091%
2021-01-11,hxdb4cecb5d86ca0cadbcbe6adad83eb5cd28154a3,11553.527900000003,11,1,100.2587,9023.2904,100.2587,1050.3207181818184,0.86778%,78.09987%,0.86778%,9.09091%
2021-01-11,hxdbb4b8a0f4b96b0d7c80090ae47543f46c855d82,51089.2908,11,1,1669.6321999999998,8367.1951,5000.0,4644.480981818182,3.26807%,16.37759%,9.78679%,9.09091%
2021-01-11,hxdc2fdef8bb502942df12c180918defab5d99955c,51365.9629,11,1,2061.0865,9224.447900000001,3104.9425,4669.632990909091,4.01255%,17.95829%,6.04475%,9.09091%
2021-01-11,hxdc41cf082fa82c11a82b5a94f3db2abb9333b491,843.5004,11,1,22.7881,98.749,98.7489,76.68185454545454,2.70161%,11.70705%,11.70704%,9.09091%
2021-01-11,hxdd6b499ebf126dd89f89f32179cd879fee310eda,7436.305467071623,11,1,131.6232945695421,2690.9826865720947,432.1610221959618,676.0277697337839,1.77001%,36.18709%,5.81150%,9.09091%
2021-01-11,hxe20c5d7f3a72cd85f9d650c8771921e5d91244f5,15718.373870412395,11,1,186.38702970951778,4028.5658878137488,1207.1254223469944,1428.9430791283996,1.18579%,25.62966%,7.67971%,9.09091%
2021-01-11,hxe27f20d3e28a347f3c4a64067b0e27900027f4fe,1643.3337,11,1,16.7434,336.615,97.7041,149.3939727272727,1.01887%,20.48367%,5.94548%,9.09091%
2021-01-11,hxe6e6004acb4997c5897ceb0dc42f0cdd95c95737,350.0,11,1,10.0,110.0,10.0,31.818181818181817,2.85714%,31.42857%,2.85714%,9.09091%
2021-01-11,hxc80f843578020a39efd76c89d4c49efc43526cd3,417.2846,11,1,17.2846,40.0,40.0,37.93496363636364,4.14216%,9.58578%,9.58578%,9.09091%
2021-01-11,hxc0fdbfd385404494f60ad86c5fc87da2fe9f4c77,9839.0368,11,1,44.2244,1566.7497000000003,1002.0363,894.4578909090909,0.44948%,15.92381%,10.18429%,9.09091%
2021-01-11,hxc220b1034a2e55280f20f0a09816fcd1d305cc20,25237.417199999996,11,1,986.6611,3686.2938000000004,2411.6589999999997,2294.3106545454543,3.90952%,14.60646%,9.55589%,9.09091%
2021-01-11,hxc4017a4206d87b195d036cb9a1690b782309db4d,33392.1136,11,1,315.3358999999999,3610.4941,3204.0961999999995,3035.6466909090905,0.94434%,10.81242%,9.59537%,9.09091%
2021-01-11,hxc54f2d3584b149ece803993969c73fb31bde304e,5229.8933,11,1,11.5956,4999.98,17.6838,475.44484545454543,0.22172%,95.60386%,0.33813%,9.09091%
2021-01-11,hxc7f20d3502fbff89ed46f58f947cc9adf07414dd,6591.199299999998,11,1,266.5702,976.2639,729.472,599.1999363636362,4.04434%,14.81163%,11.06736%,9.09091%
2021-01-11,hxcae499fb97b89d4840b2e31b8fbcb6229c8a4fcc,74096.54516430698,11,1,3.0046161837699894,73265.06497885325,3.094314342363955,6736.049560391544,0.00406%,98.87784%,0.00418%,9.09091%
2021-01-11,hxcb3fe23e554716ba91cbcbdee1f77d2790ee5510,37105.9937,11,1,1000.0,4000.0,4000.0,3373.2721545454547,2.69498%,10.77993%,10.77993%,9.09091%
2021-01-11,hxcdaf4c545aa2d05e0a28f5ceb94ac8da1ac2f968,344618.80389999994,11,1,30309.2949,41525.8539,30309.295,31328.98217272727,8.79502%,12.04979%,8.79502%,9.09091%
2021-01-11,hxd59135c8d2288aef36ed9b5e33c03260cf6decda,31777.396500000003,11,1,1940.5435000000002,4052.7653,2968.5739,2888.8542272727277,6.10668%,12.75361%,9.34178%,9.09091%
2021-01-11,hxc08fe0d759b7406bf9fbf6bd2b21cbbd0f92558b,9793.409599999999,11,1,173.8407,2019.8760000000002,710.7184,890.3099636363636,1.77508%,20.62485%,7.25711%,9.09091%
2021-01-11,hxf3fd1a943fc432579c01b3b7cc7ca18276f347f9,178.35139999999998,11,1,4.1367,58.737300000000005,11.8578,16.213763636363634,2.31941%,32.93347%,6.64856%,9.09091%
2021-01-11,hxf441524a023d3356478d41c3f10c2e8b805ec67b,14743.7816,11,1,30.253700000000002,2759.0741,1124.7101,1340.343781818182,0.20520%,18.71348%,7.62837%,9.09091%
2021-01-11,hxf4655e157a5656d207379ba54b8210560cf308ff,21361.0,11,1,576.0,4183.0,1791.4238999999998,1941.909090909091,2.69650%,19.58242%,8.38642%,9.09091%
2021-01-11,hxf46bd1f322efcf99b24c037123b5037ac7986d82,7121.4795,11,1,315.6417,1548.4753,400.4,647.4072272727273,4.43225%,21.74373%,5.62243%,9.09091%
2021-01-11,hxf754a10fab77d038fcaa4d1bdae2f4a602c22601,876.9382000000002,11,1,17.142,119.7865,82.4026,79.72165454545456,1.95476%,13.65963%,9.39663%,9.09091%
2021-01-11,hxf96e48d75ef1b63808f23d8ab4f11314c2abc749,52240.389394370904,11,1,4527.7377,5236.8227000000015,4700.3067259948775,4749.126308579173,8.66712%,10.02447%,8.99746%,9.09091%
2021-01-11,hxfa248bd6e8c1257c55b5c7923eb0e2ce54e3fbcc,5807.1936000000005,11,1,119.7908,695.8234,545.9412,527.926690909091,2.06280%,11.98209%,9.40112%,9.09091%
2021-01-11,hxfc7e2968bdb38ddfea72701660f981868cb1c614,61713.712899999984,11,1,850.8544,7288.999799999999,6130.140899999999,5610.337536363635,1.37871%,11.81099%,9.93319%,9.09091%
2021-01-11,hxfd7589b8d7add37cf4f5b66b0322492e1870ffce,12500.0,11,1,100.0,7300.0,100.0,1136.3636363636363,0.80000%,58.40000%,0.80000%,9.09091%
2021-01-11,hxf3354aed958d0d250d0d542ae200d4c00a3395d4,116919.25990000002,11,1,159.5115,18556.755699999994,10583.507899999999,10629.023627272729,0.13643%,15.87143%,9.05198%,9.09091%
2021-01-11,hxe90f994315406e69cadfdb6f7c37544b5efaa14e,5922.1134999999995,11,1,354.8958000000001,1249.3177999999998,414.0452,538.3739545454545,5.99272%,21.09581%,6.99151%,9.09091%
2021-01-11,hxe94fb3f998ab715fb630936fe817c173f4c2d96e,108778.53079999996,11,1,50.0,107784.64349999999,100.0,9888.957345454543,0.04596%,99.08632%,0.09193%,9.09091%
2021-01-11,hxeaf708b437ee8d801e2ccc8310d24e1719f2c81b,14921.0,11,1,176.0,1474.5000000000002,1474.5,1356.4545454545455,1.17955%,9.88205%,9.88205%,9.09091%
2021-01-11,hxebcd91115a92f651c8370d0bdccdcef3c9ceede2,1089.9017999999999,11,1,81.63159999999999,121.7189,105.36349999999999,99.0819818181818,7.48981%,11.16788%,9.66725%,9.09091%
2021-01-11,hxedd3c4a4dd9e236f02e785998007875619dafedf,1102.6615665080276,11,1,97.9705,105.6334,99.4597,100.24196059163887,8.88491%,9.57986%,9.01997%,9.09091%
2021-01-11,hxee5c1d04f36e46fb4a9c5b0de1e0d10b03a8ed9c,12414.444399999998,11,1,51.59539999999977,6715.6492,421.3411,1128.5858545454544,0.41561%,54.09545%,3.39396%,9.09091%
2021-01-11,hxf043808ac07b0b411d93748bed2be3cd0ae950db,64078.9657,11,1,1000.0,17000.0,5000.0,5825.360518181818,1.56057%,26.52977%,7.80287%,9.09091%
2021-01-11,hxf277418952673e86896d06fc69e83730daeb620f,193.1796,11,1,5.7911,29.7309,17.7872,17.561781818181817,2.99778%,15.39029%,9.20760%,9.09091%
2021-01-11,hx9213dfd0eba46fefff91b5ddc0ccb105a10c0f70,16834.8124,11,1,1257.5695999999998,3359.166,1336.2098,1530.437490909091,7.47005%,19.95369%,7.93718%,9.09091%
2021-01-11,hx93db169bccfe9a8afd6897eb54d4fc5a8d87d25a,3873.9649999999997,11,1,74.435,972.4965,223.3052,352.1786363636363,1.92142%,25.10339%,5.76425%,9.09091%
2021-01-11,hx963dd34d07bebb575320d3a81cb0025db2984200,14042.928800000002,11,1,82.4688,2162.3329,1520.1194,1276.629890909091,0.58726%,15.39802%,10.82480%,9.09091%
2021-01-11,hx9642f3d6a5860bfa212d7fd3c7587206edbe40b9,410.1305387187721,11,1,3.173542983335648,168.0238507651233,28.561881613341818,37.28459442897928,0.77379%,40.96838%,6.96410%,9.09091%
2021-01-11,hx979089bf1f73d349fe67c30ed0ce72a8801ba221,4349.2932063377675,11,1,0.5055663476261519,3018.647215822049,3.8351999117756983,395.39029148525157,0.01162%,69.40547%,0.08818%,9.09091%
2021-01-11,hx9b16229a08c1e7fc03ce5d66266948eccbb8a2f1,1287.2506999999998,11,1,39.0076,169.0329,130.0253,117.02279090909089,3.03030%,13.13131%,10.10101%,9.09091%
2021-01-11,hx9b469d8212f7be0bdae3588f4d5b28e447a46530,30469.851800000008,11,1,221.8951,16650.067500000005,584.7759,2769.986527272728,0.72824%,54.64440%,1.91920%,9.09091%
2021-01-11,hx9b783c5ac6e4d62bf5b948e47ba424266085ad3d,10239.0329,11,1,101.9162,1684.3622999999998,855.112,930.8211727272727,0.99537%,16.45040%,8.35149%,9.09091%
2021-01-11,hx9e42d3a0d46a37e52dbcc20fc9080307336750ba,763.1501,11,1,38.4592,94.3819,70.765,69.37728181818181,5.03953%,12.36741%,9.27275%,9.09091%
2021-01-11,hx906a0698c4ea238789abb450f2a51596d47af90a,4092.2902000000004,11,1,265.5958,521.2945,379.4108,372.02638181818185,6.49015%,12.73845%,9.27136%,9.09091%
2021-01-11,hx8faa2bc5925c335b3791cb46afa21ee65122867b,93985.87779999999,11,1,200.0,88000.87779999999,200.0,8544.170709090908,0.21280%,93.63202%,0.21280%,9.09091%
2021-01-11,hx81f28bee0f8d74faa3e4d68be5b671c463217bd2,818.4485000000001,11,1,45.8464,125.2006,60.572,74.4044090909091,5.60162%,15.29731%,7.40083%,9.09091%
2021-01-11,hx86134fdd97382ac08bb5229bd00648f2a7f516c1,2533.6268999999998,11,1,117.2137,248.9321,240.15099999999998,230.32971818181815,4.62632%,9.82513%,9.47855%,9.09091%
2021-01-11,hx86f92daffdb1bad01105b65204ed1f9a8f9bff41,24999.99999999999,11,1,999.9999999999918,15000.0,1000.0,2272.7272727272716,4.00000%,60.00000%,4.00000%,9.09091%
2021-01-11,hx8f3aa15cf5d36b99548ea292dfce34a1d955aa19,1007.8296,11,1,7.8296,100.0,100.0,91.62087272727273,0.77688%,9.92231%,9.92231%,9.09091%
2021-01-11,hx88d7523fabfc3d2a9933c192455972d64fe14cf0,1108.0,11,1,9.67002114784808,316.6789218265433,49.63217917818071,100.72727272727273,0.87275%,28.58113%,4.47944%,9.09091%
2021-01-11,hx894cc3b9b4396d8dc414bb631de4c9f8c600b134,2240.3278999999998,11,1,22.3156,541.3371,100.0,203.6661727272727,0.99609%,24.16330%,4.46363%,9.09091%
2021-01-11,hx8c66e93216fa30a0e89e3678996fc7ea42576d34,773.7411980706257,11,1,5.63347467808428,200.96683902150298,52.4381108620325,70.34010891551144,0.72808%,25.97339%,6.77722%,9.09091%
2021-01-11,hx8e8e2e32ce8241773c0cd98d46a214e9c7607ba9,51059.471699999995,11,1,511.1058,41348.459299999995,511.1058,4641.770154545454,1.00100%,80.98098%,1.00100%,9.09091%
2021-01-11,hx9f15436f57184e4692f2413acbc7d9d7c220741f,2715.5184000000004,11,1,30.178200000000004,2057.0857,59.82599999999999,246.86530909090914,1.11132%,75.75296%,2.20312%,9.09091%
2021-01-11,hxb18832e5ab5e1c3795b6761be5934a20aab1da24,4470.8682,11,1,223.733,909.1978,374.47159999999997,406.4425636363636,5.00424%,20.33605%,8.37581%,9.09091%
2021-01-11,hxb29c47904edf4621a5cb587f4e4e6a2da28b9c0f,1336.0,11,1,100.0,246.0,100.0,121.45454545454545,7.48503%,18.41317%,7.48503%,9.09091%
2021-01-11,hxb514c5637dbd9165de40a721ade00de662fd9a22,123865.89490000001,11,1,10050.5067,19219.2828,10528.0718,11260.5359,8.11402%,15.51620%,8.49957%,9.09091%
2021-01-11,hxb611b26f8ef4c8d515de4d23f62316eb1ad842b9,800000.0,11,1,48324.520300000004,92380.62740000001,74676.1974,72727.27272727272,6.04057%,11.54758%,9.33452%,9.09091%
2021-01-11,hxb74fd8df615edb4894923e72ac0e1468497e0c30,1705.1529000000003,11,1,64.1668,271.5285,145.8554,155.01390000000004,3.76311%,15.92400%,8.55380%,9.09091%
2021-01-11,hxb8422e1350a2cac09a138e406b3968e422fc36b0,52417.0,11,1,167.0,6162.993499999995,5032.4617,4765.181818181818,0.31860%,11.75762%,9.60082%,9.09091%
2021-01-11,hxbb49971914b61e62bb341f6f32dce55671438dbd,160710.965,11,1,85.701,75435.7069,4314.3878,14610.087727272727,0.05333%,46.93874%,2.68456%,9.09091%
2021-01-11,hxbc6d22592d5e18ae00f2e64c7e541317889bf69b,3224.5108999999998,11,1,265.27290000000005,399.9999999999999,268.6593,293.1373545454545,8.22676%,12.40498%,8.33178%,9.09091%
2021-01-11,hxbcb195d6a4321d9480128204c6cf93516eb123cf,590.1802,11,1,19.3278,106.1417,50.0,53.65274545454545,3.27490%,17.98463%,8.47199%,9.09091%
2021-01-11,hxbed4d4c23ce16a4ecd3f5a44fddba1bf7712bdff,14513.074799999999,11,1,602.0855,1655.1473,1345.5856,1319.3704363636361,4.14857%,11.40453%,9.27154%,9.09091%
2021-01-11,hxb03768cd2d551d87d3c8345054364f1e99d3d126,100010.0,11,1,1.0,100000.0,1.0,9091.818181818182,0.00100%,99.99000%,0.00100%,9.09091%
2021-01-11,hx9f53acfdffad96ba52a357e7a4d7f9b58d1a5676,25785.4002,11,1,0.9999999999995453,25775.4002,1.0,2344.127290909091,0.00388%,99.96122%,0.00388%,9.09091%
2021-01-11,hx9fb24c3d2bb7231a1a5f5b55aab253c77b97b664,21313.7007,11,1,1.0,21303.700699999998,1.0,1937.6091545454547,0.00469%,99.95308%,0.00469%,9.09091%
2021-01-11,hxa2dd94e7ec8eba63d69c62db8867a5ad0dc35d65,4617.0751,11,1,25.2153,1040.6108,254.6869,419.7341,0.54613%,22.53831%,5.51620%,9.09091%
2021-01-11,hxa3bbbb9a6feaa0a6cc52d22ae6ced2c4ce2c0fef,1737.4649,11,1,16.2021,376.37669999999997,61.725100000000005,157.95135454545454,0.93251%,21.66241%,3.55260%,9.09091%
2021-01-11,hxaeb409bb3195c29fc5ebcf21942db679a9081598,828.8920999999998,11,1,10.1681,334.6074,47.6714,75.35382727272726,1.22671%,40.36803%,5.75122%,9.09091%
2021-01-11,hxa8bebce1fe1d24d8539cea6a19f738c2daa691f8,20653.5594,11,1,201.7597,3041.4963,1745.8307,1877.596309090909,0.97688%,14.72626%,8.45293%,9.09091%
2021-01-11,hxa9be2eb86c46c65b2ae176bc95b92f51d6604bf2,5069.392,11,1,69.39200000000001,500.0,500.0,460.85381818181816,1.36884%,9.86312%,9.86312%,9.09091%
2021-01-11,hxaa4c8bc23934787421737febb34a7a0b524d2da3,43991.365300000005,11,1,291.36530000000005,4400.000000000001,4399.999999999999,3999.2150272727276,0.66232%,10.00196%,10.00196%,9.09091%
2021-01-11,hxae4349ebee2928e78085c9179c1c55a3e34ee8c8,302.3374,11,1,21.037599999999998,39.5747,27.0865,27.485218181818183,6.95832%,13.08958%,8.95903%,9.09091%
2021-01-11,hx0aaac6d38e629a0fce7e5b6951e0ec0881355301,2046.0000000000002,11,1,57.5488,409.2,155.23,186.00000000000003,2.81275%,20.00000%,7.58700%,9.09091%
2021-01-11,hx012240052db3d0ef6a2c300f474b6fcac2af9a4e,12183.0942,11,1,556.9964,1711.0935,992.8639,1107.554018181818,4.57188%,14.04482%,8.14952%,9.09091%
2021-01-11,hx0175d6c7f6cbeb7a3f22198b2d45e76219f3920e,14405.989099999999,11,1,1009.3339,2047.5063,1297.7151,1309.6353727272726,7.00635%,14.21288%,9.00816%,9.09091%
2021-01-11,hx03715c57dd9f82177e8a8cdd37abc58c2adac56a,10188.727700000001,11,1,263.3518,1689.5319,893.4417000000001,926.2479727272729,2.58474%,16.58236%,8.76892%,9.09091%
2021-01-11,hx04a16a86c202bbceaddf3b7c96d24b921715b4b6,53827.55380000001,11,1,282.4112,17721.744599999998,631.6102,4893.413981818183,0.52466%,32.92318%,1.17340%,9.09091%
2021-01-11,hx096edfdfcca9228b0dfc9eb1ab0667d862de6e1d,3467.2819,11,1,81.838,340.0,340.0,315.20744545454545,2.36029%,9.80595%,9.80595%,9.09091%
2021-01-11,hx09af69310d44f5b75fd966e4df4ae4a659797fed,115204.22769999999,11,1,500.0,100000.0,549.854,10473.111609090907,0.43401%,86.80237%,0.47729%,9.09091%
2021-01-11,hx0a636c959e4b43238340a653294cb64bc124be70,157.01659999999998,11,1,14.030099999999997,15.937800000000001,14.119899999999998,14.274236363636362,8.93542%,10.15039%,8.99262%,9.09091%
