date,marketCap,icxCirculation,icxSupply,publicTreasury,iglobal
2020-07-02,165977346.0,553895505.0,845827228.0,6420130.0,
2020-07-03,171804918.0,553996788.0,845929802.0,6381271.0,
2020-07-04,186369728.0,553333639.0,846067367.0,6324402.0,
2020-07-05,184604651.0,553505012.0,846239592.0,6359123.0,
2020-07-06,196825625.0,553675401.0,846411594.0,6274880.0,
2020-07-07,193591519.0,553812300.0,846549554.0,6217638.0,
2020-07-08,219446069.0,553915535.0,846652790.0,6187342.0,
2020-07-09,212524151.0,554018115.0,846755944.0,6131479.0,
2020-07-10,213422111.0,554155922.0,846893938.0,6153187.0,
2020-07-11,222431925.0,554322278.0,847062429.0,6208112.0,
2020-07-12,224997467.0,554492462.0,847234598.0,6262233.0,
2020-07-13,224260353.0,554879022.0,847372281.0,6289331.0,
2020-07-14,223523240.0,555265582.0,847509965.0,6316430.0,
2020-07-15,228606622.0,555568405.0,847612788.0,6323194.0,
2020-07-16,222963188.0,555702912.0,847750563.0,6346255.0,
2020-07-17,213074942.0,555839426.0,847888217.0,6370691.0,
2020-07-18,217180398.0,555940629.0,847991398.0,6407170.0,
2020-07-19,214185745.0,556076924.0,848129197.0,6460898.0,
2020-07-20,227771657.0,556214107.0,848267129.0,6523389.0,
2020-07-21,226218758.0,557154474.0,848404767.0,6510968.0,
2020-07-22,226046222.0,557325276.0,848576154.0,6516955.0,
2020-07-23,232584573.0,557425766.0,848677357.0,6573831.0,
2020-07-24,225181021.0,557562678.0,848815069.0,6620603.0,
2020-07-25,224115849.0,557963386.0,848966547.0,6668275.0,
2020-07-26,223050677.0,558364094.0,849118025.0,6715946.0,
2020-07-27,214490522.0,558407165.0,849162206.0,6736139.0,
2020-07-28,213098792.0,558657793.0,849347550.0,6789679.0,
2020-07-29,211707063.0,558908422.0,849532894.0,6843220.0,
2020-07-30,210067979.0,559009443.0,849636759.0,6823368.0,
2020-07-31,209127213.0,559181993.0,849810209.0,6890439.0,
2020-08-01,209103915.0,558118675.0,849947755.0,6557843.0,
2020-08-02,213074506.0,558255151.0,850085628.0,6543539.0,
2020-08-03,208905942.0,558391761.0,850224939.0,6568602.0,
2020-08-04,214711643.0,558564195.0,850399465.0,6493222.0,
2020-08-05,219047358.0,558668759.0,850504029.0,6515797.0,
2020-08-06,217209059.0,558774006.0,850610095.0,6545790.0,
2020-08-07,218524883.0,559312799.0,850750123.0,6570185.0,
2020-08-08,210028287.0,559450235.0,850887666.0,6595933.0,
2020-08-09,221204783.0,559620784.0,851059719.0,6668018.0,
2020-08-10,232293485.0,559720651.0,851162939.0,6685867.0,
2020-08-11,253966327.0,559891148.0,851334726.0,6665155.0,
2020-08-12,236939483.0,560027808.0,851471927.0,6570810.0,
2020-08-13,242341696.0,560313917.0,851609450.0,6565422.0,
2020-08-14,247743909.0,560600026.0,851746973.0,6560033.0,
2020-08-15,247743909.0,560600026.0,851746973.0,6560033.0,
2020-08-16,247804848.0,560737919.0,851885335.0,6596100.0,
2020-08-17,285688263.0,560979266.0,852127581.0,6648969.0,
2020-08-18,284842995.0,561167031.0,852265962.0,6662068.0,
2020-08-19,283997728.0,561354797.0,852404343.0,6675167.0,
2020-08-20,283152461.0,561542562.0,852542724.0,6688266.0,
2020-08-21,282307194.0,561730328.0,852681105.0,6701365.0,
2020-08-22,379178622.0,561936783.0,852888618.0,6608895.0,
2020-08-23,387979276.0,562040170.0,852992005.0,6572208.0,
2020-08-24,388047289.0,562138696.0,853091158.0,6497685.0,
2020-08-25,388154347.0,562293784.0,853246390.0,6560647.0,
2020-08-26,388261405.0,562448872.0,853401623.0,6623610.0,
2020-08-27,375269573.0,562586145.0,853539584.0,6661633.0,
2020-08-28,362277741.0,562723418.0,853677546.0,6699656.0,
2020-08-29,349285910.0,562860692.0,853815508.0,6737680.0,
2020-08-30,355826322.0,562963652.0,853919896.0,6782786.0,
2020-08-31,351299839.0,563099800.0,854057777.0,6809145.0,
2020-09-01,338536870.0,563272455.0,854231343.0,6666811.0,
2020-09-02,328180441.0,563444741.0,854404501.0,6646851.0,
2020-09-03,300160642.0,563513896.0,854473657.0,6671281.0,
2020-09-04,282476168.0,563686042.0,854647196.0,6668961.0,
2020-09-05,264791695.0,563858189.0,854820735.0,6666641.0,
2020-09-06,235118505.0,563927494.0,854890039.0,6687277.0,
2020-09-07,250590456.0,564099370.0,855062567.0,6777956.0,
2020-09-08,242177534.0,564236243.0,855200676.0,6821746.0,
2020-09-09,227091416.0,564372557.0,855337004.0,6836284.0,
2020-09-10,242473005.0,564508349.0,855474298.0,6895522.0,
2020-09-11,257854594.0,564644142.0,855611592.0,6954760.0,
2020-09-12,271364546.0,564850839.0,855819039.0,6998314.0,
2020-09-13,281721657.0,564885376.0,855853575.0,7013312.0,
2020-09-14,263278253.0,565019338.0,855991686.0,7063127.0,
2020-09-15,303698925.0,565155850.0,856130020.0,7108808.0,
2020-09-16,292199120.0,565293387.0,856268520.0,7124265.0,
2020-09-17,275155985.0,565429480.0,856406781.0,7148387.0,
2020-09-18,266798634.0,565565984.0,856545031.0,7205463.0,
2020-09-19,262742218.0,565827087.0,856682869.0,7270198.0,
2020-09-20,265297134.0,565998934.0,856855709.0,7364491.0,
2020-09-21,264764553.0,566100966.0,856959400.0,7395465.0,
2020-09-22,231485997.0,566238424.0,857097398.0,7427137.0,
2020-09-23,232634336.0,566444273.0,857304531.0,7512412.0,
2020-09-24,233731815.0,566513249.0,857373508.0,7511956.0,
2020-09-25,223021074.0,566852595.0,857509331.0,7351746.0,
2020-09-26,233503260.0,566990261.0,857647478.0,7402310.0,
2020-09-27,237210965.0,567126510.0,857785433.0,7465524.0,
2020-09-28,237214783.0,567264151.0,857923822.0,7476948.0,
2020-09-29,233849316.0,567401277.0,858062064.0,7454252.0,
2020-09-30,230483849.0,567538404.0,858200307.0,7431557.0,
2020-10-01,237295458.0,567675277.0,858338715.0,7341559.0,
2020-10-02,234923553.0,567812445.0,858476787.0,7299469.0,
2020-10-03,231656419.0,567949954.0,858615130.0,7333383.0,
2020-10-04,228061145.0,568086267.0,858753482.0,7416193.0,
2020-10-05,226312768.0,568222423.0,858892055.0,7457971.0,
2020-10-06,227764452.0,568359940.0,859030367.0,7407054.0,
2020-10-07,218095646.0,568497528.0,859168827.0,7302400.0,
2020-10-08,209929875.0,568634278.0,859306506.0,7336602.0,
2020-10-09,218048738.0,568772038.0,859444729.0,7394502.0,
2020-10-10,227158932.0,568909982.0,859583041.0,7460381.0,
2020-10-11,227262929.0,569048510.0,859721568.0,7540541.0,
2020-10-12,230281754.0,569185017.0,859859740.0,7552983.0,
2020-10-13,236671836.0,569321039.0,859997759.0,7549149.0,
2020-10-14,233623992.0,569525172.0,860203643.0,7589645.0,
2020-10-15,223060486.0,569594035.0,860272506.0,7572833.0,
2020-10-16,215861516.0,569730979.0,860411174.0,7540122.0,
2020-10-17,209843186.0,569869647.0,860550044.0,7590906.0,
2020-10-18,217709650.0,570007149.0,860688774.0,7635194.0,
2020-10-19,219942811.0,570179393.0,860862471.0,7708238.0,
2020-10-20,216168687.0,570283280.0,860966732.0,7735291.0,
2020-10-21,208381810.0,570420923.0,861105675.0,7791193.0,
2020-10-22,217345434.0,570558098.0,861244203.0,7803490.0,
2020-10-23,224091622.0,570695793.0,861382984.0,7838144.0,
2020-10-24,211451816.0,570832482.0,861521861.0,7851402.0,
2020-10-25,215659087.0,570969341.0,861660626.0,7927292.0,
2020-10-26,210888334.0,571107427.0,861799261.0,7957983.0,
2020-10-27,201266642.0,571420602.0,861938026.0,8012497.0,
2020-10-28,206783852.0,571557270.0,862076448.0,8087000.0,
2020-10-29,193332688.0,571694640.0,862215196.0,8082831.0,
2020-10-30,192703888.0,571832747.0,862353956.0,8123144.0,
2020-10-31,179647968.0,571928227.0,862450678.0,7981478.0,
2020-11-01,182599029.0,572107249.0,862631878.0,7893292.0,
2020-11-02,186828823.0,572244529.0,862770712.0,7857706.0,
2020-11-03,184581969.0,572382949.0,862909921.0,7871557.0,
2020-11-04,182587286.0,572521056.0,863049225.0,7926194.0,
2020-11-05,178271068.0,572658397.0,863188047.0,7943102.0,
2020-11-06,179034174.0,572795856.0,863327115.0,7833296.0,
2020-11-07,196686457.0,572932852.0,863466291.0,7868416.0,
2020-11-08,195039541.0,573070774.0,863605330.0,7906645.0,
2020-11-09,195708241.0,573208600.0,863744426.0,7908669.0,
2020-11-10,189504253.0,573346414.0,863883659.0,7888977.0,
2020-11-11,195297647.0,572068274.0,864023567.0,6343641.0,
2020-11-12,204259634.0,572202555.0,864158668.0,6339836.0,
2020-11-13,205387656.0,572339065.0,864297158.0,6381971.0,
2020-11-14,207783809.0,572542847.0,864503016.0,6451043.0,
2020-11-15,202667956.0,572612243.0,864572413.0,6421909.0,
2020-11-16,199493837.0,572749578.0,864711227.0,6481759.0,
2020-11-17,203965131.0,572884739.0,864847951.0,6515725.0,
2020-11-18,204911715.0,573022018.0,864986470.0,6524228.0,
2020-11-19,196539544.0,573160430.0,865125348.0,6540856.0,
2020-11-20,198970467.0,573297125.0,865263780.0,6576891.0,
2020-11-21,206200134.0,573432250.0,865399442.0,6605584.0,
2020-11-22,225928959.0,573570702.0,865538186.0,6603348.0,
2020-11-23,223398141.0,573707701.0,865676308.0,6647638.0,
2020-11-24,239544976.0,573846327.0,865814933.0,6670806.0,
2020-11-25,265986990.0,573984642.0,865953249.0,6626059.0,
2020-11-26,287328293.0,574123051.0,866092074.0,6604575.0,
2020-11-27,221550023.0,574261439.0,866230969.0,6672271.0,
2020-11-28,224265019.0,574396217.0,866366129.0,6743939.0,
2020-11-29,243176556.0,574527670.0,866497689.0,6784814.0,
2020-11-30,233562582.0,574660978.0,866631199.0,6858165.0,
2020-12-01,250226940.0,574794196.0,866764595.0,6842889.0,
2020-12-02,243268441.0,574926812.0,866898114.0,6654422.0,
2020-12-03,250974302.0,575059905.0,867031882.0,6562885.0,
2020-12-04,253375985.0,575192183.0,867165487.0,6539479.0,
2020-12-05,236427045.0,575473412.0,867299062.0,6526770.0,
2020-12-06,239704484.0,575604218.0,867431606.0,6591883.0,
2020-12-07,235439478.0,575735090.0,867562887.0,6652009.0,
2020-12-08,245607839.0,575865004.0,867693747.0,6686641.0,
2020-12-09,229194913.0,575994689.0,867824796.0,6700861.0,
2020-12-10,225553942.0,576123800.0,867955849.0,6741956.0,
2020-12-11,219502028.0,576254387.0,868087160.0,6800335.0,
2020-12-12,208348480.0,576385264.0,868218590.0,6852212.0,
2020-12-13,217415629.0,576515091.0,868348968.0,6922347.0,
2020-12-14,225965484.0,576644397.0,868479433.0,6941281.0,
2020-12-15,226974601.0,576775636.0,868610675.0,6995796.0,
2020-12-16,232444710.0,576906629.0,868741747.0,6988096.0,
2020-12-17,238005502.0,577037622.0,868872881.0,6997212.0,
2020-12-18,245853479.0,577167487.0,869003358.0,7013898.0,
2020-12-19,241253824.0,577293644.0,869134114.0,7055361.0,
2020-12-20,251075224.0,577424282.0,869264925.0,6845217.0,
2020-12-21,254726586.0,577555624.0,869396267.0,6852401.0,
2020-12-22,233907273.0,577686891.0,869527611.0,6880294.0,
2020-12-23,231402924.0,577818213.0,869658938.0,6909030.0,
2020-12-24,216642350.0,577945483.0,869789723.0,6955271.0,
2020-12-25,212448009.0,578075689.0,869920778.0,7032613.0,
2020-12-26,237214346.0,578206729.0,870052019.0,7085530.0,
2020-12-27,245843226.0,578337918.0,870183209.0,7148671.0,
2020-12-28,242215224.0,578468146.0,870314380.0,7184502.0,
2020-12-29,255055080.0,578598735.0,870445611.0,7170613.0,
2020-12-30,249117621.0,578729171.0,870576710.0,7172555.0,
2020-12-31,278874759.0,579257711.0,870706012.0,7077177.0,
2021-01-01,262766567.0,579387293.0,870837400.0,7057993.0,
2021-01-02,263768900.0,579517899.0,870968761.0,7033272.0,
2021-01-03,258038658.0,579649535.0,871100397.0,6944979.0,
2021-01-04,271111778.0,579780036.0,871231882.0,6953112.0,
2021-01-05,277847799.0,580209490.0,871363259.0,6704748.0,
2021-01-06,327056480.0,580340248.0,871494329.0,6680432.0,
2021-01-07,370151278.0,580571263.0,871625825.0,6647983.0,
2021-01-08,350032397.0,580699519.0,871756660.0,6630269.0,
2021-01-09,361709719.0,580929864.0,871887859.0,6674974.0,
2021-01-10,380799408.0,581061544.0,872019953.0,6677423.0,
2021-01-11,351415457.0,581192445.0,872151535.0,6707221.0,
2021-01-12,331759882.0,581323522.0,872283421.0,6717453.0,
2021-01-13,337267085.0,581655889.0,872415931.0,6773801.0,
2021-01-14,340418192.0,581900942.3333334,872548007.0,6806776.0,
2021-01-15,343569299.0,582145995.6666666,872680083.0,6839751.0,
2021-01-16,346720406.0,582391049.0,872812159.0,6872726.0,
2021-01-17,407123162.0,582522950.0,872944494.0,6888726.0,
2021-01-18,383767016.0,582654990.0,873077010.0,6955965.0,
2021-01-19,430632936.0,583187831.0,873209911.0,6971066.0,
2021-01-20,423920877.0,583320079.0,873342868.0,6916831.0,
2021-01-21,412843362.0,583652599.0,873475452.0,6946202.0,
2021-01-22,437895101.0,583784904.0,873608124.0,6847944.0,
2021-01-23,426861370.0,583916641.0,873740828.0,6903566.0,
2021-01-24,433341021.0,584049275.0,873873794.0,6949795.0,
2021-01-25,441523146.0,584181828.0,874006990.0,6971519.0,
2021-01-26,507257387.0,584314186.0,874139841.0,6992309.0,
2021-01-27,503400319.0,584446138.0,874272215.0,7019772.0,
2021-01-28,466804525.0,584577844.0,874404889.0,7034607.0,
2021-01-29,487452822.0,585230464.0,874537520.0,7087313.0,
2021-01-30,474502805.0,585919641.0,874670581.0,7034409.0,
2021-01-31,452995328.0,586052207.0,874803820.0,7079610.0,
2021-02-01,450615063.0,586184548.0,874936797.0,6973179.0,
2021-02-02,448234798.0,586316890.0,875069775.0,6866749.0,
2021-02-03,451420548.0,586449731.0,875202616.0,6895357.0,
2021-02-04,469033162.0,586582687.0,875335572.0,6884719.0,
2021-02-05,457745912.0,586714773.0,875468891.0,6920230.0,
2021-02-06,469929459.0,586847870.0,875602416.0,6918970.0,
2021-02-07,463603644.0,586980630.0,875735560.0,6970854.0,
2021-02-08,467221469.0,587113047.0,875869175.0,7008609.0,
2021-02-09,488263708.0,587245880.0,876002491.0,7036004.0,
2021-02-10,532131125.0,587376635.0,876133531.0,6996297.0,
2021-02-11,535079084.0,587518649.0,876266638.0,6953679.0,
2021-02-12,771179804.0,587649186.0,876397568.0,6720041.0,
2021-02-13,782916529.0,587782524.0,876531184.0,6747244.0,
2021-02-14,947045349.0,587915212.0,876663950.0,6771113.0,
2021-02-15,858004361.0,588046810.0,876795661.0,6797733.0,
2021-02-16,1037372583.0,584591302.0,876927386.0,2870778.0,
2021-02-17,971754496.0,585006256.0,877060552.0,2821831.0,
2021-02-18,1101226726.0,585140761.0,877195162.0,2829349.0,
2021-02-19,1347633596.0,589964144.0,877468856.0,2710747.0,
2021-02-20,1296175741.0,590095856.0,877600624.0,2713383.0,
2021-02-21,1206683063.0,590227557.0,877732496.0,2752312.0,
2021-02-22,1020522806.0,590359867.0,877864857.0,2777026.0,
2021-02-23,829713558.0,590491402.0,877996889.0,2849626.0,
2021-02-24,995893744.0,590623237.0,878129069.0,2884059.0,
2021-02-25,1000444244.0,590754357.0,878260966.0,2930455.0,
2021-02-26,952739868.0,590886251.0,878393227.0,2955948.0,
2021-02-27,925188206.0,591017492.0,878525190.0,3018225.0,
2021-02-28,793630039.0,591148185.0,878656973.0,3055132.0,
2021-03-01,969702865.0,591279536.0,878788451.0,3022813.0,
2021-03-02,971368746.0,591785318.0,878919645.0,2977685.0,
2021-03-03,1063548639.0,591915989.0,879050886.0,2993687.0,
2021-03-04,1156257464.0,592046762.0,879182064.0,2974100.0,
2021-03-05,1084726283.0,592177999.0,879313456.0,3037288.0,
2021-03-06,1094947568.0,592309192.0,879444732.0,3109471.0,
2021-03-07,1152451227.0,592439996.0,879575617.0,3167018.0,
2021-03-08,1105841489.0,592571086.0,879706744.0,3187478.0,
2021-03-09,1148224782.0,592701807.0,879837533.0,3199728.0,
2021-03-10,1118837969.0,592832772.0,879968498.0,3237450.0,
2021-03-11,1125826895.0,592963860.0,880099702.0,3285059.0,
2021-03-12,1078767249.0,593094699.0,880230661.0,3307110.0,
2021-03-13,1091990060.0,593220331.0,880356815.0,3367038.0,
2021-03-14,1050932017.0,593351083.0,880487935.0,3413991.0,
2021-03-15,1134303643.0,593486220.0,880623191.0,3433209.0,
2021-03-16,1096263743.0,593617901.0,880754872.0,3475135.0,
2021-03-17,1099593759.0,593745940.0,880883671.0,3533988.0,
2021-03-18,1140996905.0,593875441.0,881013315.0,3604486.0,
2021-03-19,1171701361.0,594004848.0,881142917.0,3675989.0,
2021-03-20,1202101335.0,594116419.0,881254941.0,3703107.0,
2021-03-21,1172447109.0,594239070.0,881377819.0,3744835.0,
2021-03-22,1205024603.0,594368240.0,881507208.0,3688891.0,
2021-03-23,1134555321.0,594561938.0,881636703.0,3737768.0,
2021-03-24,1270200825.0,594691600.0,881766376.0,3772472.0,
2021-03-25,1096864533.0,594821387.0,881896163.0,3611937.0,
2021-03-26,1188921051.0,594951177.0,882025953.0,3681222.0,
2021-03-27,1281081181.0,595066559.0,882155750.0,3651216.0,
2021-03-28,1432844833.0,595195656.0,882285482.0,3633478.0,
2021-03-29,1500570329.0,595325319.0,882415180.0,3664953.0,
2021-03-30,1578583767.0,595455061.0,882544922.0,3662882.0,
2021-03-31,1805971233.0,595584039.0,882674384.0,3610474.0,
2021-04-01,1747197112.0,595713069.0,882803542.0,3592450.0,
2021-04-02,1612709848.0,595842546.0,882933153.0,3617043.0,
2021-04-03,1531263688.0,595970204.0,883060876.0,3684382.0,
2021-04-04,1629902898.0,596099936.0,883191119.0,3756492.0,
2021-04-05,1594925786.0,596229701.0,883320982.0,3747580.0,
2021-04-06,1495919028.0,596357854.0,883449135.0,3745927.0,
2021-04-07,1373656217.0,596488109.0,883579390.0,3789512.0,
2021-04-08,1477407504.0,596618259.0,883709924.0,3837136.0,
2021-04-09,1595784948.0,596748309.0,883840172.0,3821228.0,
2021-04-10,1536500152.0,596878609.0,883970472.0,3889673.0,
2021-04-11,1523164637.0,597009156.0,884101019.0,3950025.0,
2021-04-12,1591416555.0,597139537.0,884231400.0,3949962.0,
2021-04-13,1560623297.0,597269598.0,884361461.0,3995383.0,
2021-04-14,1438925717.0,597401086.0,884492949.0,4033444.0,
2021-04-15,1550968173.0,597532551.0,884624414.0,4087957.0,
2021-04-16,1561634647.0,597663943.0,884755805.0,4133137.0,
2021-04-17,1646706853.0,597795357.0,884887220.0,4161337.0,
2021-04-18,1372348048.0,597925746.0,885017936.0,4216112.0,
2021-04-19,1279497784.0,598057886.0,885150076.0,4241722.0,
2021-04-20,1299424643.0,598191077.0,885283379.0,4298770.0,
2021-04-21,1357935711.0,598321838.0,885414933.0,4284578.0,
2021-04-22,1299272806.0,598455224.0,885548486.0,4350646.0,
2021-04-23,1041302947.0,598588185.0,885681978.0,4428806.0,
2021-04-24,1009915643.0,598721506.0,885815460.0,4498462.0,
2021-04-25,1082228896.0,598855201.0,885949155.0,4552893.0,
2021-04-26,1205025848.0,598988355.0,886082333.0,3648030.0,
2021-04-27,1352771168.0,614119996.0,886214404.0,3654407.0,
2021-04-28,1379578318.0,614250122.0,886344564.0,3651117.0,
2021-04-29,1368048245.0,614380215.0,886475364.0,3687581.0,
2021-04-30,1623078801.0,614510874.0,886606042.0,3689552.0,
2021-05-01,1619751494.0,614640832.0,886736391.0,3672705.0,
2021-05-02,1597928995.0,622715753.0,886867602.0,3683214.0,
2021-05-03,1555006637.0,620952322.0,886997395.0,3683777.0,
2021-05-04,1380688025.0,620005696.0,887128317.0,3613271.0,
2021-05-05,1465752037.0,620137236.0,887259902.0,3665283.0,
2021-05-06,1565916497.0,620283293.0,887391876.0,3604030.0,
2021-05-07,1807907735.0,620413075.0,887521659.0,3635767.0,
2021-05-08,1653997213.0,620543410.0,887652088.0,3569422.0,
2021-05-09,1603056182.0,625494128.0,887782267.0,3633440.0,
2021-05-10,1605245723.0,624122641.0,887913714.0,3635800.0,
2021-05-11,1556344177.0,622351465.0,888044875.0,3618764.0,
2021-05-12,1430583542.0,622483225.0,888176635.0,3694677.0,
2021-05-13,1273045857.0,622615554.0,888308964.0,3782505.0,
2021-05-14,1373438470.0,622747004.0,888440414.0,3807932.0,
2021-05-15,1239465969.0,622878884.0,888572294.0,3906710.0,
2021-05-16,1289717812.0,627770354.0,888703903.0,3996009.0,
2021-05-17,1129521188.0,627610944.0,888835633.0,4006127.0,
2021-05-18,1220127596.0,627740670.0,888965359.0,4074128.0,
2021-05-19,859053898.0,627867978.0,889092667.0,4091361.0,
2021-05-20,843725123.0,627997074.0,889221763.0,4173730.0,
2021-05-21,780477832.0,628161143.0,889385839.0,4214039.0,
2021-05-22,715187313.0,628259945.0,889484654.0,4273513.0,
2021-05-23,560279457.0,627603317.0,889616143.0,4271319.0,
2021-05-24,696122476.0,624537799.0,889747682.0,3892550.0,
2021-05-25,694594124.0,623408087.0,889879661.0,3906721.0,
2021-05-26,798236340.0,621921431.0,890011757.0,3976895.0,
2021-05-27,790425773.0,621854185.0,890143724.0,4005770.0,
2021-05-28,694312897.0,621985626.0,890275207.0,4093556.0,
2021-05-29,610121896.0,622142053.0,890407135.0,4125360.0,
2021-05-30,676776051.0,631955304.0,890538455.0,4213337.0,
2021-05-31,693105771.0,630411595.0,890669791.0,4185057.0,
2021-06-01,689394695.0,628534436.0,890801725.0,4215602.0,
2021-06-02,769035166.0,627931351.0,890932376.0,4216284.0,
2021-06-03,785215547.0,628062515.0,891063773.0,4282311.0,
2021-06-04,730734653.0,628193657.0,891194983.0,4295751.0,
2021-06-05,690051938.0,628357818.0,891359419.0,4402266.0,
2021-06-06,720286076.0,628456329.0,891458098.0,4409691.0,
2021-06-07,710004046.0,628587351.0,891589429.0,4478096.0,
2021-06-08,587640974.0,628192320.0,891720359.0,3950830.0,
2021-06-09,658399430.0,628323077.0,891851238.0,3879242.0,
2021-06-10,629943320.0,628454311.0,891982472.0,3896849.0,
2021-06-11,575097067.0,628584153.0,892112610.0,3972047.0,
2021-06-12,568918425.0,628714710.0,892243290.0,3976590.0,
2021-06-13,571563164.0,628845523.0,892374267.0,4061633.0,
2021-06-14,610639493.0,628976418.0,892505227.0,4036716.0,
2021-06-15,712703621.0,629107590.0,892636399.0,4039070.0,
2021-06-16,649207247.0,634238977.0,892767786.0,4046145.0,
2021-06-17,694256175.0,634370071.0,892899183.0,4135893.0,
2021-06-18,628177492.0,634566915.0,893063325.0,4109046.0,
2021-06-19,635574271.0,634665118.0,893161794.0,4181109.0,
2021-06-20,591763357.0,634763520.0,893292763.0,4225097.0,
2021-06-21,519852784.0,634237781.0,893422887.0,4270958.0,
2021-06-22,463473901.0,632171090.0,893553852.0,4295692.0,
2021-06-23,488464873.0,632301707.0,893685206.0,4249697.0,
2021-06-24,510227685.0,632432866.0,893816494.0,4287901.0,
2021-06-25,457547323.0,632563775.0,893947553.0,4381435.0,
2021-06-26,443294756.0,632695557.0,894079393.0,4411936.0,
2021-06-27,446205043.0,640706342.0,894211110.0,4477632.0,
2021-06-28,481529499.0,640305655.0,894342165.0,3956392.0,
2021-06-29,540243837.0,637861030.0,894473883.0,4033247.0,
2021-06-30,494710284.0,637689909.0,894603131.0,4028840.0,
2021-07-01,504612581.0,637573000.0,894734666.0,4056184.0,
2021-07-02,512697129.0,637703417.0,894865385.0,4071683.0,
2021-07-03,529039171.0,637834831.0,894996890.0,4154724.0,
2021-07-04,544448309.0,637966101.0,895128347.0,4169084.0,
2021-07-05,528389689.0,638097603.0,895259848.0,4232234.0,
2021-07-06,557057895.0,638228746.0,895391060.0,4230481.0,
2021-07-07,606802953.0,638359806.0,895522261.0,4273324.0,
2021-07-08,629055795.0,638490551.0,895653348.0,4270271.0,
2021-07-09,606088639.0,638619179.0,895782049.0,4276733.0,
2021-07-10,591506525.0,638781945.0,895944967.0,4326039.0,
2021-07-11,586785330.0,638879597.0,896042687.0,4394684.0,
2021-07-12,577986295.0,638978327.0,896170828.0,4390466.0,
2021-07-13,555628685.0,638965174.0,896301705.0,4460606.0,
2021-07-14,526228870.0,639096046.0,896432576.0,4471357.0,
2021-07-15,491767970.0,639226472.0,896563002.0,4566099.0,
2021-07-16,469609201.0,639389993.0,896726524.0,4625374.0,
2021-07-17,503333064.0,639487946.0,896824884.0,4696200.0,
2021-07-18,491185214.0,639618697.0,896955679.0,4729311.0,
2021-07-19,468323451.0,639749514.0,897086522.0,4788525.0,
2021-07-20,433734942.0,639879668.0,897216743.0,4809845.0,
2021-07-21,469083044.0,640009177.0,897346476.0,4853224.0,
2021-07-22,494821994.0,640138389.0,897475979.0,4878172.0,
2021-07-23,481386706.0,640313806.0,897606396.0,4957922.0,
2021-07-24,524915209.0,640444225.0,897737099.0,4980896.0,
2021-07-25,518545524.0,646065195.0,897867448.0,5067036.0,
2021-07-26,565505900.0,646193522.0,897996039.0,4611035.0,
2021-07-27,541048071.0,646323888.0,898126405.0,4687395.0,
2021-07-28,565936577.0,648621183.0,898257034.0,4722394.0,
2021-07-29,590825084.0,650918478.0,898387663.0,4757393.0,
2021-07-30,615713591.0,653215773.0,898518292.0,4792392.0,
2021-07-31,645490099.0,653483112.0,898649539.0,4811307.0,
2021-08-01,652521495.0,653614285.0,898780772.0,4823706.0,
2021-08-02,659552892.0,653745458.0,898912005.0,4836105.0,
2021-08-03,661259293.0,653876608.0,899043207.0,4850381.0,
2021-08-04,673440669.0,654007604.0,899174321.0,4913263.0,
2021-08-05,695289587.0,654138616.0,899305480.0,4941459.0,
2021-08-06,710944379.0,654269671.0,899436534.0,5012824.0,
2021-08-07,714848054.0,654400832.0,899567696.0,5035818.0,
2021-08-08,697995677.0,654532177.0,899699201.0,5097256.0,
2021-08-09,718493047.0,654663138.0,899830339.0,5093282.0,
2021-08-10,716805694.0,654825060.0,899962262.0,5086781.0,
2021-08-11,785791954.0,654955545.0,900093047.0,5108864.0,
2021-08-12,729668353.0,655086498.0,900224004.0,5188735.0,
2021-08-13,777542005.0,655217538.0,900355325.0,5221830.0,
2021-08-14,811345913.0,655348038.0,900485987.0,5270505.0,
2021-08-15,802829548.0,655478079.0,900616367.0,5354199.0,
2021-08-16,886821615.0,655608707.0,900747119.0,5343297.0,
2021-08-17,827018249.0,655738644.0,900877162.0,5407216.0,
2021-08-18,786738126.0,655869411.0,901008073.0,5422949.0,
2021-08-19,795489749.0,656000287.0,901139000.0,5501451.0,
2021-08-20,843710234.0,648643938.0,901270253.0,5525817.0,
2021-08-21,915734724.0,648775134.0,901401448.0,5594374.0,
2021-08-22,970453837.0,648939114.0,901565499.0,5625046.0,
2021-08-23,1008832046.0,649037353.0,901663847.0,5258014.0,
2021-08-24,940007323.0,649168760.0,901795263.0,5154723.0,
2021-08-25,997706504.0,659327920.0,901927697.0,5228482.0,
2021-08-26,886644392.0,659456968.0,902058337.0,5259007.0,
2021-08-27,901551265.0,659585682.0,902187179.0,5328477.0,
2021-08-28,925428267.0,659714434.0,902316031.0,5362192.0,
2021-08-29,922837950.0,664842919.0,902444549.0,5448374.0,
2021-08-30,913800565.0,664971418.0,902573186.0,5431755.0,
2021-08-31,879298446.0,665098988.0,902700756.0,5463406.0,
2021-09-01,944949025.0,665225571.0,902827349.0,5416497.0,
2021-09-02,954584012.0,665351828.0,902953605.0,5491614.0,
2021-09-03,1049671329.0,665478480.0,903080388.0,5492849.0,
2021-09-04,1058874673.0,665605429.0,903207376.0,5572082.0,
2021-09-05,1145090850.0,670732331.0,903334279.0,5275857.0,
2021-09-06,1164205115.0,670858521.0,903460541.0,5327181.0,
2021-09-07,940268197.0,670984088.0,903586109.0,5338338.0,
2021-09-08,909967669.0,671271968.0,903711689.0,5421303.0,
2021-09-09,1071727625.0,671397679.0,903837527.0,5488134.0,
2021-09-10,1251949945.0,671522966.0,903963058.0,5506802.0,
2021-09-11,1216630725.0,671675352.0,904089472.0,5536409.0,
2021-09-12,1141213965.0,669276735.0,904215683.0,5620863.0,
2021-09-13,1221273718.0,669407718.0,904342255.0,5622875.0,
2021-09-14,1320363763.0,669533604.0,904468243.0,5621742.0,
2021-09-15,1452388120.0,669661564.0,904596297.0,5613686.0,
2021-09-16,1371099176.0,669789439.0,904724221.0,5648378.0,
2021-09-17,1289408406.0,669915120.0,904849945.0,5653066.0,
2021-09-18,1281154870.0,670043720.0,904978564.0,5640697.0,
2021-09-19,1229113428.0,670171905.0,905107020.0,5668753.0,
2021-09-20,1133306228.0,662239384.0,905234395.0,5743440.0,
2021-09-21,1029203657.0,662367292.0,905362405.0,5756735.0,
2021-09-22,1049473208.0,662495055.0,905490338.0,5817867.0,
2021-09-23,1118559561.0,662623355.0,905618698.0,5792224.0,
2021-09-24,1032398105.0,662751534.0,905746895.0,5888893.0,
2021-09-25,1026870259.0,662880340.0,905875701.0,5920054.0,
2021-09-26,1110896403.0,671009351.0,906004750.0,5965584.0,
2021-09-27,1031892226.0,671138362.0,906133762.0,5501019.0,
2021-09-28,956894556.0,671266852.0,906262356.0,5573474.0,
2021-09-29,967033226.0,670757968.0,906391146.0,4959739.0,
2021-09-30,1020908813.0,670886588.0,906519767.0,5016861.0,
2021-10-01,1278065176.0,671015024.0,906648230.0,4981640.0,
2021-10-02,1355972162.0,671143544.0,906776749.0,4944922.0,
2021-10-03,1446549779.0,671272119.0,906905324.0,4926969.0,
2021-10-04,1464815703.0,671398568.0,907031773.0,4955797.0,
2021-10-05,1516703486.0,671527019.0,907160225.0,4952982.0,
2021-10-06,1525540439.0,671654121.0,907287326.0,4920052.0,
2021-10-07,1420567043.0,671781385.0,907414591.0,4972188.0,
2021-10-08,1464853825.0,671909546.0,907542751.0,5006233.0,
2021-10-09,1442861479.0,672037625.0,907671058.0,5063115.0,
2021-10-10,1452616262.0,672164781.0,907798239.0,5092549.0,
2021-10-11,1465084146.0,672291796.0,907925254.0,5125785.0,
2021-10-12,1358071610.0,672418819.0,908052277.0,5170866.0,
2021-10-13,1430063528.0,672545986.0,908179444.0,5207235.0,
2021-10-14,1412050290.0,672674228.0,908307686.0,5241220.0,
2021-10-15,1359990473.0,672801752.0,908435371.0,5271292.0,
2021-10-16,1363555610.0,672929157.0,908562835.0,5317558.0,
2021-10-17,1334789734.0,672876032.0,908690250.0,5214732.0,
2021-10-18,1355148589.0,673002229.0,908816519.0,5244548.0,
2021-10-19,1405845214.0,673128091.0,908942396.0,5297877.0,
2021-10-20,1410860795.0,673251374.0,909065727.0,5341973.0,
2021-10-21,1367148602.0,673374628.0,909189025.0,5394477.0,
2021-10-22,1389791155.0,673497153.0,909311550.0,5430036.0,
2021-10-23,1386014717.0,673620643.0,909435382.0,5471097.0,
2021-10-24,1348231527.0,671482589.0,909559733.0,5531794.0,
2021-10-25,1403597409.0,671609742.0,909686886.0,5200603.0,
2021-10-26,1396259039.0,672082575.0,909810038.0,5126516.0,
2021-10-27,1264465770.0,672206257.0,909933774.0,5175274.0,
2021-10-28,1306335184.0,672332030.0,910059660.0,5220767.0,
2021-10-29,1402364989.0,672459768.0,910187397.0,5240866.0,
2021-10-30,1473351711.0,672588040.0,910315669.0,5261596.0,
2021-10-31,1512750969.0,672713665.0,910441438.0,5299100.0,
2021-11-01,1545524662.0,672840839.0,910568617.0,5289955.0,
2021-11-02,1654430435.0,672968106.0,910695886.0,5292030.0,
2021-11-03,1509062185.0,673082445.0,910810225.0,5320814.0,
2021-11-04,1427883370.0,673212978.0,910940759.0,5364950.0,
2021-11-05,1428869178.0,673344390.0,911072192.0,5374473.0,
2021-11-06,1367365714.0,673475835.0,911203782.0,5423357.0,
2021-11-07,1405327320.0,673606784.0,911334731.0,5489333.0,
2021-11-08,1388985521.0,673737653.0,911465600.0,5525823.0,
2021-11-09,1455609914.0,673868422.0,911596404.0,5566474.0,
2021-11-10,1495844206.0,673999109.0,911727091.0,5593897.0,
2021-11-11,1398418620.0,674129952.0,911858236.0,5646676.0,
2021-11-12,1472647760.0,674261699.0,911989987.0,5695242.0,
2021-11-13,1550267881.0,674393560.0,912121848.0,5737804.0,
2021-11-14,1609285392.0,674525177.0,912253624.0,5770961.0,
2021-11-15,1735676980.0,674656622.0,912385085.0,5776097.0,
2021-11-16,1634203133.0,674787788.0,912516259.0,5816557.0,
2021-11-17,1526733577.0,674919488.0,912647963.0,5829560.0,
2021-11-18,1455687337.0,675018298.0,912746782.0,5864162.0,
2021-11-19,1485257951.0,675183133.0,912911618.0,5947335.0,
2021-11-20,1419876318.0,675315092.0,913043576.0,6005756.0,
2021-11-21,1473701060.0,675447258.0,913175860.0,6047437.0,
2021-11-22,1527525802.0,675579425.0,913308145.0,6089119.0,
2021-11-23,1410184376.0,675880051.0,913440352.0,6134595.0,
2021-11-24,1306469760.0,676012407.0,913572709.0,6178412.0,
2021-11-25,1348744813.0,676144677.0,913705006.0,6087850.0,
2021-11-26,1175988603.0,676276355.0,913836954.0,5983727.0,
2021-11-27,1205669583.0,676408608.0,913969270.0,6044600.0,
2021-11-28,1107819863.0,676540886.0,914101570.0,6111546.0,
2021-11-29,1206115802.0,676672813.0,914233576.0,5671044.0,
2021-11-30,1192217775.0,676804912.0,914365692.0,5709053.0,
2021-12-01,1230907851.0,676937418.0,914498216.0,5509146.0,
2021-12-02,1149721741.0,677070009.0,914630831.0,5557665.0,
2021-12-03,1121766708.0,677202792.0,914763636.0,5611610.0,
2021-12-04,890035780.0,677334885.0,914895751.0,5659772.0,
2021-12-05,841206492.0,677468205.0,915029072.0,5712387.0,
2021-12-06,829697288.9368566,677564818.9896234,915166484.9349439,5713276.244358186,
2021-12-07,818188085.8737133,677661432.9792469,915303897.8698878,5714165.488716372,
2021-12-08,806678882.8105699,677758046.9688702,915441310.8048317,5715054.733074559,
2021-12-09,795169679.7474265,677854660.9584936,915578723.7397757,5715943.977432745,
2021-12-10,783660476.684283,677951274.948117,915716136.6747195,5716833.22179093,
2021-12-11,772151273.6211396,678047888.9377403,915853549.6096634,5717722.466149117,
2021-12-12,760642070.5579963,678144502.9273638,915990962.5446073,5718611.7105073035,
2021-12-13,749132867.4948529,678241116.9169872,916128375.4795512,5719500.954865489,
2021-12-14,782333247.8347385,678374206.318572,916261575.9847753,5763552.724566828,
2021-12-15,801925014.896636,678507910.1121141,916395279.7783176,5826229.654794736,
2021-12-16,811316880.293527,678641900.4716078,916529270.1378112,5859142.86318678,
2021-12-17,821895739.135654,678771358.9810182,916658728.5743657,5895718.225927235,
2021-12-18,830764248.749254,678909533.0716795,916796972.2255267,5827716.05966,
2021-12-19,824354192.6408478,679043604.5634764,916931384.7147427,5881021.127965919,
2021-12-20,837119602.4973656,679177609.75586,917065577.3803437,5905965.75662912,
2021-12-21,869914751.8328235,679311845.0781653,917199901.426164,5918278.518699118,
2021-12-22,1007065374.1984128,679439093.4308172,917327149.778816,5544314.027814281,
2021-12-23,1025080494.270934,681777112.9811332,919665411.1247612,7737168.50020637,
2021-12-24,1027119857.3906424,692774819.4202534,922658725.1028978,10666461.314891696,
2021-12-25,1076877434.5200374,693451046.4760822,923335077.5075232,11267234.455889389,
2021-12-26,1061461785.3145556,693440912.4183226,923324996.0260417,11176069.216705589,
2021-12-27,1078702560.652648,693430850.949618,923314964.5445603,10914487.024874512,
2021-12-28,1181800070.114662,693420755.0196091,923304983.0630788,10780735.496769605,
2021-12-29,997429991.308166,693408600.2729794,923293001.5815971,10695259.359492294,
2021-12-30,875397865.072668,693398600.0559844,923283020.100116,10631454.345082343,
2021-12-31,849633591.5276105,693388618.5745028,923273038.6186343,10576302.538352784,
2022-01-01,860974408.7269714,693378615.3525996,923263057.1371528,10512872.771714289,
2022-01-02,875313680.559291,693368633.8711182,923253075.6556714,10448218.085373456,
2022-01-03,850824863.5715362,693358576.1607308,923243094.17419,10300559.248965075,
2022-01-04,837444146.7,693348594.7,923233112.7,10231699.05,3000000.0
2022-01-05,763140254.2,693338506.3,923223131.2,10171554.76,3000000.0
2022-01-06,776016498.7,693909244.5,923213149.7,10118360.34,3000000.0
2022-01-07,725659067.4,693899172.3,923203168.2,10058048.77,3000000.0
2022-01-08,687829352.5,693889136.9,923193186.8,10000263.74,3000000.0
2022-01-09,704535708.6,693879155.4,923183205.3,9943657.43,3000000.0
2022-01-10,656674445.5,693868950.0,923173223.8,9884534.836,3000000.0
2022-01-11,680130866.6349024,693858754.7140949,923163242.3223379,9831507.707279012,3000000.0
2022-01-12,723438483.3906986,693848761.7444661,923153260.8408567,9764731.490803678,3000000.0
2022-01-13,698908076.496853,693838532.3838477,923143279.3593752,9704928.72667591,3000000.0
2022-01-14,719757123.9541408,693828550.9023662,923133297.8778936,9644025.655101247,3000000.0
2022-01-15,736037909.8058997,693818371.4521012,923123316.3964121,9591227.195757987,3000000.0
2022-01-16,734846944.9756979,693808389.9706198,923113334.9149308,9510980.921807395,3000000.0
2022-01-17,686013682.072232,693798408.4891384,923103353.4334493,9455566.988133306,3000000.0
2022-01-18,668691292.9173399,693925877.0089068,923093321.9519677,9367904.661678126,3000000.0
2022-01-19,643179636.6947372,693915854.9571896,923083340.4704863,9302217.827378947,3000000.0
2022-01-20,614042423.9618821,694933641.3898436,923073308.9890049,9181799.677168861,3000000.0
2022-01-21,529156766.3703176,703482718.1704715,923063227.5075232,9062483.283794094,3000000.0
2022-01-22,478671610.67924696,703954976.69024,923053246.0260417,9020278.879042685,3000000.0
2022-01-23,492304208.138616,705944953.7102364,923043264.5445603,8971176.01551898,3000000.0
2022-01-24,470070776.7494684,705946200.2300049,923033233.0630788,8908451.55243683,3000000.0
2022-01-25,479426295.68497306,705935930.3695192,923023201.5815971,8854853.0963369,3000000.0
2022-01-26,485288810.655104,705925898.8880378,923013170.100116,8761010.315438144,3000000.0
2022-01-27,479685827.4970414,705915917.4065564,923003188.6186343,8679783.217955623,3000000.0
2022-01-28,500595298.3890583,705905935.9250749,922993207.1371528,8548193.767215187,3000000.0
2022-01-29,519816534.6021144,705895930.7838635,922983225.6556714,8504835.075853882,3000000.0
2022-01-30,510553909.20822746,705885868.3049399,922973244.17419,8428422.215705672,3000000.0
2022-01-31,532218663.1281766,705875886.8234584,922963262.6927085,8347593.1294061085,3000000.0
2022-02-01,530100168.9685367,705865899.7427529,922953281.211227,8274687.267967073,3000000.0
2022-02-02,499339143.2038013,705855879.314362,922943299.7297456,8214217.881253188,3000000.0
2022-02-03,510758642.48292136,705845897.8328805,922933318.248264,8156784.643959971,3000000.0
2022-02-04,565611682.8127301,705835916.351399,922923336.7667824,8094437.004072605,3000000.0
2022-02-05,584513091.6773204,705825934.8699175,922913355.2853011,8038251.637902613,3000000.0
2022-02-06,605181932.7765794,705815953.388436,922903373.8038197,7984521.14287705,3000000.0
2022-02-07,636429577.2234776,705805713.7519245,922893392.3223379,7858162.161190505,3000000.0
2022-02-08,608553803.5363073,705795732.2704431,922883410.8408567,7789281.910260357,3000000.0
2022-02-09,617408143.1473066,705785750.7889616,922873429.3593752,7683774.661968637,3000000.0
2022-02-10,582895211.0,710293315.8,922863447.9,7587529.401,3000000.0
2022-02-11,548382278.8437444,714800880.7933719,922853466.3964121,7491284.139957531,3000000.0
2022-02-12,541582797.9808891,714790796.7488241,922843384.9149308,7441971.8670494035,3000000.0
2022-02-13,529974157.3859952,714780815.2673426,922833403.4334493,7394433.91524208,3000000.0
2022-02-14,538313117.0440003,724770773.787111,922823371.9519677,7330476.933061849,3000000.0
2022-02-15,574132905.2117769,724760792.3056296,922813390.4704863,7249218.147419074,3000000.0
2022-02-16,601096553.2461716,724813310.8253981,922803408.9890049,7191178.707121445,3000000.0
2022-02-17,535639121.4072029,724803079.3439168,922793177.5075232,7138915.440817322,3000000.0
2022-02-18,523243876.5872274,724792832.7439493,922783146.0260417,7087731.472952991,3000000.0
2022-02-19,506387927.84761614,724782559.9456029,922773164.5445603,7037879.731644822,3000000.0
2022-02-20,486036054.7680358,724772417.4676564,922763183.0630788,6992108.219631052,3000000.0
2022-02-21,450313163.31569296,724774526.3232143,922765395.2648722,6946355.994481675,3000000.0
2022-02-22,468723594.9226457,724861448.3523134,922852538.0374649,6982661.583852289,3000000.0
2022-02-23,464000432.86843,724950857.9527398,922941947.6378912,7021228.442245005,3000000.0
2022-02-24,446293504.3130792,725039427.8814003,923030673.5386776,7071612.469614899,3000000.0
2022-02-25,490811036.4378629,733456604.5572643,923120061.098908,6897413.264703456,3000000.0
2022-02-26,500521534.5183834,733545916.9723411,923209447.2977456,6952835.285452721,3000000.0
2022-02-27,465723350.23732007,733634275.7389693,923297835.2091,6997718.74622076,3000000.0
2022-02-28,514561211.6957687,733724691.3638647,923388283.9357933,7032624.558890247,3000000.0
2022-03-01,531643527.1879658,733812979.1785423,923476619.4933246,7041267.492030532,3000000.0
2022-03-02,519236700.7142676,733902080.2675742,923566085.3933139,7058338.618562487,3000000.0
2022-03-03,496659805.3866416,733992242.6155751,923656405.4196237,7113767.698804281,3000000.0
2022-03-04,458873065.80373377,734081097.3259299,923745789.1416568,7148860.667375674,3000000.0
2022-03-05,471081442.9662858,734166140.0933753,923830940.869972,7203371.467764789,3000000.0
2022-03-06,448996544.3396266,734259813.9606081,923924618.8463511,7263183.031726927,3000000.0
2022-03-07,445246061.92352384,734349061.583228,924013882.6968637,7295031.174169187,3000000.0
2022-03-08,455812919.8776717,734438430.051741,924103251.1624272,7333164.668990029,3000000.0
2022-03-09,602756092.2757511,734523517.013216,924188338.1239024,7278328.622268235,3000000.0
2022-03-10,626657365.1309667,734616032.6219138,924280853.7326,7258271.517156701,3000000.0
2022-03-11,577606730.8055313,734704316.1450573,924369137.2557436,7303412.037373458,3000000.0
2022-03-12,564860742.0064517,734794605.6017338,924459426.7124201,7357691.65202375,3000000.0
2022-03-13,542770097.9975774,734883972.4652603,924548793.5759466,7270640.502780776,3000000.0
2022-03-14,572692044.4862921,734113391.3052994,924638101.6347891,6270235.987266592,3000000.0
2022-03-15,555386780.9440923,734201609.0504029,924726319.3798926,6291187.676703012,3000000.0
2022-03-16,555226812.65153,734292103.5684799,924816813.8979697,6343817.630533296,3000000.0
2022-03-17,547099228.2646375,734381543.4823188,924906253.8118083,6389938.150235163,3000000.0
2022-03-18,575617838.8622937,734470651.2999184,924995361.629408,6439027.065425152,3000000.0
2022-03-19,607000735.4768232,734560016.1015159,925084726.4310056,6438547.109132669,3000000.0
2022-03-20,574681177.7647789,734649478.1455516,925174188.4750413,6483746.108657941,3000000.0
2022-03-21,575248963.9106729,742743549.5326718,925263660.8621618,6525567.0040811,3000000.0
2022-03-22,578041146.4920812,742833104.8506787,925353216.1801683,6572703.406427943,3000000.0
2022-03-23,618874770.6954095,742921603.043608,925441714.3730977,6567820.905379234,3000000.0
2022-03-24,629267399.1992426,743009038.3620659,925529149.6915555,6605090.154591368,3000000.0
2022-03-25,647975039.967123,760562065.3497047,925621554.8982236,6647146.142287573,3000000.0
2022-03-26,672798336.2720058,760651612.5653614,925711102.1138802,6599057.71400715,3000000.0
2022-03-27,728289163.012256,760741159.8936402,925800649.442159,6627202.793073631,3000000.0
2022-03-28,716593157.3601501,760830647.0014384,925890136.5499572,6636095.398555464,3000000.0
2022-03-29,731154162.3415219,760920048.2673441,925979537.8158629,6654047.93299292,3000000.0
2022-03-30,760468358.3811786,761009629.3029063,926069118.8514253,6689678.114089775,3000000.0
2022-03-31,752994791.6265663,761099236.7196126,926158726.2681315,6724873.9096843265,3000000.0
2022-04-01,792792235.1504973,761185260.4250063,926244749.9735249,6735319.154873334,3000000.0
2022-04-02,830031850.5035504,761277925.3539649,926337414.9024835,6768692.424396659,3000000.0
2022-04-03,807007008.0169718,761367570.0994077,926427059.6479266,6806196.648705944,3000000.0
2022-04-04,774012185.7067204,761455889.9140661,926515379.4625849,6828731.5680939,3000000.0
2022-04-05,734064114.6623259,761546475.1398177,926605964.6883364,6875417.663234025,3000000.0
2022-04-06,658251322.7712352,761631833.8642272,926691323.412746,6926338.734450233,3000000.0
2022-04-07,663902150.6575794,761725583.2550766,926785072.8035955,6936343.33932488,3000000.0
2022-04-08,628549661.628034,761815087.3019325,926874576.8504512,6933919.475690086,3000000.0
2022-04-09,651295501.8,761906221.4,926965710.9,6991937.545,3000000.0
2022-04-10,631131977.1907159,761994125.9239471,927053615.4724658,6941041.150483562,3000000.0
2022-04-11,557344480.5671661,762083273.2128965,927142762.7614152,6991349.260937493,3000000.0
2022-04-12,573395999.1032518,762172709.4115456,927232198.9600642,7036539.891499583,3000000.0
2022-04-13,605499946.2670792,762260086.3496323,927319575.898151,7075416.165178922,3000000.0
2022-04-14,582710929.4175587,762345705.1514795,927405194.7783113,7118930.535505264,3000000.0
2022-04-15,594617513.2573054,762438292.53311,927497782.2361904,7170159.27365598,3000000.0
2022-04-16,590695548.4501951,762526853.265077,927586342.9681573,7226547.621130379,3000000.0
2022-04-17,581568298.1867015,762614432.6390778,927673922.3421582,7278649.965015733,3000000.0
2022-04-18,568901641.1221881,762704926.6760926,927764416.3791732,7317597.273714517,3000000.0
2022-04-19,615247678.4546132,762797548.1471678,927857037.8502483,7349485.928486276,3000000.0
2022-04-20,595152927.4766663,762885400.519177,927944890.2222576,7380751.555855296,3000000.0
2022-04-21,597451814.9162703,762975935.0329691,928035424.7360497,7393733.063791117,3000000.0
2022-04-22,606289660.1118196,763074318.5661505,928133808.2692312,7422288.815531746,3000000.0
2022-04-23,605993998.8809866,763171812.500345,928231302.2034256,7474304.166729331,3000000.0
2022-04-24,617388829.7432861,763271454.2161119,928330943.9191923,7444981.826988963,3000000.0
2022-04-25,604037513.7895529,763372067.619681,928431557.3227617,7474074.202961432,3000000.0
2022-04-26,542208382.2018857,763470596.7834882,928530086.4865687,7457050.976439354,3000000.0
2022-04-27,558941605.8882145,763571311.8985971,928630801.6016777,7486737.100288355,3000000.0
2022-04-28,556486409.3443078,771760408.0068897,928728371.8119866,6216675.95173678,3000000.0
2022-04-29,526013579.7822796,771860040.9848663,928828004.7899629,6241426.730624107,3000000.0
2022-04-30,491079020.6446437,771957463.7839987,928925427.5890952,6092720.916115934,3000000.0
2022-05-01,484004915.6149436,772059130.2355794,929027094.040676,6108903.65820111,3000000.0
2022-05-02,486673548.7487055,772160652.6855613,929128616.4906578,6139750.206870344,3000000.0
2022-05-03,491512429.3417808,772258086.8851123,929226050.6902088,6169954.222456459,3000000.0
2022-05-04,544309179.9252038,772359791.0811118,929327754.8862083,6195258.541323846,3000000.0
2022-05-05,497579735.4842688,772459428.4754748,929427392.2805713,6189043.897338369,3000000.0
2022-05-06,482813845.5205152,772554852.5322734,929522816.3373699,6219456.558152891,3000000.0
2022-05-07,468116893.6360702,772654557.9666165,929622521.7717128,6252669.773128811,3000000.0
2022-05-08,499361347.2199629,772758156.6458781,929726120.4509746,6288346.763006271,3000000.0
2022-05-09,454959996.8912434,772856569.2247351,929824533.0298316,6315299.6510861525,3000000.0
2022-05-10,440574273.6734815,772956082.825217,929924046.6231709,6326845.671904216,3000000.0
2022-05-11,297764106.11563206,773054928.8137748,930022892.6117289,6349214.68122538,3000000.0
2022-05-12,258043251.45808685,773150804.423322,930118768.2212758,6357698.288527977,3000000.0
2022-05-13,276246639.3666784,775247686.5438958,930215650.336296,6391533.065930804,3000000.0
2022-05-14,297860479.0359275,775351198.5334579,930319162.3258579,6434970.860457282,3000000.0
2022-05-15,318818917.3899542,775446208.8805633,930414172.6729631,6471791.706476972,3000000.0
2022-05-16,293837000.2259563,775548961.2925619,930516925.0849619,6516450.698289628,3000000.0
2022-05-17,306784404.0645253,775645385.5043588,930613349.2967588,6555088.112037126,3000000.0
2022-05-18,276057639.80813843,775747110.9218909,930715074.7142909,6605705.138545995,3000000.0
2022-05-19,280012763.0549236,775846551.4829814,930814515.2753816,6630706.28567804,3000000.0
2022-05-20,276533250.1059922,775947217.4694307,930915181.2618306,6673008.171888284,3000000.0
2022-05-21,278543113.53262573,776043680.8450072,931011644.6374072,6721868.519391064,3000000.0
2022-05-22,304767610.39423144,776145411.1427097,931113374.9351097,6769305.510166117,3000000.0
2022-05-23,293233366.32949364,776244857.6281762,931212821.4205762,6815920.942321555,3000000.0
2022-05-24,303958121.8529556,776346188.8090707,931314152.6014707,6845608.551572706,3000000.0
2022-05-25,303115269.1553758,776443568.674787,931411532.4671872,6881867.61219762,3000000.0
2022-05-26,282222987.82605565,776545185.2683029,931513149.060703,6906600.66387676,3000000.0
2022-05-27,272107386.76620686,776644502.9708508,931612466.7632511,6947961.354659889,3000000.0
2022-05-28,277719724.4475876,776744065.5572703,931712029.3496704,6988218.834215211,3000000.0
2022-05-29,281721966.4004321,776843726.4443648,931811690.2367648,7031840.48581687,3000000.0
2022-05-30,304771830.6901332,776939172.8904637,931907136.6828638,7044528.535457383,3000000.0
2022-05-31,309975762.0190127,777039744.1720273,932007707.9644274,7076120.793085192,3000000.0
2022-06-01,290463670.3354388,777140284.1752057,932108247.9676061,6979319.705179132,3000000.0
2022-06-02,309207536.9954552,777239623.4805106,932207587.2729106,6999185.428063056,3000000.0
2022-06-03,297620945.4651992,777338223.5732492,932306187.3656492,7020024.567219941,3000000.0
2022-06-04,297676128.8602383,777436890.3811431,932404854.1735432,7044885.481604463,3000000.0
2022-06-05,301569540.58487666,777540746.5107566,932508710.3031566,6925456.162242994,3000000.0
2022-06-06,321485129.0154595,777640364.5981123,932608328.3905123,6921268.759379545,3000000.0
2022-06-07,310423979.5263778,777739613.0787442,932707576.8711443,6960806.213558732,3000000.0
2022-06-08,302093639.03017294,777839269.1380792,932807232.9304792,7002168.327543775,3000000.0
2022-06-09,297822974.254152,777937905.5521854,932905869.3445853,7049710.735397278,3000000.0
2022-06-10,275189561.8169423,778034351.441014,933002315.2334143,7086058.46506969,3000000.0
2022-06-11,251227862.2471258,778135385.0896026,933103348.8820028,7114867.257035456,3000000.0
2022-06-12,229834508.4795839,778232854.2791195,933200818.0715197,7160528.275721358,3000000.0
2022-06-13,196341627.1434932,778335238.6622828,933303202.4546828,7200098.198722101,3000000.0
2022-06-14,203561392.38067815,778435771.9729927,933403735.7653928,7235562.137957936,3000000.0
2022-06-15,218407911.23709467,778535063.9425164,933503027.7349164,7280611.649293514,3000000.0
2022-06-16,197178542.76963985,778634627.809112,933602591.601512,7288118.579478647,3000000.0
2022-06-17,209226164.9171654,778733993.3717562,933701957.1641562,7331582.191987839,3000000.0
