date,Regular Tx,Fees burned,Internal Tx,Internal Event (excluding Tx)
2021-07-21,143004,477.47933550007986,61898,122454
2021-07-22,168567,451.2795285001176,56579,121124
2021-07-23,165965,460.22972675011954,48708,119335
2021-07-24,119193,301.67249700005436,52168,121883
2021-07-25,117523,331.2417230000506,50410,120319
2021-07-26,81816,250.52450749999662,64537,121004
2021-07-27,70623,220.17826949999719,50712,119900
2021-07-28,109859,348.12406500004073,52295,120660
2021-07-29,75411,199.38293624999733,66912,123817
2021-07-30,77599,271.7527912499965,71259,128122
2021-07-31,79087,222.42615250000026,82282,129606
2021-08-01,77553,233.34541149999694,58748,119038
2021-08-02,77368,264.9543754999995,59852,119988
2021-08-03,76195,176.25959699999996,55978,126426
2021-08-04,72295,248.35787074999988,52590,121005
2021-08-05,78731,206.1081189999947,51343,123914
2021-08-06,75169,165.71147274999998,49782,118154
2021-08-07,73663,155.26401725000014,47744,118250
2021-08-08,69261,171.1568237499966,39975,114454
2021-08-09,79650,267.16246649999897,61646,115575
2021-08-10,76777,187.73221238749957,56339,119018
2021-08-11,77732,195.78217899999999,55513,111962
2021-08-12,74940,193.39940074999814,49916,117175
2021-08-13,78913,158.6789664999997,46382,115254
2021-08-14,74349,240.1883940000052,45983,113159
2021-08-15,78830,162.21264525000126,55432,117820
2021-08-16,82095,229.00140474999392,66814,115528
2021-08-17,81165,557.8700350000148,75127,123433
2021-08-18,75064,190.95530799999923,57320,122065
2021-08-19,74842,177.30278049999896,63429,124161
2021-08-20,75387,150.84742325,48008,113553
2021-08-21,88364,186.6111564999949,66192,117206
2021-08-22,87795,218.68913975000584,54756,112399
2021-08-23,82072,339.06216375001037,70874,121235
2021-08-24,85619,247.72932374999965,80701,123395
2021-08-25,81503,225.9578434999994,74020,126780
2021-08-26,79446,343.7217117499991,96044,114774
2021-08-27,74750,222.19650049999933,64626,118576
2021-08-28,71690,166.3985530499998,55339,117418
2021-08-29,75080,165.9373020000003,57336,119599
2021-08-30,80350,232.43519508749898,73690,124196
2021-08-31,150073,879.8939848749884,444607,133757
2021-09-01,141903,803.8290711249928,455202,138733
2021-09-02,119046,636.5637704374969,404773,132260
2021-09-03,121460,583.4466315125002,385472,131511
2021-09-04,106017,496.1547238500003,302544,128944
2021-09-05,111443,679.5648254999924,319064,137599
2021-09-06,111273,743.369024074999,319854,130449
2021-09-07,111022,613.6418042999992,320726,140243
2021-09-08,99640,519.897248050002,275421,134717
2021-09-09,97941,460.11754650000245,267471,128685
2021-09-10,114849,515.0859752500025,305657,133648
2021-09-11,92158,360.8177375000015,232006,124398
2021-09-12,96937,382.05159250000077,237439,127970
2021-09-13,111138,579.485284212501,303603,141334
2021-09-14,103736,509.8592354999976,266858,129376
2021-09-15,95646,438.0354907999991,239005,122815
2021-09-16,96468,626.0761180999978,223204,126476
2021-09-17,92159,725.5807631874947,225735,126164
2021-09-18,88075,316.3473717499998,190782,125262
2021-09-19,87862,325.2536912999994,201857,120103
2021-09-20,105485,515.6544185000026,258667,133551
2021-09-21,87602,356.86042299999957,170917,124486
2021-09-22,82576,283.1499985000003,156367,121588
2021-09-23,87152,401.3402163000007,173278,126639
2021-09-24,84261,329.0945184625004,161172,127338
2021-09-25,77320,240.10451349999983,129311,123673
2021-09-26,78126,282.1922940499989,120603,120147
2021-09-27,87386,349.2178197499991,136367,122426
2021-09-29,75447,234.6061702999986,124403,119384
2021-09-30,84923,336.4486390749987,160339,121741
2021-10-01,96207,430.4394270000023,215850,130528
2021-10-02,84405,288.8029827499988,165398,123541
2021-10-03,92418,339.03833024999955,179032,123385
2021-10-04,91633,342.7004677624995,190305,121374
2021-10-05,92755,399.3054267499993,187084,121802
2021-10-06,86171,372.84784629999876,176440,121584
2021-10-07,85436,327.8125825000005,166791,120960
2021-10-08,84575,290.55031325,156972,121413
2021-10-09,82583,311.2125752500006,153671,121098
2021-10-10,101820,415.9904060499969,190121,135233
2021-10-11,102211,418.18708799999894,209726,134358
2021-10-12,92318,396.49186324999886,183540,130779
2021-10-13,79365,264.8094557499996,130373,119670
2021-10-14,79974,252.08007154999933,113153,124227
2021-10-15,83875,389.0655294999999,133576,128829
2021-10-16,81459,278.16653949999875,122178,128026
2021-10-17,80820,256.5967262999999,118348,124046
2021-10-18,90365,321.93772599999915,147841,121263
2021-10-19,76938,237.3320630499997,105636,114515
2021-10-20,77918,248.4850772999994,116482,119507
2021-10-21,85930,340.2547717999996,151501,126975
2021-10-22,75749,269.2494592499998,110746,117342
2021-10-23,73763,218.84612074999941,99811,116235
2021-10-24,72547,202.97332079999984,96990,111395
2021-10-25,91918,359.5144929999999,161956,116229
2021-10-26,85097,247.6330097999997,118425,108028
2021-10-27,79477,321.9245818000005,139851,112591
2021-10-28,71868,201.03403099999943,91260,105460
2021-10-29,70733,179.43817749999948,75794,100669
2021-10-30,66234,135.89215529999998,71006,103602
2021-10-31,73651,165.3312580000006,87390,104583
2021-11-01,79886,235.98383549999954,119259,108022
2021-11-02,76190,192.23764560000004,96398,105553
2021-11-07,76190,192.23764560000004,96398,105553
2021-11-08,81459,272.157762,119587,109175
2021-11-09,76197,218.99669199999977,107377,113126
2021-11-10,74848,282.711313262498,99156,107712
2021-11-11,72398,198.0069989999993,87079,110387
2021-11-12,72947,169.18006049999946,78784,108980
2021-11-13,75933,187.69176799999923,90458,114722
2021-11-14,79027,182.5379967500002,94039,109779
2021-11-15,90916,333.56841249999894,149740,114690
2021-11-16,83645,323.189728499999,115888,115356
2021-11-18,78090,271.79493449999956,109380,106213
2021-11-19,72622,215.50506224999927,84242,106995
2021-11-20,70598,224.7052462499989,84900,107966
2021-11-21,76834,193.83346624999976,90464,104975
2021-11-22,82017,301.13143874999935,118866,106811
2021-11-23,76237,268.94671549999947,87145,104539
2021-11-24,73414,220.08565849999945,87412,107997
2021-11-25,77555,251.11642000000072,105396,110243
2021-11-26,83425,386.1023197499987,146837,106994
2021-11-27,72094,185.6892012499994,81212,108812
2021-11-28,75675,210.0311489999989,92830,105693
2021-11-29,84230,412.3856474999964,104238,105628
2021-11-30,72904,330.43089549999564,76153,106824
2021-12-01,69771,160.24253649999935,67125,106993
2021-12-02,70648,222.1532787499996,69008,108528
2021-12-03,68384,161.91174874999962,62436,105013
2021-12-04,87928,492.63985650000023,131380,107007
2021-12-05,72145,197.27830799999998,73959,105123
2021-12-06,91940,442.1014582499933,130561,109382
2021-12-07,72845,218.55343174999922,68814,106455
2021-12-08,69424,151.77340250000026,57283,105331
2021-12-09,65832,178.16451625000056,54459,101018
2021-12-10,75380,203.86055250000214,72978,116927
2021-12-11,68704,139.3815940000013,52844,107771
2021-12-12,75112,171.9295167500011,51263,108031
2021-12-13,88237,300.7937482499936,93431,118492
2021-12-14,80955,249.1255042499963,73349,113257
2021-12-15,79500,238.2031067499939,60407,111861
2021-12-16,79747,189.3113592499951,55021,111187
2021-12-17,80908,237.54142100000016,70224,121214
2021-12-18,72172,191.2912517500011,77925,126380
2021-12-19,75646,208.83284725000044,89641,121503
2021-12-20,88797,283.2747330000013,111251,123615
2021-12-21,87192,286.73271362500014,92682,125262
2021-12-22,91593,1206.9728841874976,128036,131268
2021-12-23,89588,1303.0566309749931,131134,89850
2021-12-24,82683,734.099732624997,92445,78840
2021-12-25,75239,462.2583707499977,67468,69622
2021-12-26,79474,654.1683614374967,87128,70230
2021-12-27,98046,1071.3810962624993,123816,83161
2021-12-28,104819,2129.790026124996,164060,73304
2021-12-29,104454,3303.2124935625075,219346,67893
2021-12-30,87833,916.194128887497,89893,71095
2021-12-31,80075,720.8215839374994,79256,72128
2022-01-01,77478,499.2918659374976,67839,70227
2022-01-02,77843,655.9405005999981,71245,65917
2022-01-03,85033,771.8817621749985,91693,70333
2022-01-04,82135,704.162317937498,83600,79010
2022-01-05,79395,798.0726049874967,77209,68165
2022-01-06,87586,710.4428392625005,84091,68907
2022-01-07,79910,1124.416486887499,92071,71077
2022-01-08,82669,930.7108102749976,102714,71683
2022-01-09,82815,684.4406900499979,85234,78712
2022-01-10,91441,1092.2941131125021,105224,83501
2022-01-11,82647,728.9428040874938,72355,67561
2022-01-12,83073,745.5493911874985,85889,79323
2022-01-13,77384,583.9877546749976,67791,68812
2022-01-14,79152,698.5351721999972,74791,75039
2022-01-15,76024,483.9872888374973,65577,72678
2022-01-16,74450,498.46639339999706,64706,72561
2022-01-17,77387,773.5094685499964,75443,68604
2022-01-18,78202,824.8487122624986,80058,67031
2022-01-19,77981,545.5583204624967,72897,68468
2022-01-20,81754,789.234463224997,97568,70467
2022-01-21,90302,1863.478965912495,133681,66781
2022-01-22,107308,4178.827266662507,261450,70767
2022-01-23,85386,1102.6740064499982,102375,67940
2022-01-24,89534,1553.2295255999954,112797,75541
2022-01-25,80914,860.124345487497,84400,73151
2022-01-26,74709,819.1309707624972,71938,63864
2022-01-27,72712,731.9053712874969,65179,65331
2022-01-28,73207,689.5912397624975,63291,64648
2022-01-29,72878,644.6783814374962,63750,67581
2022-01-30,73227,542.6619924624991,61314,64549
2022-01-31,78394,825.7365688625139,77422,65086
2022-02-01,75358,701.097911162501,70405,62363
2022-02-02,73735,636.9858384999974,67019,66034
2022-02-03,78148,679.4642100374977,71226,69424
2022-02-04,77814,623.8483125749981,69025,67686
2022-02-05,72157,472.9033465874978,64156,67924
2022-02-06,78441,569.399447824999,72952,67998
2022-02-07,75933,687.9181345374968,71939,64354
2022-02-08,81002,977.3293252999858,68442,64538
2022-02-09,72850,544.4926616624982,58694,64948
2022-02-10,72850,544.4926616624982,58694,64948
2022-02-11,70528,566.6012779374984,57292,63259
2022-02-12,71839,435.744434074998,57634,63593
2022-02-13,80159,411.1552321374949,66088,63421
2022-02-14,69933,447.03943271249807,55219,62677
2022-02-15,73665,562.4086228999984,60228,61989
2022-02-16,71299,455.3699941374981,53928,65309
2022-02-17,72172,499.1101419499985,57550,68407
2022-02-18,71023,536.9977873124959,64793,67913
2022-02-19,67206,448.10126092500025,58385,61757
2022-02-20,67351,579.8747695250005,61039,61310
2022-02-21,73258,670.386626250001,74602,69258
2022-02-22,75586,677.5486692249993,71000,69167
2022-02-23,67263,426.9816168874999,52932,61083
2022-02-24,72982,1007.7151910624965,81432,59977
2022-02-25,67140,476.45981859999955,50531,61317
2022-02-26,62405,435.40816626249944,50144,58979
2022-02-27,67437,474.9596724000009,65805,62473
2022-02-28,69836,494.4207531874996,66675,62186
2022-03-01,68098,524.8087078375002,68605,64117
2022-03-02,63433,403.0649004249997,52158,63292
2022-03-03,62249,382.46641458749986,54598,62636
2022-03-04,62560,436.96130221249905,51511,61857
2022-03-05,59498,328.33087073749886,44215,58012
2022-03-06,62237,309.49624578749996,48892,60823
2022-03-07,63759,403.5384929375013,57965,60722
2022-03-08,68703,438.90225898749975,62227,62337
2022-03-09,66140,642.5419682999998,65101,58686
2022-03-10,76155,1320.710153450002,92801,52936
2022-03-11,60414,374.52731478749996,51492,62322
2022-03-12,64830,367.80795502500024,49638,56785
2022-03-13,62291,487.25539156250113,53815,64432
2022-03-14,63409,478.4749989499992,53149,57185
2022-03-15,65433,532.8855580499992,63315,64030
2022-03-16,61678,385.33027010000006,51966,64226
2022-03-17,62434,334.7494549874999,54637,65569
2022-03-18,62349,368.04730502500007,55381,63562
2022-03-19,61301,399.37186902500036,48074,61176
2022-03-20,61101,389.59699392499965,48979,63718
2022-03-21,62942,428.8801322250006,54877,62636
2022-03-22,64828,364.0819187124998,54763,61240
2022-03-23,63164,316.14734560000085,57709,64775
2022-03-24,63164,316.14734560000085,57709,64775
2022-03-25,63164,316.14734560000085,57709,64775
2022-03-26,61405,214.87688707500087,54226,63982
2022-03-27,64833,314.55484806250064,62190,62507
2022-03-28,67325,314.0050145750001,72405,63410
2022-03-29,66632,316.7262661750001,66477,58605
2022-03-30,61310,242.73771748750138,46282,58577
2022-03-31,64691,288.2012493499981,62456,66484
2022-04-01,64534,410.260537149999,61106,61109
2022-04-02,60387,228.49554179999996,50052,58822
2022-04-03,61399,255.95470998750017,51293,62613
2022-04-04,64319,336.2124776625004,68129,62572
2022-04-05,64452,311.6313169000007,54736,59926
2022-04-06,63057,345.9528715624995,61103,63773
2022-04-07,61399,290.13493379999994,54179,58932
2022-04-08,62120,288.92667608749974,52810,64103
2022-04-09,58358,213.55600387500004,41659,56236
2022-04-10,58862,236.00651938749994,45164,60665
2022-04-11,64920,355.32778651249987,64711,61523
2022-04-12,66490,276.63294527500034,51915,60855
2022-04-13,67655,356.76053322499547,54163,76618
2022-04-14,69727,296.9892738124967,57780,73932
2022-04-15,74573,376.8062395249992,55883,66598
2022-04-16,62791,299.33910616249875,41708,65430
2022-04-17,58299,223.00978628750002,38168,56388
2022-04-18,62656,268.1476150124998,46884,53202
2022-04-19,69783,337.43199986249977,61294,63063
2022-04-20,61715,731.9487201000015,41521,55445
2022-04-21,67945,330.29121552499913,58033,69197
2022-04-22,60187,440.7975132125005,40036,54331
2022-04-23,64864,280.2264878749984,57855,59663
2022-04-24,62429,275.5239008499975,46058,67046
2022-04-25,62833,270.4648280249998,44809,57480
2022-04-26,65945,274.83522221249984,49718,53982
2022-04-27,58334,189.29263042500003,33243,53870
2022-04-28,61777,207.94410887499916,51197,52895
2022-04-29,62336,214.9518574624997,54309,53393
2022-04-30,59454,246.83947346250008,41505,52007
2022-05-01,57882,275.384104275,41351,50898
2022-05-02,59815,247.89122322499983,41159,54901
2022-05-03,64425,285.48928811249965,54194,58119
2022-05-04,58693,279.69534736249983,42762,57812
2022-05-05,58411,261.14797245,47435,57511
2022-05-06,60103,286.7482696000003,41149,60136
2022-05-07,57498,174.3791375500001,32968,55341
2022-05-08,58824,282.38614976249994,44057,55041
2022-05-09,60812,345.15498657500007,65965,56236
2022-05-10,65789,345.0737036000004,59354,55587
2022-05-11,84579,1704.5639889624936,181872,54691
2022-05-12,82389,1452.6144667749932,132745,54154
2022-05-13,60681,473.53099052500005,62848,54088
2022-05-14,56770,239.50962875000005,34152,49426
2022-05-15,55941,222.99178034999971,42710,54987
2022-05-16,56494,216.7042894499999,41223,58135
2022-05-17,55476,226.06686126250003,39102,56961
2022-05-18,58015,248.85444141250002,40995,54052
2022-05-19,59806,245.41552239999993,46610,55976
2022-05-20,55889,177.48492404999985,34709,55830
2022-05-21,53930,141.66976547499996,29413,55042
2022-05-22,56689,195.09633550000015,35469,57071
2022-05-23,55935,251.98259669999993,38406,54949
2022-05-24,70857,242.9622783750041,40069,65287
2022-05-25,56220,234.06294052500007,32826,56872
2022-05-26,57434,208.20222121249995,38247,54891
2022-05-27,57054,355.2251507874958,36777,56400
2022-05-28,54567,127.83516250000004,29941,55429
2022-05-29,55726,159.4170383499999,34760,59211
2022-05-30,57560,194.71631007500005,35525,54803
2022-05-31,63142,274.32064421250044,45399,55915
2022-06-01,55681,287.74028277499974,30683,52795
2022-06-02,58808,293.1096706874999,37971,55685
2022-06-03,57211,209.37884090000014,33168,54496
2022-06-04,55028,148.87244854999992,28943,54528
2022-06-05,54330,126.0557240625,25778,52607
2022-06-06,53643,229.67914394999985,29653,52277
2022-06-07,66018,293.35319537500027,48293,60563
2022-06-08,59157,250.0955277125004,35216,62846
2022-06-09,58740,242.51979477499972,33530,62920
2022-06-10,56212,195.27889505000016,31438,55552
2022-06-11,55803,216.23162970000016,32980,53362
2022-06-12,56548,280.9615328375001,36834,55630
2022-06-13,66759,601.1438191500023,60997,56706
2022-06-14,58413,280.2550671124996,38596,54923
2022-06-15,60917,421.26040482499945,39414,59165
2022-06-16,57710,248.96931097499964,30560,62407
2022-06-17,61184,320.71623276249954,31281,71432
2022-06-18,56030,266.16019146249965,31944,59900
2022-06-19,63206,277.15891543749945,34271,68737
2022-06-20,60893,322.8372874749995,38929,68157
2022-06-21,59520,303.5653094624996,38565,62915
2022-06-22,57987,395.6493690374996,27749,60420
2022-06-23,57572,216.98156311249963,25447,56858
2022-06-24,55043,201.58563142499972,26963,52488
2022-06-25,53166,223.11388311249974,24186,51913
2022-06-26,55880,267.3596702499997,34072,58375
2022-06-27,56296,282.0147892249997,31699,54712
2022-06-28,55647,252.7452524124997,30830,52764
2022-06-29,54093,176.9835642249997,25846,52675
2022-06-30,54359,292.6025846124997,28851,52718
2022-07-01,53012,234.67814053749973,24696,52478
2022-07-02,51750,165.95199342499976,22089,50811
2022-07-03,54065,168.33864024999968,26359,56091
2022-07-04,57073,232.2217144624997,37989,65177
2022-07-05,57097,218.45551173749965,33073,61101
2022-07-06,57996,218.7242033249995,37443,66946
2022-07-07,56276,201.83648829999962,32595,61040
2022-07-08,55411,213.08686819999966,29213,57399
2022-07-09,52732,197.24154499999972,23386,54113
2022-07-10,53539,192.56948056249968,29582,54447
2022-07-11,55394,228.55769224999966,30115,59554
2022-07-12,58775,1130.7155947999995,225470,63159
2022-07-13,58396,387.0451069624996,47310,65949
2022-07-14,55540,290.83801637499965,39010,61261
2022-07-15,58442,288.26938111249956,38908,63371
2022-07-16,52325,215.18883073749973,28689,54115
2022-07-17,52938,196.8904029124997,29576,53338
2022-07-18,55400,328.3281774374996,37012,54232
2022-07-19,55555,314.2345233374997,35172,53316
2022-07-20,56741,385.4299680124996,37637,60375
2022-07-21,56804,428.8395177999996,36607,59170
2022-07-22,57734,357.6889839624996,39099,65341
2022-07-23,55357,286.9156739624996,31007,57989
2022-07-24,54097,248.12969438749968,29963,58438
2022-07-25,69730,409.46834971249933,35438,56353
2022-07-26,57394,345.5691886874996,35669,64470
2022-07-27,56019,342.25040349999966,28254,55491
2022-07-28,56715,347.6316646374997,31296,53311
2022-07-29,56313,324.49737851249967,28394,51496
2022-07-30,56400,354.58098282499964,31122,57380
2022-07-31,55187,365.26281913749966,38145,58197
2022-08-01,55361,420.5108557874997,39614,57048
2022-08-02,55796,371.78374983749967,34642,55580
2022-08-03,54183,381.07676853749973,33493,56126
2022-08-04,63328,375.18051736249924,38832,55615
2022-08-05,53591,382.58200647499973,31596,56083
2022-08-06,54330,297.57721909999964,32155,56667
2022-08-07,53209,243.09251247499972,27584,54849
2022-08-08,54699,318.9384630624997,32868,56119
2022-08-09,53909,367.55302106249974,34770,55556
2022-08-10,54204,263.9270418624997,28949,54087
2022-08-11,54774,320.4635251999997,34676,56569
2022-08-12,54204,378.6534797499997,31147,54566
2022-08-13,52444,244.07154567499975,26310,53964
2022-08-14,52299,233.53377761249976,25545,52865
2022-08-15,53292,367.3294631374997,32924,55722
2022-08-16,54427,524.5691231124997,29355,54468
2022-08-17,55404,432.4836772999997,33576,58422
2022-08-18,55601,240.18349432499969,32821,60769
2022-08-19,56263,775.8407254499997,41144,59088
2022-08-20,57529,474.5361817999996,40769,58050
2022-08-21,53563,273.2370834874997,30826,55662
2022-08-22,55408,694.4148929249997,36587,54951
2022-08-23,56955,351.43772654999964,33646,54498
2022-08-24,54538,331.5679422874997,30705,56247
2022-08-25,55864,328.3598569499997,38804,61656
2022-08-26,57323,389.48825858749973,35768,60687
2022-08-27,55427,401.0108723999997,32494,57593
2022-08-28,54338,240.21155406249972,27780,54414
2022-08-29,53935,331.4692516874997,29677,56748
2022-08-30,56570,370.61438956249964,40075,60224
2022-08-31,55516,376.8605501874997,30426,59209
2022-09-01,56000,271.92098832499966,33920,58785
2022-09-02,54357,241.9319727999997,29307,57774
2022-09-03,50465,183.5289811249998,22142,53599
2022-09-04,52734,209.88261183749975,26690,54652
2022-09-05,55180,283.18999684999966,31798,55624
2022-09-06,55161,342.8917369499997,36940,57671
2022-09-07,54262,668.5801527249997,27909,54731
2022-09-08,53483,419.2577900999997,25354,49156
2022-09-09,56254,641.7907132999997,63921,61277
2022-09-10,52990,295.39882124999974,31016,55337
2022-09-11,55620,281.8034730249996,29062,55670
2022-09-12,52943,317.06068123749975,29186,54636
2022-09-13,54802,353.0095048499997,28619,53492
2022-09-14,52283,459.52142667499976,23999,53670
2022-09-15,53992,431.02498437499975,26533,55508
2022-09-16,51905,228.9571966499998,23345,53796
2022-09-17,52670,202.29298789999973,22000,52947
2022-09-18,53384,256.7586805999997,24797,53286
2022-09-19,60324,320.2988165999996,26444,53469
2022-09-20,52969,369.11432416249977,25104,53355
2022-09-21,53587,351.1602213374997,26244,54190
2022-09-22,53251,319.98022502499975,26980,54968
2022-09-23,53592,277.1518774999997,25127,55071
2022-09-24,51758,219.56697004999975,23912,54742
2022-09-25,52984,204.1722010749997,23218,53172
2022-09-26,54235,281.9612858249997,28819,56335
2022-09-27,54107,305.6677038249997,27464,54053
2022-09-28,52371,255.59629596249977,21610,53312
2022-09-29,53365,205.61118356249975,22557,54454
2022-09-30,52821,196.08558981249973,21717,54427
2022-10-01,51472,174.82154069999976,20458,53670
2022-10-02,52802,185.59813133749972,22542,52672
2022-10-03,53369,232.32277041249966,27609,57165
2022-10-04,54885,325.47213194999966,32047,58839
2022-10-05,53528,208.0598775124997,22607,56133
2022-10-06,52684,187.41676169999974,21874,54807
2022-10-07,52250,187.21928618749976,20212,54163
2022-10-08,51300,185.76604319999976,19877,55074
2022-10-09,51628,170.17564966249972,20170,53091
2022-10-10,51269,230.84950841249977,21614,53595
2022-10-11,53408,228.01322313749975,22538,53247
2022-10-12,51668,205.99616148749976,21902,54948
2022-10-13,53100,346.39987422499973,28154,54448
2022-10-14,53383,197.19968661249973,16668,48925
2022-10-15,51130,136.48680011249976,16905,52358
2022-10-16,52580,187.6155427749997,22210,52690
2022-10-17,54578,262.2074535874997,25617,53454
2022-10-18,53392,231.8591426749997,24208,53541
2022-10-19,55103,316.3949933374997,26138,53792
2022-10-20,51787,241.54583002499976,20460,53275
2022-10-21,52971,210.31199294999973,22258,53898
2022-10-22,50345,204.85722491249982,18160,52275
2022-10-23,52934,181.79741686249972,20412,52638
2022-10-24,54335,215.85742967499968,24285,56566
2022-10-25,62914,322.3989315499993,29449,54304
2022-10-26,53889,268.8120486499997,24858,54510
2022-10-27,53028,234.2112917749997,22114,52666
2022-10-28,52570,282.91187924999974,21914,52991
2022-10-29,52981,240.6769922249997,22585,53511
2022-10-30,52954,206.3526926374997,21495,52540
2022-10-31,56873,450.0615259749996,28964,52732
2022-11-01,53857,301.44333997499973,24902,52759
2022-11-02,53988,327.6758215999997,25678,53641
2022-11-03,52570,244.74748113749976,22673,52625
2022-11-04,54075,260.21903953749967,24099,53883
2022-11-05,52337,224.00533637499976,21352,51457
2022-11-06,53881,231.88234842499966,23007,51769
2022-11-07,54395,337.3321207374997,24123,53238
2022-11-08,58524,766.3357483999996,42306,52279
2022-11-09,61230,1039.6996637749996,48071,50553
2022-11-10,54127,312.9587058999997,23598,51335
2022-11-11,52941,241.94728569999975,21102,51430
2022-11-12,52593,236.3652673624997,23748,53600
2022-11-13,54131,263.44016527499974,22951,51860
2022-11-14,53656,278.19858504999974,22013,51916
2022-11-15,53393,262.40930951249976,22598,51452
2022-11-16,53277,304.1181740374997,21347,52494
2022-11-17,51862,199.36872352499975,19283,52827
2022-11-18,51445,238.87762133749976,16534,51095
2022-11-19,51368,184.3760526124998,15736,50398
2022-11-20,53422,210.41969361249969,20201,50381
2022-11-21,52018,251.69068653749977,17524,50828
2022-11-22,52285,275.9272066499998,21805,53151
2022-11-23,51528,268.7133642749998,19034,54093
2022-11-24,51751,195.48440343749976,18937,52919
2022-11-25,51274,244.24191997499977,19806,54740
2022-11-26,50667,174.10999271249977,18903,54172
2022-11-27,51574,165.04683096249977,18534,52543
2022-11-28,52097,289.56059422499976,18472,52966
2022-11-29,52080,274.88513031249977,21166,52785
2022-11-30,56656,567.7681965749997,34417,54846
2022-12-01,51578,218.87313654999977,19449,52732
2022-12-02,51517,222.53779413749976,19157,53316
2022-12-03,48872,193.6530974249998,14743,52486
2022-12-04,51900,213.60998449999974,19249,52176
2022-12-05,50748,240.1649861999998,17557,53288
2022-12-06,50930,194.80369971249976,17600,52074
2022-12-07,50935,241.73378541249977,14256,48102
2022-12-08,50895,182.45868737499978,12950,47126
2022-12-09,51307,180.36110073749975,14482,49175
2022-12-10,51614,157.10916803749976,13656,48425
2022-12-11,51425,167.66454633749973,15625,48647
2022-12-12,51168,170.00325829999977,13059,47855
2022-12-13,51618,221.6731417874998,15360,47582
2022-12-14,51484,242.13704252499977,13456,47704
2022-12-15,51048,180.88693971249978,11701,47394
2022-12-16,52947,296.0051613874997,19522,50860
2022-12-17,50127,193.3276240374998,12907,46663
2022-12-18,51952,169.71942287499974,17935,51806
2022-12-19,51019,230.01107386249979,19578,52378
2022-12-20,52320,237.53244668749974,18149,50393
2022-12-21,51419,154.88386156249976,13385,47863
2022-12-22,51733,196.79753991249976,18334,52097
2022-12-23,50642,193.8969889999998,15334,49584
2022-12-24,49473,140.88312541249982,15511,52191
2022-12-25,49932,163.73398673749978,17160,53776
2022-12-26,52910,189.87783507499972,21165,54321
2022-12-27,51551,246.37047488749977,20482,53940
2022-12-28,51901,193.15368024999975,20815,54502
2022-12-29,51499,253.80293824999978,18635,54540
2022-12-30,52243,192.75687317499978,17373,53230
2022-12-31,50174,166.99090107499984,15539,52497
2023-01-01,51020,153.72253574999982,17979,52306
2023-01-02,51099,227.93462132499985,19328,54236
2023-01-03,51559,253.08511018749982,19691,52835
2023-01-04,50262,184.56733588749984,17559,52839
2023-01-05,50887,157.45411229999988,16281,52565
2023-01-06,50284,185.73569947499988,17555,52815
2023-01-07,49476,148.65813321249988,15506,51628
2023-01-08,37097,152.8537331374999,12859,35626
2023-01-09,54233,334.54131531249976,27854,56339
2023-01-10,52087,259.5130224499998,26147,56995
2023-01-11,51653,170.60774911249985,14783,48278
2023-01-12,52140,253.17687288749985,28750,59081
2023-01-13,52408,195.4854811999998,24112,56131
2023-01-14,50816,221.28696167499984,21551,51537
2023-01-15,52890,224.53054061249978,22561,51607
2023-01-16,51105,204.33817237499989,18175,51625
2023-01-17,51938,214.50762428749985,19888,51803
2023-01-18,50748,235.56281049999984,17920,50735
2023-01-19,58591,177.46350023749986,17013,51363
2023-01-20,50837,183.21145253749987,18349,52200
2023-01-21,56408,930.0614941999995,31827,51028
2023-01-22,57009,367.1901868874995,19138,51043
2023-01-23,50317,268.60835334999985,19039,51810
2023-01-24,59712,729.3115444999997,33265,51861
2023-01-25,52738,272.67189066249983,20423,54670
2023-01-26,51848,175.46434411249984,11937,48042
2023-01-27,51690,209.28751846249983,17969,53598
2023-01-28,54566,164.68673213749977,20461,55636
2023-01-29,54314,203.17286292499975,18790,52524
2023-01-30,54685,251.8815365999998,19214,54331
2023-01-31,52740,197.74919659999983,16375,52433
2023-02-01,53898,192.57516537499976,16629,52291
2023-02-02,51659,234.60295681249985,15005,50923
2023-02-03,51868,142.59930393749985,13449,50765
2023-02-04,49910,133.54091688749986,12841,50279
2023-02-05,51723,234.85149646249982,17034,50640
2023-02-06,52784,267.5653042499998,19535,51303
2023-02-07,51265,144.44127828749987,13007,50469
2023-02-08,50577,168.38424143749987,13291,50623
2023-02-09,50059,167.8427474624999,14441,50203
2023-02-10,50659,134.9165342874999,12863,50873
2023-02-11,48785,104.3657318624999,10941,49632
2023-02-12,50472,154.06200827499987,14004,50334
2023-02-13,50222,181.25702786249988,14667,50267
2023-02-14,50933,207.12171338749988,15225,51106
2023-02-15,51000,224.77405301249988,16310,51226
2023-02-16,51086,188.10694788749987,14904,50464
2023-02-17,50991,170.3564167249999,14178,50047
2023-02-18,49742,153.50898792499987,13375,49721
2023-02-19,50325,137.63838282499987,14170,50205
2023-02-20,52111,390.53993633749985,18273,51535
2023-02-21,51378,241.14161494999988,17722,50768
2023-02-22,50663,183.18067579999985,14189,50699
2023-02-23,52978,658.2393300124999,26940,50653
2023-02-24,51322,274.7320771874999,19470,50519
2023-02-25,50718,258.37632536249987,16933,49814
2023-02-26,49458,198.27526993749987,16498,51210
2023-02-27,51935,211.10271778749984,17600,50964
2023-02-28,52230,283.2538157249998,20067,51562
2023-03-01,50595,239.62178098749987,15100,49920
2023-03-02,50347,234.69256993749988,16006,50803
2023-03-03,49686,210.6000217999999,14979,50225
2023-03-04,49259,150.8709040124999,13071,49630
2023-03-05,48950,145.1341349624999,13227,49943
2023-03-06,51488,217.00511872499985,16729,50750
2023-03-07,50385,212.4310529749999,15370,50358
2023-03-08,50457,252.9061073874999,16802,51290
2023-03-09,50829,205.19000046249985,15890,50388
2023-03-10,50642,217.8583341749999,16309,50635
2023-03-11,51589,261.39663843749986,17748,49911
2023-03-12,49516,191.2848763749999,16407,50066
2023-03-13,52377,234.31418569999983,19311,51161
2023-03-14,51395,291.92476382499984,20349,51295
2023-03-15,50338,233.89142479999987,17209,50782
2023-03-16,50225,131.08200983749987,8495,44896
2023-03-17,50525,225.66861799999987,16622,50075
2023-03-18,49385,186.08493893749989,15481,50676
2023-03-19,50113,276.84834831249987,18044,50093
2023-03-20,52235,223.4175714624998,18959,51098
2023-03-21,51026,242.69501193749988,17654,50823
2023-03-22,50463,173.75562304999988,14275,50433
2023-03-23,49957,171.2049493999999,13726,49795
2023-03-24,50319,176.1502507624999,14750,50492
2023-03-25,49080,140.4062806874999,12729,49595
2023-03-26,49484,166.1927598374999,14273,50536
2023-03-27,51332,226.99353601249987,16881,50477
2023-03-28,50806,205.26287843749986,16996,51105
2023-03-29,50250,193.56831468749988,15251,50187
2023-03-30,49924,152.11166128749989,13624,50207
2023-03-31,51385,235.58759238749988,19154,51352
2023-04-01,58658,620.5203313624999,34801,50696
2023-04-02,51891,323.7964962999999,17923,49902
2023-04-03,55932,601.7502669749998,23689,50352
2023-04-04,59277,890.4230541624999,38249,50994
2023-04-05,57733,634.2963642249998,32931,51011
2023-04-06,53550,429.4414724874999,19045,50180
2023-04-07,54076,389.76607502499985,21151,50646
2023-04-08,50049,263.68387808749986,17753,50027
2023-04-09,50297,289.3842268124999,15606,50060
2023-04-10,51459,203.52745218749988,16601,50197
2023-04-11,50619,221.41870861249987,16409,50481
2023-04-12,50205,202.1851115374999,15736,50096
2023-04-13,50584,294.01944563749987,15643,50392
2023-04-15,50641,265.7271890124999,19981,51251
2023-04-16,50932,402.0174597124999,21345,50265
2023-04-17,54171,217.23394299999978,20955,51412
2023-04-18,51166,295.53149383749985,18678,50972
2023-04-19,51505,343.33949543749986,19266,50007
2023-04-20,50514,277.1279436249999,19043,50810
2023-04-21,51638,261.90381214999985,16616,51006
2023-04-22,50377,234.6344604249999,15928,49922
2023-04-23,49048,272.0649965999999,15423,50485
2023-04-24,52597,224.29990104999982,17526,51141
2023-04-25,51665,248.44803153749987,17097,50917
2023-04-26,50374,251.83257758749988,17035,51058
2023-04-27,51271,241.64472974999987,17252,50590
2023-04-28,49662,185.7131042499999,14152,49841
2023-04-29,48695,118.74177661249989,11625,49456
2023-04-30,48688,139.0035119749999,12043,49655
2023-05-01,50149,181.80381258749986,16165,50316
2023-05-02,50613,241.39148858749988,15180,50089
2023-05-03,49709,164.9547227124999,13155,49787
2023-05-04,48723,222.9305357124999,12880,49636
2023-05-05,48856,146.3229604749999,12771,49718
2023-05-07,49292,198.17574563749992,11910,52248
2023-05-08,51427,279.2591251624998,17251,49826
2023-05-09,49559,310.7954923624999,14697,49682
2023-05-10,50538,266.8526326624999,17308,50025
2023-05-11,53933,223.47538631249986,14617,49908
2023-05-12,48461,281.2946625124999,13393,49407
2023-05-13,47839,124.30727108749991,11755,49898
2023-05-14,47879,157.6946609249999,13338,49949
2023-05-15,50625,172.98566774999986,15142,50101
2023-05-16,48719,209.34902677499988,14445,50094
2023-05-17,49051,187.4096312374999,14288,49985
2023-05-18,49016,194.84910124999988,15061,50390
2023-05-19,48948,170.99537811249988,13886,50272
2023-05-20,47953,163.5669655374999,11632,49320
2023-05-21,48186,184.3774761249999,12182,50301
2023-05-22,50023,181.29427428749986,15887,50236
2023-05-23,50178,343.42904236249984,18618,51136
2023-05-24,49344,241.95706356249985,14918,49779
2023-05-25,49537,155.58476587499987,13931,49567
2023-05-26,49232,180.6872657624999,14397,50103
2023-05-27,49533,183.11908384999987,14987,50079
2023-05-28,49272,196.95455014999987,15064,50019
2023-05-29,49287,148.16491587499988,13996,49798
2023-05-30,51407,183.05719493749984,17255,50113
2023-05-31,42204,124.66497557499993,8953,39948
2023-06-01,50073,155.64592892499988,14576,49699
2023-06-02,49871,146.89318869999988,13291,49538
2023-06-03,49497,142.68896938749987,13620,49669
2023-06-04,49564,119.72110871249987,12431,49354
2023-06-05,58851,216.20608099999984,17258,49613
2023-06-06,53658,168.37828422499987,13958,49287
2023-06-07,49199,160.99889961249988,14172,49621
2023-06-08,71769,179.63980599999988,14226,49271
2023-06-09,93413,579.3963902499999,13464,49801
2023-06-10,67704,356.8422331374999,20485,49908
2023-06-11,48798,122.78731703749989,11879,49039
2023-06-12,73475,484.3890779124997,21000,49548
2023-06-13,82618,265.34146157499987,19052,49943
2023-06-14,74965,268.99664078749987,14948,49600
2023-06-15,97590,313.3250455999999,16567,50266
2023-06-16,93870,250.29476502499986,14429,50084
2023-06-17,92497,236.8699425999999,13484,49385
2023-06-18,92581,200.3335322624999,12436,49883
2023-06-19,93172,245.48612236249986,16347,49396
2023-06-20,86238,233.62633849999986,16340,50857
2023-06-21,81407,222.67237552499986,13778,48197
2023-06-22,92185,295.9173813749999,17644,51156
2023-06-23,90051,330.1725325374999,16031,49998
2023-06-24,91897,537.0790810499998,20633,49494
2023-06-25,55150,75.0602582874999,8470,48850
2023-06-26,49466,120.77681854999983,9327,49030
2023-06-27,49444,72.14489984999989,9665,48794
2023-06-28,48434,136.0387832874999,8731,48835
2023-06-29,48821,193.8769703999999,8545,48218
2023-06-30,67602,409.1098782999997,16722,51305
2023-07-01,93303,305.63570811249986,17556,49379
2023-07-02,92967,254.5169886124999,12549,47670
2023-07-03,94154,260.70585693749985,16357,49701
2023-07-04,90939,307.9910874624998,19370,51848
2023-07-05,92850,253.36756822499987,16024,49222
2023-07-06,93792,284.26337691249984,18699,48392
2023-07-07,92596,336.5655027874999,16279,51356
2023-07-08,91979,200.0943084874999,16648,53121
2023-07-09,92974,185.9718748999999,12577,49787
2023-07-10,94250,329.93960486249983,16748,50382
2023-07-11,93715,252.50757809999985,15071,49127
2023-07-12,93140,196.8473000124999,8194,44280
2023-07-13,93729,302.3837349874999,22941,55250
2023-07-14,93938,266.85434323749985,15807,49763
2023-07-15,93372,240.97058681249987,15860,49205
2023-07-16,92978,186.8122597374999,13187,49361
2023-07-17,94824,328.90809414999984,18852,50738
2023-07-18,95047,306.22001037499984,18614,50677
2023-07-19,94289,209.56700377499988,13357,49169
2023-07-20,94465,222.28307751249986,14439,49839
2023-07-21,93972,256.5324192124999,15016,49116
2023-07-22,93761,212.28334449999988,13495,49714
2023-07-23,93501,218.2321695749999,13163,49758
2023-07-24,96032,218.21535027499982,11293,44260
2023-07-25,94275,231.27358001249988,14392,49210
2023-07-26,94772,190.6561581749999,12153,48934
2023-07-27,94412,323.16687432499987,14856,49460
2023-07-28,67740,167.37880014999988,13481,49404
2023-07-29,48995,101.6025440374999,11237,48939
2023-07-30,49472,140.3980607374999,12801,49401
2023-07-31,79975,266.33260034999984,16695,49183
2023-08-01,91333,279.18314726249986,14564,49629
2023-08-02,99362,277.4290039249997,12913,56195
2023-08-03,100009,337.4506146499997,19654,61413
2023-08-04,93598,269.55347267499985,17389,50555
2023-08-05,92520,193.1254567749999,13082,49448
2023-08-06,92423,186.5289840999999,12811,49308
2023-08-07,88358,287.32507439999983,13988,49182
2023-08-08,92839,221.85423799999987,15048,50136
2023-08-09,92661,195.4713883874999,7086,43732
2023-08-10,91190,208.2603563374999,13007,49515
2023-08-11,77778,177.4791583874999,11968,49753
2023-08-12,91734,163.6525158624999,11104,48986
2023-08-13,94300,207.6112515374999,13861,49247
2023-08-14,94610,284.1964961624999,14848,49778
2023-08-15,88031,224.1850507374999,18467,54463
2023-08-16,49540,173.14212489999989,9177,43874
2023-08-17,50297,253.4286111999999,20503,54534
2023-08-18,49524,160.8054641749999,13482,48955
2023-08-19,48970,125.17037822499991,12705,49498
2023-08-20,48872,128.0094418749999,12867,50264
2023-08-21,63471,222.67683052499987,14301,49020
2023-08-22,92471,220.35696657499992,13458,49856
2023-08-23,92694,197.6381536874999,13232,49184
2023-08-24,92413,201.26044751249992,12522,49428
2023-08-25,92464,165.82885192499992,11551,49063
2023-08-26,57455,116.52247697499992,11623,49233
2023-08-27,48628,108.53127699999992,11559,49292
2023-08-28,48961,135.4962913749999,12920,49526
2023-08-29,49348,187.7361487749999,14265,49722
2023-08-30,50181,178.01137898749988,15992,50096
2023-08-31,50294,149.66621482499986,13216,49154
2023-09-01,49486,119.12136521249991,7368,44291
2023-09-02,48866,126.6239295749999,11825,49298
2023-09-03,48412,122.77159481249991,10630,49055
2023-09-04,51123,179.39990414999986,15844,49555
2023-09-05,48706,125.78106714999991,12309,49099
2023-09-06,49379,119.5225764999999,11739,48973
2023-09-07,49687,121.93508346249989,11404,49083
2023-09-08,49172,112.45293134999991,11968,49043
2023-09-09,48579,123.32194202499991,11261,48851
2023-09-10,49182,121.7313217499999,11904,49230
2023-09-11,51697,168.59483677499986,15107,49160
2023-09-12,49459,125.2877858874999,12348,49143
2023-09-13,48856,109.50371723749991,6648,43512
2023-09-14,49750,162.1914982499999,17445,54199
2023-09-15,49683,191.2862241874999,15262,49052
2023-09-16,49249,139.4454659749999,12644,49123
2023-09-17,49264,145.42282161249992,13099,50091
2023-09-18,50480,132.91049571249988,14179,49074
2023-09-19,48971,137.2788524874999,12446,48939
2023-09-20,49458,151.2483415374999,13405,49098
2023-09-21,49311,160.1777956249999,12744,49094
2023-09-22,49413,120.05361342499991,11838,48941
2023-09-23,48953,97.60749444999992,11084,48967
2023-09-24,48957,115.80657163749991,11411,49026
2023-09-25,50702,150.13408431249988,13665,49165
2023-09-26,48158,102.92705106249991,6651,43711
2023-09-27,47809,68.10701186249993,5038,43667
2023-09-28,47961,201.2522040374999,5999,43538
2023-09-29,48551,82.47455587499992,5679,43570
2023-09-30,48865,88.1437961874999,6683,43971
2023-10-01,51305,138.3933744499999,9681,43998
2023-10-02,51037,129.56098646249987,9604,43690
2023-10-03,49151,153.3753967499999,8437,44118
2023-10-04,49172,103.09719139999991,6573,43816
2023-10-05,48439,93.1001764999999,6615,43680
2023-10-06,48864,97.46986572499989,6650,43408
2023-10-07,48357,104.5882066249999,6606,43595
2023-10-08,48876,177.1503006874999,6863,43613
2023-10-09,49272,149.14927712499988,8308,43786
2023-10-10,48894,104.9278340874999,7154,43974
2023-10-11,48783,93.21280811249991,6031,43521
2023-10-12,49482,91.3103652124999,6376,43807
2023-10-13,49010,128.6910364249999,6763,43534
2023-10-14,48655,77.5212582249999,5561,43929
2023-10-15,49659,119.14717644999989,6846,43628
2023-10-16,49392,115.43630674999989,7213,44414
2023-10-17,50779,171.58121381249987,12109,48079
2023-10-18,49736,132.73797057499988,11391,47994
2023-10-19,49638,144.2630858374999,11465,48227
2023-10-20,51068,191.46461667499983,14490,48534
2023-10-21,49206,192.5705871624999,12053,48278
2023-10-22,49290,176.1396497749999,11338,48155
2023-10-23,49042,166.33208429999988,13921,49015
2023-10-26,49200,165.09795082499988,12672,48337
2023-10-27,48627,150.9839945374999,10138,48204
2023-10-28,48816,120.9338594499999,10392,48049
2023-10-29,48414,131.9541150124999,10910,48194
2023-10-30,50702,146.36015963749986,13361,48364
2023-10-31,50159,224.90912513749987,14786,48224
2023-11-01,49404,165.50307807499988,12395,48262
2023-11-02,48932,141.3632258249999,11516,48058
2023-11-03,48544,130.3132913124999,10478,48225
2023-11-04,48674,152.8769003249999,11591,48219
2023-11-05,48897,139.6690270249999,11532,48108
2023-11-06,50432,198.54359453749987,13566,48158
2023-11-07,49084,147.6656669499999,11909,47987
2023-11-08,48860,135.9113902874999,11383,48135
2023-11-09,63848,216.04274747499989,13479,48030
2023-11-10,80738,187.62026198749987,12976,48523
2023-11-11,94027,306.43731058749984,15985,48399
2023-11-12,95383,420.56899492499986,21115,48391
2023-11-14,78296,297.62665511249986,10747,43827
2023-11-15,92778,255.2030013624999,17094,52660
2023-11-16,92893,360.8028430249999,14946,48174
2023-11-17,92922,264.39110127499987,14939,48464
2023-11-18,83275,177.6537187749999,11219,47993
2023-11-19,92052,211.7987800624999,12420,48345
2023-11-20,83246,182.1296031749999,10860,48266
2023-11-21,92779,369.5100402374999,11071,48194
2023-11-22,91301,228.28275709999986,11616,47883
2023-11-23,74043,212.16044188749987,11073,48135
2023-11-24,48563,166.8317464874999,10090,48019
2023-11-25,48310,118.92425121249991,9584,48098
2023-11-26,48598,137.9186725124999,11283,48258
2023-11-27,48653,254.26612353749988,10139,47863
2023-11-28,48590,135.05487267499987,9409,47906
2023-11-29,50165,161.70306017499985,7687,43828
2023-11-30,48492,127.5831380874999,10867,48122
2023-12-01,49336,220.05339936249987,15331,52504
2023-12-02,48433,121.4486613374999,10004,47926
2023-12-03,48478,140.2812478374999,11762,48356
2023-12-04,67782,194.5822666124999,12444,48004
2023-12-05,79972,168.03275368749988,7504,43785
2023-12-06,92067,326.45302791249986,15830,52456
2023-12-07,93221,203.05185586249988,12759,48088
2023-12-08,92138,175.2954305749999,10804,48340
2023-12-09,51522,149.42133613749988,10862,47967
2023-12-10,48348,125.1789682749999,10712,48236
2023-12-11,49025,230.92534348749987,10917,48132
2023-12-12,49639,118.11004547499988,10626,48130
2023-12-13,49920,175.4238749499999,5769,43636
2023-12-14,48432,159.9270158749999,14948,52512
2023-12-15,48765,109.90401404999992,9430,48244
2023-12-16,48233,107.22757583749991,9385,48057
2023-12-17,48256,119.34941872499991,9262,48286
2023-12-18,49026,216.8401129374999,12721,48746
2023-12-19,48534,159.1562249249999,10404,48147
2023-12-20,50097,218.03965957499986,14384,48431
2023-12-21,48690,143.8130100249999,11343,48361
2023-12-22,48402,164.8581197874999,10267,48065
2023-12-23,48311,107.3510665374999,9973,48241
2023-12-24,48200,120.59523773749991,10248,47987
2023-12-25,48265,119.47871487499991,9442,48095
2023-12-26,48655,148.2681332124999,10079,47929
2023-12-27,51417,115.58036033749984,12862,47993
2023-12-28,49621,142.71522566249988,12768,48026
2023-12-29,49032,411.2273494874999,10644,48042
2023-12-30,48674,461.0477884874999,10023,48068
2023-12-31,48648,475.7646128249999,10207,48295
2024-01-01,49336,399.3493850999999,3117,43537
2024-01-02,51122,235.93394093749984,9131,48145
2024-01-03,61693,161.45378577499986,10014,48057
2024-01-04,92633,301.9349246999999,13268,48191
2024-01-05,88471,225.86581019999988,11176,48180
2024-01-06,63792,179.4126447249999,10268,48022
2024-01-07,48281,134.15239738749992,9161,47985
2024-01-08,81933,618.9689133499999,17662,48216
2024-01-09,91218,570.4730221124998,10702,48166
2024-01-10,85501,539.1187656874998,12247,48284
2024-01-11,50041,559.9561412874999,13416,48605
2024-01-12,57123,530.9180671624998,12041,48250
2024-01-13,92679,539.0271148874998,14116,48269
2024-01-14,92946,536.5087700999999,13522,48176
2024-01-15,93391,401.58270286249984,13129,48282
2024-01-16,54024,157.23032157499986,10871,48210
2024-01-17,48289,132.2203061624999,9425,48122
2024-01-18,48986,176.19451683749986,11307,48495
2024-01-19,50146,213.28187287499983,15445,48122
2024-01-20,49597,168.15006808749987,13534,48303
2024-01-21,38061,84.5827248249999,5330,33885
2024-01-22,50307,137.86556421249986,11360,48068
2024-01-23,48514,153.12201296249987,10275,48309
2024-01-24,48621,109.8015379499999,9012,47928
2024-01-25,48893,185.98945047499987,11133,48351
2024-01-26,49083,193.89721726249988,10912,48329
2024-01-27,48515,152.3577746874999,10089,48090
2024-01-28,50809,181.29172878749984,14653,48100
2024-01-29,50066,156.77839909999983,11754,48157
2024-01-30,49981,171.57822789999986,13654,48156
2024-01-31,49611,185.88483064999986,12976,48389
2024-02-01,50460,171.96912869999983,16194,48110
2024-02-02,49059,177.5988033999999,11995,48033
2024-02-03,48896,139.05572147499987,11482,48158
2024-02-04,48648,140.32012206249988,10734,48209
2024-02-05,50710,199.8856728749998,16938,48249
2024-02-06,53028,1772.5409139249998,16080,49837
2024-02-07,53187,2320.7593347375,13330,50461
2024-02-08,51596,2210.1515435124998,13623,50718
2024-02-09,50329,1306.4084896124998,11878,49545
2024-02-10,48727,154.3713585624999,10888,48164
2024-02-11,49119,106.43884071249987,7243,43850
2024-02-12,49862,223.43970629999987,14744,48710
2024-02-13,49253,163.01017552499988,11837,48427
2024-02-14,49861,335.56057216249985,18389,48703
2024-02-15,49971,227.20587902499986,15188,48560
2024-02-16,49240,307.7918752249999,12049,48369
2024-02-17,39296,341.6067012374999,6319,34801
2024-02-18,39271,1196.7514776124997,6240,34878
2024-02-19,51947,2190.6716579249996,12788,50530
2024-02-20,51713,1910.8793600999998,14978,50619
2024-02-21,50125,528.8609529749998,12203,48995
2024-02-22,50079,600.2851308999998,12993,49179
2024-02-23,50498,572.7818021499999,13287,48957
2024-02-24,49544,502.5271805999999,12321,48984
2024-02-25,49958,511.2437958249999,12512,49006
2024-02-26,51548,562.9494697749999,15995,49352
2024-02-27,50199,492.78843374999985,12744,48964
2024-02-28,51392,647.7457015124999,19455,49477
2024-02-29,51675,684.7030375374999,17182,49798
2024-03-01,51016,639.1846260624999,15801,49556
2024-03-02,51041,543.9507482374999,13704,49318
2024-03-03,50060,505.99046507499986,8982,44962
2024-03-04,54058,701.7955176249998,19438,49742
2024-03-05,53093,819.7490280124998,19961,49818
2024-03-06,51212,444.75593134999986,14517,49186
2024-03-07,51742,782.5671846249999,14057,49299
2024-03-08,49841,597.0043373749999,11549,49186
2024-03-09,50556,612.2941056499998,12618,49715
2024-03-10,52534,705.6509353749998,16290,52882
2024-03-11,50905,515.3051845374998,12745,49459
2024-03-12,50930,669.7817231999999,13239,49043
2024-03-13,51741,591.8957885624998,14677,49284
2024-03-14,51288,215.62457554999978,9508,44914
2024-03-15,50877,357.77226937499984,13421,49723
2024-03-16,50612,1010.9263354249997,11161,50084
2024-03-17,49830,623.0810362999998,11443,49124
2024-03-18,50065,510.7830664749999,12361,49208
2024-03-19,53984,940.0044366124997,15106,52822
2024-03-20,51813,693.1128140624998,15012,50661
2024-03-21,51767,648.4016238624997,13055,50900
2024-03-22,49394,406.51588827499984,11061,48383
2024-03-23,49576,523.2174103999998,10924,49003
2024-03-24,48851,440.3804734999998,10803,48609
2024-03-25,49249,457.98263247499983,11284,49214
2024-03-26,52723,531.6439714249998,14523,48835
2024-03-27,48863,472.4960144999999,10100,48995
2024-03-28,48999,492.9604289124998,11115,48999
2024-03-29,48645,455.49597484999987,9333,48712
2024-03-30,50535,528.0920817499998,12704,49508
2024-03-31,50489,469.9382364374999,11157,48932
2024-04-01,50267,530.8997800124998,12806,49456
2024-04-02,49959,571.9788129249998,15278,49645
2024-04-03,49438,500.21768291249987,12707,49308
2024-04-04,49184,550.5422635374998,11378,49228
2024-04-05,49057,527.0052540249999,12779,48217
2024-04-06,48810,463.4592498499999,8851,48664
2024-04-07,48880,446.51895229999985,8811,48613
2024-04-08,50565,504.6949003999998,12359,49189
2024-04-09,52725,519.7107236999998,14275,48922
2024-04-10,48918,491.02093987499984,10540,48918
2024-04-11,49359,478.53844772499986,10558,49049
2024-04-12,51004,529.0131186374997,12787,49061
2024-04-13,52320,553.8964015124997,13219,49166
2024-04-14,49644,496.6242394624999,11635,48867
2024-04-15,50825,536.9846531624999,13528,48897
2024-04-16,49710,493.4874762499998,11572,48965
2024-04-17,49605,494.5912233999998,11034,49031
2024-04-18,48917,366.07841118749985,10091,48765
2024-04-19,48540,98.58537338749986,10084,47903
2024-04-20,48071,87.94395333749986,9682,48183
2024-04-21,48388,85.76904661249986,9371,47986
2024-04-22,49265,97.54658062499986,10621,47967
2024-04-23,50154,192.03822492499984,14212,48781
2024-04-24,51013,2079.3317497874996,10944,50473
2024-04-25,50231,690.8413093624998,11805,49154
2024-04-26,49283,499.8987063374998,10415,48770
2024-04-27,49904,479.5454269374998,10524,48626
2024-04-28,49147,456.34897909999984,9703,48735
2024-04-29,50162,486.49140224999985,11038,48909
2024-04-30,49555,544.2783386499999,10805,49172
2024-05-01,49711,525.0429734624998,12226,49212
2024-05-02,49216,490.65958666249986,10035,48822
2024-05-03,49546,478.5297444374998,10438,49025
2024-05-04,48856,461.7575899124999,9288,49005
2024-05-05,48660,447.55696466249987,8870,48649
2024-05-06,49396,540.2117303375,11385,49538
2024-05-07,49163,457.0436668874998,9575,48762
2024-05-08,50101,472.33515443749985,11257,48898
2024-05-09,49378,484.2721539249999,10951,49134
2024-05-10,48982,482.79611066249987,10638,49233
2024-05-11,48362,202.86043396249985,9408,48325
2024-05-12,48958,695.2661073124999,8775,48711
2024-05-13,49575,495.04485352499984,11224,49089
2024-05-14,49181,514.7297531624998,10223,49101
2024-05-15,49273,490.70612219999987,10801,49073
2024-05-16,48890,465.5551950749999,9626,48687
2024-05-17,49403,489.1661165374998,11023,49003
2024-05-18,48583,449.8238784874999,8553,48626
2024-05-19,48804,453.6188195124999,9518,48611
2024-05-20,50793,521.9245416749999,14070,49410
2024-05-21,50011,504.5777903499999,12238,49288
2024-05-22,49161,479.1869524749999,10872,48662
2024-05-23,49800,507.51154068749986,12820,49138
2024-05-24,48348,478.16042069999986,10347,48950
2024-05-25,49380,477.33186862499986,10251,48845
2024-05-26,48831,464.8187813999999,9508,48975
2024-05-27,49314,481.1926570124998,11005,49031
2024-05-28,49931,475.62323163749977,11061,49369
2024-05-29,50057,515.6635560124998,11729,49527
2024-05-30,49788,546.5988999124999,12395,50072
2024-05-31,49431,480.41195994999987,11466,48989
2024-06-01,48588,460.6690879249999,9342,48746
2024-06-02,48762,455.2593282374999,9403,48705
2024-06-03,50328,481.28063351249983,12194,48971
2024-06-04,49425,487.41410478749987,10578,48925
2024-06-05,49529,491.65274631249986,10550,48916
2024-06-06,49500,472.2435172999999,11120,48838
2024-06-07,50083,529.5170581999998,14018,49087
2024-06-08,49342,509.88651407499987,11790,48774
2024-06-09,48772,258.9276703749999,11482,48593
2024-06-10,49671,701.6140331874998,11582,49062
2024-06-11,50522,525.4966253124999,13664,49120
2024-06-12,50189,516.3296903999998,13911,49276
2024-06-13,49792,501.2613961124999,13231,49313
2024-06-14,50031,503.3478068624999,13658,49236
2024-06-15,48688,468.46359401249987,9791,48756
2024-06-16,49266,486.9172174249999,11511,48911
2024-06-17,52681,599.4054032999998,14276,45779
2024-06-18,52444,609.0638279874998,17343,49984
2024-06-19,50123,579.7079326374999,14308,49770
2024-06-20,49778,520.4322815999998,13534,49169
2024-06-21,49363,508.9502377999999,12437,48914
2024-06-22,49085,478.8544302999998,11002,48714
2024-06-23,48946,494.26361279999986,11552,48941
2024-06-24,51214,560.1793143624998,16463,48947
2024-06-25,50112,541.0959721249999,13774,49402
2024-06-26,49784,524.4971771999998,13525,49053
2024-06-27,49593,532.8257847124999,13914,49288
2024-06-28,49706,603.9059644374998,11533,48712
2024-06-29,49344,516.7938688374999,13841,48833
2024-06-30,49790,545.6479298999999,14037,48914
2024-07-01,49678,577.8793422999998,11786,48938
2024-07-02,49735,543.4506961124998,13730,48965
2024-07-03,49827,558.1110798624999,14821,48920
2024-07-04,50905,601.7387443624998,18762,49374
2024-07-05,56473,778.7062672999996,21901,50055
2024-07-06,49648,527.4708894749998,13574,48928
2024-07-07,49666,539.3796794999998,14414,49193
2024-07-08,50345,568.5483930749998,15606,49251
2024-07-09,49689,524.1787351499999,12679,48866
2024-07-10,49866,529.9173082999998,13773,49153
2024-07-11,49733,549.3472854749998,14713,49207
2024-07-12,49236,510.61707346249983,12286,48571
2024-07-13,48065,461.8403815249999,8767,48230
2024-07-14,48835,478.49299916249987,10443,48772
2024-07-15,50467,529.3095601624998,13210,49313
2024-07-16,50372,575.5745499999998,15526,49390
2024-07-17,49361,520.5611140124998,12053,49076
2024-07-18,51091,535.8701183124998,14263,49230
2024-07-19,49352,496.2921869749999,11547,48885
2024-07-20,49297,501.07824234999987,11548,49007
2024-07-21,49820,552.1735130874998,14760,48874
2024-07-22,50039,566.0103713499999,13011,49113
2024-07-23,51289,574.9529531249998,16926,49358
2024-07-24,50331,572.0091260749998,14835,49396
2024-07-25,50927,638.8833812999999,18979,49404
2024-07-26,50075,543.1720830249999,13914,49118
2024-07-27,49669,511.66109606249984,11750,48947
2024-07-28,48378,495.32889892499986,10928,48210
2024-07-29,49780,548.0219375874998,13870,49338
2024-07-30,50791,533.3546731499998,14036,49242
2024-07-31,50342,583.9395628124998,16904,49793
2024-08-01,51828,683.7258799874998,19858,49612
2024-08-02,49928,548.2707318749998,14603,49106
2024-08-03,49632,520.8716136124998,12519,49156
2024-08-04,51067,698.2737390749998,19760,49888
2024-08-05,56491,925.6117844999997,37465,51497
2024-08-06,50491,571.1868699749998,16072,49173
2024-08-07,50475,566.0900808624998,15786,49376
2024-08-08,50789,591.7722962499998,15716,49366
2024-08-09,50444,544.9290663624998,13632,49075
2024-08-10,48926,488.54568627499987,10653,48685
2024-08-11,50498,569.0544872749998,16537,49165
2024-08-12,50341,594.2652195874998,17023,49627
2024-08-13,51138,572.8505671999999,10403,45187
2024-08-14,50284,533.5218251874999,10130,44850
2024-08-15,50141,539.4724123624998,10720,44758
2024-08-16,50544,543.9934617249999,11601,45035
2024-08-17,48520,438.0383846499999,4619,44354
2024-08-18,48032,467.7197150874999,5432,44625
2024-08-19,49471,477.56202976249983,7457,44839
2024-08-20,49488,535.8441794624999,8364,45233
2024-08-21,49550,519.2806370249998,7373,44790
2024-08-22,51178,562.5415455249998,9067,44924
2024-08-23,51967,573.2771882124998,9096,44989
2024-08-24,50432,531.1685773374999,7562,44939
2024-08-25,50439,532.1838766624999,8349,44620
2024-08-26,51682,616.9285250874998,13103,45442
2024-08-27,51657,647.3023750749999,13432,45347
2024-08-28,52475,629.1653482749998,12464,44971
2024-08-29,51156,551.2970003874998,8813,44902
2024-08-30,51650,588.2108065874999,11366,45237
2024-08-31,49928,514.2300787374999,7712,44855
2024-09-01,50664,557.1013729999999,10021,44955
2024-09-02,52302,573.9975298749998,10766,44805
2024-09-03,51019,574.1403344374999,8565,45232
2024-09-04,52780,627.0786651749997,11578,44992
2024-09-05,51070,570.2922097749998,8511,45212
2024-09-06,53690,671.4562626124997,12004,45519
2024-09-07,50210,531.9413378499999,7542,44640
2024-09-08,50482,517.1824839499999,7338,44439
2024-09-09,50716,538.9683175749998,7909,44483
2024-09-10,50813,682.7799006499998,7976,44715
2024-09-11,51293,667.1957602874998,10470,45187
2024-09-12,50292,518.6766927124999,7516,45096
2024-09-13,49719,481.02200704999984,6803,44875
2024-09-14,48850,466.4004918249999,6233,44499
2024-09-15,49228,525.0633472749998,8592,45315
2024-09-16,51023,608.1491244124999,13936,45148
2024-09-17,50463,555.9324221374998,11696,44718
2024-09-18,50409,546.0945859624998,12055,44580
2024-09-19,52257,583.5130455749998,14605,45230
2024-09-20,51464,561.5832249499998,13943,45187
2024-09-21,49623,512.9097969249999,9060,44829
2024-09-22,50948,577.6802685874998,14320,45037
2024-09-23,58240,744.8834047874994,14448,48584
2024-09-24,52077,648.0179656124998,14222,49503
2024-09-25,50681,569.7424380999998,11198,44800
2024-09-26,50289,289.9711711499998,11634,44536
2024-09-27,50497,949.3324257249998,11836,45168
2024-09-28,50565,368.26653071249984,14014,44635
2024-09-29,50525,767.3251069249998,10356,45197
2024-09-30,51129,602.2847849749999,13836,45318
2024-10-01,52646,696.3105802124998,21816,45282
2024-10-02,52581,679.9761774499998,21025,45312
2024-10-03,52112,676.1677020874997,20413,45177
2024-10-04,50271,534.1113183624998,10565,44620
2024-10-05,50007,538.5402681124998,10054,44885
2024-10-06,49705,512.8956921499998,8359,44685
2024-10-07,50818,579.6629471499998,11579,45214
2024-10-08,50958,572.0268268499998,11825,45107
2024-10-09,51084,543.1460823124999,10568,45038
2024-10-10,50706,600.1274743249999,11572,45259
2024-10-11,49408,520.2834997874999,6825,44762
2024-10-12,49859,506.40854268749985,7543,44697
2024-10-13,49646,517.3008967749998,8422,44689
2024-10-14,50079,625.7052056249998,8529,44806
2024-10-15,51748,666.0716784874998,17212,45257
2024-10-16,50852,634.5701527999998,12923,44960
2024-10-17,50682,602.4677395749998,13628,45107
2024-10-18,49688,519.4146474874998,8808,44584
2024-10-19,48893,477.03660119999984,5241,44373
2024-10-20,49596,496.2515423874998,6743,44541
2024-10-21,51059,566.3272860249998,10106,45096
2024-10-22,49745,506.4307318124998,7636,44801
2024-10-23,49708,556.6584587499998,9202,44585
2024-10-24,49210,547.3477756499998,7049,44237
2024-10-25,49902,527.6193220124999,10142,44504
2024-10-26,49699,506.44994688749983,8832,44574
2024-10-27,48624,447.35690309999984,5284,44127
2024-10-28,49830,495.5918728999998,8340,44369
2024-10-29,50617,515.2703563499998,9840,44531
2024-10-30,49875,507.9270223999998,9034,44775
2024-10-31,49926,512.0632969624999,9009,44423
2024-11-01,49956,509.11940673749984,9473,44528
2024-11-02,48614,471.4104460499999,6868,44284
2024-11-03,50212,540.7939691124998,10035,44698
2024-11-04,48948,493.78987186249987,8407,44031
2024-11-05,50424,493.3951195874998,9123,44290
2024-11-06,51488,625.7849344124999,16872,44929
2024-11-07,49897,225.57236958749982,10064,44103
2024-11-08,50031,906.3307739874998,9850,44676
2024-11-09,50121,649.5687666999999,9631,44606
2024-11-10,51925,648.2238128499998,16562,45304
2024-11-11,52100,728.1787336749998,15910,44975
2024-11-12,53454,744.8187761999998,22026,45583
2024-11-13,52933,739.5144334874998,20852,45391
2024-11-14,52724,749.6552865499998,18948,45545
2024-11-15,51376,636.0232817624998,14920,45399
2024-11-16,50545,579.0599348124998,11979,44992
2024-11-17,51654,653.3124580249998,17356,45069
2024-11-18,51347,622.7284332749997,14325,44964
2024-11-19,50876,648.2122339499998,11790,44966
2024-11-20,50515,626.5379283499999,14893,44817
2024-11-21,49727,621.7239933874998,12114,44676
2024-11-22,50872,616.8418606874999,14577,44968
2024-11-23,50849,600.8228351249999,13322,44989
2024-11-24,51179,669.9409745624997,15823,44951
2024-11-25,51865,703.6626870374997,17848,45155
2024-11-26,51821,694.6383113374998,18992,45318
2024-11-27,50265,614.5134008999999,13892,45070
2024-11-28,49740,625.3525001999998,11545,45226
2024-11-29,49132,588.9453436874999,11622,44125
2024-11-30,49345,557.7171505499999,9961,44562
2024-12-01,49435,566.7504391749999,10930,45028
2024-12-02,52643,761.5754672124998,22021,46058
2024-12-03,55017,849.2442060499998,27171,46402
2024-12-04,52138,753.5723484374997,19354,45659
2024-12-05,51497,713.7889895249998,18050,45331
2024-12-06,49855,615.9115676374998,13168,44895
2024-12-07,49749,591.2987126374999,11959,44741
2024-12-08,49689,532.3300303624999,8532,44438
2024-12-09,53909,945.2942129874998,24818,45972
2024-12-10,51938,569.2041292249997,22703,45155
2024-12-11,52388,891.4026972124998,16590,49749
2024-12-12,50825,615.8560864124998,13849,45778
2024-12-13,50380,570.4785464749998,10893,44891
2024-12-14,49247,545.1364220374999,9331,44808
2024-12-15,49693,539.2471139124998,9624,44656
2024-12-16,49593,587.0269656624998,11576,45032
2024-12-17,51424,662.8480638999998,17730,47677
2024-12-18,51833,739.0899338249998,18995,45787
2024-12-19,53361,802.5322108999997,22332,46781
2024-12-20,54183,875.7727320749997,25997,46360
2024-12-21,49907,605.8096556749998,13489,44175
2024-12-22,50247,580.1549078749998,12517,44894
2024-12-23,50427,611.4247678374998,14530,44415
2024-12-24,50253,593.9569883124998,12183,45111
2024-12-25,49337,509.6113159249998,7827,44669
2024-12-26,49741,556.8169618374998,10282,44817
2024-12-27,50013,559.3094907874998,10485,45348
2024-12-28,49135,510.36848656249987,7198,44452
2024-12-29,49622,593.1436182499998,10695,45136
2024-12-30,49367,589.7388925999998,11390,44220
2024-12-31,50099,582.9500185999999,11980,45094
2025-01-01,50622,577.4872616124998,11861,44995
2025-01-02,50923,563.8870035124999,11163,44968
2025-01-03,49889,539.4113149749999,9593,45580
2025-01-04,49633,538.2420677749998,9290,44816
2025-01-05,48581,556.4699722749998,9231,44935
2025-01-06,49817,612.9437924999999,11266,45224
2025-01-07,49372,614.9528363999998,12884,45476
2025-01-08,50708,663.5689807374998,16188,45476
2025-01-09,50163,647.5771422499998,15303,45362
2025-01-10,48511,212.21030319999986,11639,44391
2025-01-11,47549,145.1274115499999,7584,44141
2025-01-12,47564,135.60933693749988,7102,44205
2025-01-13,52629,1859.8003980499998,20023,47270
2025-01-14,49594,565.7587099624998,10234,45165
2025-01-15,51591,654.0997661249997,16485,46151
2025-01-16,50283,602.6180041624998,12987,45237
2025-01-17,49946,448.5114521749999,11638,45180
2025-01-18,49622,270.75733173749984,15532,45037
2025-01-19,51355,368.6300615624998,21751,45413
2025-01-20,51532,439.4215469374998,21157,45133
2025-01-21,49445,243.7774994124998,13561,44701
2025-01-22,48603,168.46976239999984,10180,44688
2025-01-23,49614,282.0363744249998,16120,45345
2025-01-24,50912,316.9974344124998,13575,45032
2025-01-25,48287,136.31659034999984,7893,43935
2025-01-26,48384,136.21287722499986,7749,44133
2025-01-27,50793,338.91195784999974,19244,45614
2025-01-28,49142,238.81356184999981,14055,44784
2025-01-29,49526,287.7299277374998,16642,44866
2025-01-30,48588,165.36776377499984,9172,44333
2025-01-31,49003,207.75966671249984,12244,44805
2025-02-01,48725,210.42259261249984,11825,44730
2025-02-02,51552,449.12604403749975,24619,46434
2025-02-03,55261,672.0596323499997,37443,46979
2025-02-04,51652,373.27889798749976,22380,45540
2025-02-05,49336,207.19353281249983,12481,44934
2025-02-06,50389,232.07728028749983,13517,45215
2025-02-07,50009,271.3682622499998,15802,44511
2025-02-08,47927,152.18044233749987,9358,44089
2025-02-09,48827,204.40107142499983,12672,44287
2025-02-10,49155,229.3021382499998,13310,45271
2025-02-11,50391,234.1920850499998,13988,45442
2025-02-12,36455,176.5772533249999,10292,33177
2025-02-13,49591,252.3957540374998,12525,45561
2025-02-14,48045,246.70075406249984,9541,44668
2025-02-15,48272,164.07727482499988,9235,45333
2025-02-16,47732,135.38710419999987,7581,45477
2025-02-17,49568,211.4134698499998,13031,45938
2025-02-18,48895,191.48326652499983,10925,45400
2025-02-19,49217,209.03001958749982,11542,46456
2025-02-20,48267,165.16366272499985,9530,44718
2025-02-21,49705,244.47035991249982,13281,45039
2025-02-22,47663,145.35941734999986,7737,43973
2025-02-23,47484,141.79972563749985,8607,43819
2025-02-24,50727,275.8834742874998,16191,46312
2025-02-25,52465,325.1479762499997,19430,46614
2025-02-26,51301,316.33459656249977,16827,45835
2025-02-27,49592,195.3919565499998,12331,44988
2025-02-28,51898,277.3796574999997,16748,46836
2025-03-01,48148,165.83548177499986,10179,44153
2025-03-02,49543,237.0112557124998,14532,44695
2025-03-03,50905,369.8532455249998,17651,45410
2025-03-04,51954,328.90135632499977,20574,45558
2025-03-05,49032,303.46859314999983,13274,44729
2025-03-06,49224,202.07685912499983,12491,44910
2025-03-07,49376,241.61276967499984,14540,44367
2025-03-08,47377,133.81665709999987,7829,44330
2025-03-09,49677,280.7711765499998,15123,45375
2025-03-10,55441,603.6200487374996,31914,48723
2025-03-11,53829,499.8817611249997,25397,46452
2025-03-12,49890,294.2045186499998,17797,45007
2025-03-13,49502,227.5682503999998,17096,44914
2025-03-14,49115,180.54749402499982,14060,44683
2025-03-15,47361,127.23391683749989,9634,43917
2025-03-16,47157,141.56397148749988,9053,44202
2025-03-17,47058,119.26783339999989,7077,43762
2025-03-18,47832,183.13675266249987,8921,44377
2025-03-19,48297,193.98162881249985,11213,44633
2025-03-20,48173,161.86992461249986,9721,44362
2025-03-21,46970,126.23044087499989,7105,44140
2025-03-22,46344,96.29876094999992,5402,43868
2025-03-23,46525,123.8625324249999,6655,44158
2025-03-24,48664,188.66658718749983,10812,44822
2025-03-25,47649,128.8473433749999,7060,44582
2025-03-26,47578,159.1344337874999,8744,44272
2025-03-27,47751,138.51748444999987,7890,44310
2025-03-28,49281,213.38253348749984,12171,45030
2025-03-29,47632,174.28599496249987,9469,44233
2025-03-30,46853,110.5867454624999,6409,43824
2025-03-31,47909,217.6747296999999,9441,44355
2025-04-01,47816,171.6486281124999,9815,44244
2025-04-02,50464,438.2751382499999,20416,45171
2025-04-03,50935,666.1127315374998,18481,44818
2025-04-04,47855,172.91529969999988,10708,43862
2025-04-05,46380,95.54163264999993,5103,43643
2025-04-06,52305,680.9783029999998,21701,45704
2025-04-07,52988,487.89076946249975,24904,45967
2025-04-08,49110,248.65098872499982,10890,44557
2025-04-09,49525,223.83635314999984,13716,44695
2025-04-10,47872,138.7298088374999,8029,43994
2025-04-11,47317,163.6977015749999,7678,43956
2025-04-12,46851,105.04517969999992,6003,43923
2025-04-13,46575,107.3959302499999,6299,43604
2025-04-14,46791,108.00287473749992,6481,43630
2025-04-15,46747,97.65408421249991,5470,43812
2025-04-16,47327,126.4896319249999,7391,43851
2025-04-17,46814,111.7421927374999,6542,43734
2025-04-18,47874,103.4665389874998,5795,43805
2025-04-19,46410,82.17952941249992,4648,43696
2025-04-20,46701,97.9743297624999,5598,43961
2025-04-21,47495,142.4562122374999,8080,44170
2025-04-22,48441,168.73147369999987,9598,44637
2025-04-23,47721,148.9491930999999,8530,44118
2025-04-24,47499,148.4076585249999,9028,44020
2025-04-25,48301,176.69311374999987,10114,44704
2025-04-26,46567,103.99763253749991,5941,43847
2025-04-27,46561,124.63952022499991,7103,44014
2025-04-28,47712,176.57121278749986,9732,44391
2025-04-29,46890,123.49870261249991,7033,43974
2025-04-30,47145,133.8137953374999,7548,44168
2025-05-01,46956,121.13197429999991,6838,44082
2025-05-02,46664,100.8705548624999,5707,43968
2025-05-03,46437,110.86902227499992,5917,44042
2025-05-04,46899,135.8724491249999,7534,44255
2025-05-05,50783,318.1037728499998,17244,44920
2025-05-06,49331,264.58612827499985,13968,44733
2025-05-07,48364,190.87702494999988,10422,44555
2025-05-08,49946,232.80262121249982,13250,45412
2025-05-09,48890,227.73821891249986,13028,44713
2025-05-10,48104,159.62119569999987,9666,44343
2025-05-11,47352,149.05749973749988,8452,44257
2025-05-12,49233,225.81485487499984,13248,44789
2025-05-13,48675,178.93690333749987,10549,44790
2025-05-14,47597,137.0814925874999,7378,44232
2025-05-15,48514,207.66679669999985,12021,44408
2025-05-16,47372,135.5115047374999,8012,44066
2025-05-17,54256,411.1104987499997,8480,44428
2025-05-18,52927,417.28805381249975,10893,44273
2025-05-19,48272,164.1658159249999,9564,44473
2025-05-20,46980,237.4132386999999,7674,44143
2025-05-21,47817,165.2988781499999,9976,44189
2025-05-22,48073,151.86711942499988,8856,44418
2025-05-23,48379,191.20738218749986,11056,44455
2025-05-24,46700,106.02297114999992,5895,43758
2025-05-25,46995,129.7599427499999,7514,43899
2025-05-26,46971,121.4705024624999,6878,43968
2025-05-27,48432,152.02219511249984,9064,44337
2025-05-28,49370,209.70823556249985,11339,44656
2025-05-29,48374,182.32853853749987,10266,44691
2025-05-30,51189,302.5697098249998,16669,45566
2025-05-31,48821,236.01532416249984,13010,44827
2025-06-01,47901,176.66338457499987,10141,44427
2025-06-02,48936,213.64899878749983,12771,44488
2025-06-03,50545,239.96460749999983,12933,45773
2025-06-04,50148,241.36924031249984,12595,44857
2025-06-05,49759,201.87764622499984,11591,45178
2025-06-06,48785,187.08133087499985,10374,44338
2025-06-07,47328,114.3892070124999,7197,43982
2025-06-08,46754,88.30100947499992,5279,43821
2025-06-09,49337,203.42888199999985,11565,44789
2025-06-10,48054,162.65367673749986,9195,44205
2025-06-11,48010,204.01506974999987,11092,44020
2025-06-12,48959,191.30591111249987,10634,44680
2025-06-13,51410,237.19217914999976,13730,46027
2025-06-14,46956,138.4467854999999,8416,43739
2025-06-15,47364,123.38556238749989,6741,44319
2025-06-16,49315,158.50515458749985,8682,45370
2025-06-17,50306,263.4900243499998,11484,45503
2025-06-18,49189,218.76010392499984,10143,44860
2025-06-19,49849,160.9206187499998,7220,46567
2025-06-20,48918,187.64350411249987,10661,44867
2025-06-21,48355,163.01231946249985,9319,44755
2025-06-22,49747,222.58508506249984,12904,45154
2025-06-23,49740,207.34224723749983,12379,44804
2025-06-24,47298,114.3154339249999,6488,44105
2025-06-25,47680,123.92521502499989,6774,43888
2025-06-26,46862,112.23748634999991,6603,43729
2025-06-27,46537,82.01046984999991,4842,43688
2025-06-28,46559,100.75205764999991,5393,43663
2025-06-29,46547,87.89094146249991,5169,43751
2025-06-30,46731,113.44432553749992,7073,43718
2025-07-01,48274,134.47241281249987,7692,44442
2025-07-02,47837,162.23053769999987,8150,44199
2025-07-03,47133,122.70213319999986,7527,43944
2025-07-04,47016,94.17659656249988,5327,44043
2025-07-05,46158,73.68610791249989,4359,43705
2025-07-06,46067,83.8076939999999,4940,43556
2025-07-07,46298,79.60219658749989,4671,43554
2025-07-08,43696,84.94868469999989,5046,41121
2025-07-09,47037,123.49004253749989,7059,44036
2025-07-10,48352,154.91085562499987,9035,44752
2025-07-11,48916,189.59642861249984,10353,44482
2025-07-12,47230,147.8477346999999,8400,44004
2025-07-13,46865,121.3280178874999,6553,44008
2025-07-14,48248,184.83156477499986,10786,44500
2025-07-15,47427,149.28617282499988,8999,43566
2025-07-16,46828,145.3861742124999,8544,43468
2025-07-17,46745,174.5298267749999,10130,43030
2025-07-18,47200,181.02927436249988,10276,43234
2025-07-19,45156,78.41022586249993,4539,42471
2025-07-20,46179,119.42505696249991,6993,43035
2025-07-21,46212,131.0986389249999,7371,43048
2025-07-22,47341,159.6692524124999,9272,43091
2025-07-23,47181,152.8145196249999,8680,43302
2025-07-24,47100,175.6514205624999,9077,43513
2025-07-25,48001,166.87629699999988,9461,43986
2025-07-26,46322,89.48177531249992,5074,43612
2025-07-27,46072,71.71467017499994,4087,43482
2025-07-28,47918,160.17602933749987,8637,44389
2025-07-29,47119,146.0125142999999,7083,43818
2025-07-30,46986,119.6458124499999,6508,43855
2025-07-31,47169,126.90757546249989,7339,43632
2025-08-01,48285,216.38692982499987,9440,44241
2025-08-02,46757,111.38809956249992,6698,43711
2025-08-03,45792,75.91634694999993,4461,43320
2025-08-04,47015,130.8774842999999,8117,43633
2025-08-05,46159,98.63416037499992,5922,43428
2025-08-06,46202,92.40726733749993,5682,43429
2025-08-07,47092,126.6198350124999,7414,43216
2025-08-08,45952,125.11823354999991,7463,42714
2025-08-09,46134,117.07979518749991,6827,43041
2025-08-10,45480,95.95816804999993,5943,42624
2025-08-11,46247,137.1952808374999,8475,42914
2025-08-12,46730,151.27153089999987,9796,43032
2025-08-13,46106,156.76853694999986,9428,42116
2025-08-14,48888,268.6146205749998,12665,42717
2025-08-15,46106,149.5316251999999,9638,42467
2025-08-16,45254,95.78598356249994,5881,42562
2025-08-17,45888,107.37774582499992,7213,42856
2025-08-18,46929,161.5652242124999,10521,43058
2025-08-19,46587,144.0207398999999,9042,42981
2025-08-20,45910,143.2826732499999,9717,42497
2025-08-21,45500,101.92329567499992,6360,42405
2025-08-22,47838,252.89092381249986,17012,42887
2025-08-23,46562,112.11584596249992,7294,43452
2025-08-24,47307,169.35342261249988,11320,43634
2025-08-25,48403,192.08935728749987,12163,44083
2025-08-26,47474,240.7589713249999,11756,43645
2025-08-27,47115,143.9302199374999,8571,43651
2025-08-28,46737,128.60577644999992,8479,43439
2025-08-29,47611,172.19667271249992,9537,43569
2025-08-30,45885,83.88938753749993,5009,43393
2025-08-31,46287,96.10319021249992,6214,43483
2025-09-01,47333,153.3801473124999,9918,43793
2025-09-02,48928,178.49537244999985,11654,43671
2025-09-03,46707,190.29671764999992,7323,43666
2025-09-04,46553,101.42629794999992,6256,43508
2025-09-05,46141,113.85781773749993,7242,43233
2025-09-06,46071,85.16253773749992,4819,43594
2025-09-07,46228,98.06372151249992,5865,43671
2025-09-08,46410,112.98419049999991,7098,43419
2025-09-09,46555,132.9281649374999,8183,43420
2025-09-10,47056,146.8845490999999,9692,43368
2025-09-11,46053,132.2974537249999,7973,43080
2025-09-12,45917,119.90439371249992,7421,42947
2025-09-13,46335,126.3750392749999,7822,43468
2025-09-14,45820,124.59476398749992,7589,43050
2025-10-09,46487,112.50018637499991,6835,43577
2025-10-10,49798,249.24173923749984,13522,44156
2025-10-11,48950,281.08531097499986,13882,44182
2025-10-12,48496,209.97846952499987,14062,44022
2025-10-13,48449,220.46382189999989,13843,44141
2025-10-14,48132,211.85698806249985,13430,44019
2025-10-15,46524,122.5981690374999,7593,43307
2025-10-16,46875,141.3922497999999,8461,43385
2025-10-17,48178,165.5404523499999,9805,44390
2025-10-18,46657,89.18662681249988,5327,43721
2025-10-19,46318,116.9508787374999,7892,43171
2025-10-20,45923,108.13920726249992,6873,43025
2025-10-21,48241,200.80405241249986,12644,43871
2025-10-22,47124,112.6409645374999,6617,43899
2025-10-23,47305,100.57331811249992,6368,43978
2025-10-24,46973,109.0119726874999,7094,43918
2025-10-25,45711,54.34701826249994,3116,43476
2025-10-26,46794,108.04462996249991,6591,43820
2025-10-27,47152,106.1254534249999,6284,43993
2025-10-28,47086,115.95247766249992,7122,43956
2025-10-29,47166,118.3593190499999,7174,43909
2025-10-30,48408,199.05730833749988,12181,44169
2025-10-31,46791,102.22774551249992,6537,43617
2025-11-01,46243,74.40785872499993,4353,43485
2025-11-02,46225,78.08085296249992,4812,43644
2025-11-03,49888,326.20505777499983,13425,45626
2025-11-04,51818,339.7817269749998,19432,45829
2025-11-05,47982,149.12145273749988,9190,43854
2025-11-06,46732,101.64947811249989,6615,43551
2025-11-07,48775,189.69738999999984,12569,44156
2025-11-08,46531,105.40337623749991,6428,43386
2025-11-09,46274,88.58730628749991,5702,43411
2025-11-10,46673,107.75212797499991,6831,43405
2025-11-11,47669,113.54608632499989,6991,44208
2025-11-12,47234,112.43054784999991,6841,43693
2025-11-13,49687,177.87292053749985,11090,44951
2025-11-14,48631,162.64028256249986,10197,44335
2025-11-15,46223,73.14960402499992,4272,43533
2025-11-16,48246,142.08669266249987,8790,44542
2025-11-17,48335,159.77973186249986,9834,44182
2025-11-18,47199,118.26518061249989,7173,43622
2025-11-19,51024,206.7204512749998,12346,45814
2025-11-20,50039,201.7895765249998,11941,45321
2025-11-21,55024,702.5889189749996,33407,46584
2025-11-22,46726,72.9760385999999,4271,43741
2025-11-23,46178,80.26290341249991,4617,43101
2025-11-24,47545,122.92429077499987,7683,43746
2025-11-25,47666,122.7064281499999,7423,43974
2025-11-26,47883,96.20110617499986,5818,44271
2025-11-27,46373,62.81906756249992,3541,43639
2025-11-28,46880,78.3811474624999,4613,43915
2025-11-29,46036,48.56381488749993,2555,43555
2025-11-30,46654,66.95711389999991,4014,43850
2025-12-01,48482,152.91404862499985,8738,44666
2025-12-02,48263,139.28636503749985,8676,44199
2025-12-03,47791,119.30602806249989,8209,44027
2025-12-04,46498,78.08794037499992,4935,43604
2025-12-05,47602,106.6716614249999,6339,44175
2025-12-06,46095,53.189872924999925,2974,43537
2025-12-07,47889,116.60995684999986,7337,44258
2025-12-08,46928,87.0641827249999,5434,43836
2025-12-09,47850,135.32748254999987,8359,44172
2025-12-10,47243,189.84236144999988,6802,43996
2025-12-11,47919,129.65730052499987,7923,44375
2025-12-12,47152,106.5751564374999,6462,43982
2025-12-13,45892,55.09936421249993,2904,43579
2025-12-14,46247,82.20402972499991,4552,43636
2025-12-15,54524,1491.6753463124996,33876,45322
2025-12-16,46971,123.85980746249992,5674,43786
2025-12-17,48828,271.9087949999999,10674,44139
2025-12-18,47497,140.14635649999988,8884,43872
2025-12-19,46455,92.3760327374999,6310,43529
