date,tx_count,other_msg_count,system_count,p2p_count,p2c_count,c2c_count,c2p_count,hx_address_count,cx_address_count,tx_fees_L1,tx_fees_DEX
2023-07-01,64040.0,56662.0,43170.0,46697.0,6630.0,3210.0,7503.0,6022.0,114.0,305.6357081125,0.0
2023-07-02,59823.0,54014.0,43139.0,46123.0,6208.0,2232.0,5260.0,5358.0,112.0,254.5169886125,0.0
2023-07-03,63187.0,57411.0,43140.0,46407.0,7337.0,2294.0,7149.0,6628.0,115.0,260.7058569375,0.0
2023-07-04,63483.0,56414.0,43181.0,43192.0,7608.0,3097.0,9586.0,5991.0,123.0,307.9910874625,0.0
2023-07-05,62485.0,55784.0,43125.0,46129.0,6472.0,2812.0,7072.0,5862.0,112.0,253.367568225,0.0
2023-07-06,65403.0,55902.0,43139.0,46089.0,7750.0,4639.0,6925.0,5373.0,118.0,284.2633769125,0.0
2023-07-07,63087.0,57413.0,43153.0,45784.0,6173.0,2196.0,8934.0,5563.0,112.0,336.5655027875,0.0
2023-07-08,63069.0,58496.0,43170.0,45973.0,5382.0,1274.0,10440.0,5625.0,104.0,200.0943084875,0.0
2023-07-09,60149.0,56608.0,43169.0,47044.0,4743.0,1298.0,7064.0,5508.0,108.0,185.9718749,0.0
2023-07-10,63617.0,58847.0,43139.0,46554.0,7275.0,2222.0,7566.0,6312.0,114.0,329.9396048625,0.0
2023-07-11,62833.0,55436.0,43139.0,47383.0,6687.0,1895.0,6868.0,5918.0,117.0,252.5075781,0.0
2023-07-12,55611.0,50910.0,43175.0,46707.0,5605.0,1569.0,1730.0,1924.0,105.0,196.8473000125,0.0
2023-07-13,70096.0,62808.0,43163.0,47036.0,6720.0,3475.0,12865.0,5858.0,113.0,302.3837349875,0.0
2023-07-14,63629.0,57162.0,43137.0,46753.0,6610.0,2832.0,7434.0,6049.0,110.0,266.8543432375,0.0
2023-07-15,63042.0,56336.0,43142.0,47037.0,5983.0,2521.0,7501.0,5840.0,114.0,240.9705868125,0.0
2023-07-16,60577.0,55719.0,43169.0,46914.0,5446.0,1514.0,6703.0,5841.0,105.0,186.8122597375,0.0
2023-07-17,65964.0,59222.0,43160.0,47040.0,7984.0,2682.0,8258.0,6624.0,114.0,328.90809415,0.0
2023-07-18,66965.0,60118.0,43021.0,48136.0,6855.0,3448.0,8526.0,5997.0,108.0,306.220010375,0.0
2023-07-19,62233.0,58000.0,42844.0,48464.0,4992.0,1937.0,6840.0,5860.0,108.0,209.567003775,0.0
2023-07-20,62992.0,58597.0,43005.0,48017.0,5542.0,1858.0,7575.0,5787.0,101.0,222.2830775125,0.0
2023-07-21,63080.0,57885.0,42940.0,47614.0,5462.0,2879.0,7125.0,5675.0,112.0,256.5324192125,0.0
2023-07-22,61613.0,57731.0,43060.0,47518.0,4938.0,1714.0,7443.0,5653.0,104.0,212.2833445,0.0
2023-07-23,61303.0,57390.0,43071.0,47423.0,4763.0,1517.0,7600.0,5623.0,104.0,218.232169575,0.0
2023-07-24,60084.0,54239.0,43019.0,48208.0,7343.0,2309.0,2224.0,2815.0,107.0,218.215350275,0.0
2023-07-25,62640.0,57256.0,43103.0,48312.0,5555.0,1962.0,6811.0,5690.0,113.0,231.2735800125,0.0
2023-07-26,61551.0,57305.0,43049.0,48070.0,5915.0,1284.0,6282.0,5802.0,114.0,190.656158175,0.0
2023-07-27,63381.0,57505.0,43094.0,48127.0,5826.0,2196.0,7232.0,5726.0,115.0,323.166874325,0.0
2023-07-28,35643.0,30459.0,43136.0,21476.0,5707.0,1665.0,6795.0,5760.0,103.0,167.37880015,0.0
2023-07-29,15120.0,11191.0,43143.0,3220.0,4714.0,913.0,6273.0,5667.0,99.0,101.6025440375,0.0
2023-07-30,16857.0,12372.0,43157.0,3183.0,5290.0,1753.0,6631.0,5763.0,112.0,140.3980607375,0.0
2023-07-31,49129.0,42986.0,43136.0,32477.0,7195.0,2404.0,7053.0,6853.0,117.0,266.33260035,0.0
2023-08-01,60040.0,54418.0,43113.0,44736.0,5914.0,2288.0,7102.0,5965.0,114.0,279.1831472625,0.0
2023-08-02,66778.0,62057.0,43165.0,46689.0,12084.0,1546.0,6459.0,5721.0,113.0,277.429003925,0.0
2023-08-03,73715.0,67726.0,43154.0,46223.0,13575.0,2070.0,11847.0,5785.0,114.0,337.45061465,0.0
2023-08-04,64038.0,58013.0,43139.0,48374.0,6784.0,1940.0,6940.0,5733.0,106.0,269.553472675,0.0
2023-08-05,60002.0,55375.0,43157.0,46625.0,5408.0,1477.0,6492.0,5653.0,108.0,193.125456775,0.0
2023-08-06,59701.0,55152.0,43159.0,46614.0,5165.0,1385.0,6537.0,5669.0,111.0,186.5289841,0.0
2023-08-07,55506.0,50929.0,43143.0,40840.0,6794.0,1430.0,6442.0,6612.0,110.0,287.3250744,0.0
2023-08-08,61859.0,56517.0,43167.0,46756.0,5657.0,2147.0,7299.0,5739.0,113.0,221.854238,0.0
2023-08-09,54144.0,49741.0,43169.0,46486.0,5286.0,1303.0,1069.0,1867.0,104.0,195.4713883875,0.0
2023-08-10,58652.0,53955.0,43161.0,45216.0,5385.0,1477.0,6574.0,5685.0,108.0,208.2603563375,0.0
2023-08-11,44315.0,41294.0,43138.0,30671.0,5606.0,1202.0,6836.0,5544.0,104.0,177.4791583875,0.0
2023-08-12,57543.0,54704.0,43134.0,45487.0,4817.0,1120.0,6119.0,5436.0,100.0,163.6525158625,0.0
2023-08-13,62515.0,55908.0,43174.0,47476.0,6987.0,1647.0,6405.0,5754.0,107.0,207.6112515375,0.0
2023-08-14,62605.0,57762.0,43165.0,46167.0,7884.0,1430.0,7124.0,6514.0,110.0,284.1964961625,0.0
2023-08-15,60767.0,55855.0,43137.0,41497.0,5864.0,1779.0,11627.0,5838.0,105.0,224.1850507375,0.0
2023-08-16,12607.0,7199.0,43145.0,3366.0,5677.0,2156.0,1408.0,1921.0,104.0,173.1421249,0.0
2023-08-17,24572.0,18408.0,43151.0,3508.0,6304.0,2740.0,12020.0,5744.0,110.0,253.4286112,0.0
2023-08-18,17186.0,12076.0,43168.0,3431.0,5392.0,1941.0,6422.0,5712.0,101.0,160.805464175,0.0
2023-08-19,16242.0,11923.0,43109.0,3117.0,5386.0,1249.0,6490.0,5688.0,103.0,125.170378225,0.0
2023-08-20,16492.0,12472.0,43132.0,3274.0,4969.0,1313.0,6936.0,5676.0,99.0,128.009441875,0.0
2023-08-21,30915.0,25819.0,43163.0,16042.0,6758.0,1829.0,6286.0,6421.0,113.0,222.676830525,0.0
2023-08-22,60288.0,55880.0,43129.0,46564.0,5288.0,1507.0,6929.0,5682.0,94.0,220.356966575,0.0
2023-08-23,60342.0,55316.0,43123.0,46369.0,5643.0,1800.0,6530.0,5692.0,105.0,197.6381536875,0.0
2023-08-24,59565.0,55083.0,43184.0,46336.0,5145.0,1424.0,6660.0,5629.0,98.0,201.2604475125,0.0
2023-08-25,58751.0,54751.0,43170.0,46113.0,5378.0,1157.0,6103.0,5684.0,102.0,165.828851925,0.0
2023-08-26,24087.0,19829.0,43153.0,11876.0,4735.0,1092.0,6384.0,5558.0,103.0,116.522476975,0.0
2023-08-27,15023.0,11261.0,43138.0,2865.0,4776.0,1056.0,6326.0,5609.0,99.0,108.531277,0.0
2023-08-28,16527.0,11812.0,43123.0,3005.0,5378.0,1474.0,6670.0,5663.0,106.0,135.496291375,0.0
2023-08-29,17739.0,12641.0,43154.0,2987.0,5677.0,2057.0,7018.0,5725.0,100.0,187.736148775,0.0
2023-08-30,18461.0,14576.0,43148.0,4039.0,6469.0,1627.0,6326.0,6353.0,100.0,178.0113789875,0.0
2023-08-31,17801.0,12788.0,43133.0,3069.0,6740.0,1621.0,6371.0,5825.0,104.0,149.666214825,0.0
2023-09-01,11513.0,6984.0,43183.0,3588.0,5123.0,1437.0,1365.0,1902.0,103.0,119.1213652125,0.0
2023-09-02,15393.0,11445.0,43169.0,2883.0,5044.0,1146.0,6320.0,5623.0,102.0,126.623929575,0.0
2023-09-03,14179.0,10548.0,43168.0,2703.0,4618.0,827.0,6031.0,5560.0,95.0,122.7715948125,0.0
2023-09-04,19833.0,13916.0,43111.0,3495.0,7569.0,1762.0,7007.0,6520.0,103.0,179.39990415,0.0
2023-09-05,15569.0,11362.0,43102.0,2782.0,4987.0,1298.0,6502.0,5621.0,100.0,125.78106715,0.0
2023-09-06,15768.0,11452.0,43157.0,2790.0,5463.0,1230.0,6285.0,5774.0,107.0,119.5225765,0.0
2023-09-07,15981.0,11796.0,43169.0,3173.0,5542.0,1087.0,6179.0,5558.0,94.0,121.9350834625,0.0
2023-09-08,15837.0,11708.0,43090.0,3310.0,4995.0,1255.0,6277.0,5639.0,103.0,112.45293135,0.0
2023-09-09,14692.0,10687.0,43151.0,2657.0,4757.0,1180.0,6098.0,5550.0,97.0,123.321942025,0.0
2023-09-10,15801.0,11654.0,43158.0,3405.0,5114.0,1060.0,6222.0,5569.0,97.0,121.73132175,0.0
2023-09-11,19496.0,13898.0,43163.0,3797.0,7615.0,1658.0,6426.0,6395.0,114.0,168.594836775,0.0
2023-09-12,16243.0,11843.0,43130.0,3017.0,5574.0,1309.0,6343.0,5814.0,105.0,125.2877858875,0.0
2023-09-13,10263.0,5703.0,43104.0,2823.0,5185.0,1274.0,981.0,1749.0,101.0,109.5037172375,0.0
2023-09-14,21787.0,17056.0,43152.0,3344.0,5513.0,1568.0,11362.0,5733.0,101.0,162.19149825,0.0
2023-09-15,18820.0,12425.0,43155.0,3034.0,6311.0,3022.0,6453.0,5665.0,102.0,191.2862241875,0.0
2023-09-16,16501.0,11647.0,43165.0,2956.0,5312.0,1911.0,6322.0,5670.0,106.0,139.445465975,0.0
2023-09-17,17037.0,12507.0,43178.0,3396.0,5204.0,1607.0,6830.0,5589.0,102.0,145.4228216125,0.0
2023-09-18,17668.0,12867.0,43165.0,2730.0,7084.0,1471.0,6383.0,6435.0,99.0,132.9104957125,0.0
2023-09-19,15844.0,11385.0,43137.0,3058.0,5191.0,1403.0,6192.0,5665.0,105.0,137.2788524875,0.0
2023-09-20,17174.0,12035.0,43116.0,3412.0,5646.0,1844.0,6272.0,5758.0,103.0,151.2483415375,0.0
2023-09-21,16514.0,11834.0,43130.0,3026.0,5445.0,1582.0,6461.0,5636.0,108.0,160.177795625,0.0
2023-09-22,15978.0,11640.0,43155.0,3378.0,5069.0,1319.0,6212.0,5696.0,100.0,120.053613425,0.0
2023-09-23,15085.0,11028.0,43159.0,3139.0,4852.0,1007.0,6087.0,5588.0,96.0,97.6074944499999,0.0
2023-09-24,15392.0,11156.0,43117.0,2837.0,5110.0,1265.0,6180.0,5736.0,102.0,115.8065716375,0.0
2023-09-25,17828.0,12878.0,43160.0,3495.0,6482.0,1464.0,6387.0,6370.0,108.0,150.1340843125,0.0
2023-09-26,9469.0,5593.0,43138.0,2202.0,4702.0,1548.0,1017.0,1315.0,93.0,102.9270510625,0.0
2023-09-27,7987.0,4974.0,43156.0,2091.0,4198.0,966.0,732.0,1233.0,91.0,68.1070118624999,0.0
2023-09-28,8721.0,5267.0,43126.0,2001.0,4652.0,1175.0,893.0,1334.0,102.0,201.2522040375,0.0
2023-09-29,9256.0,5861.0,43123.0,2885.0,4171.0,1160.0,1040.0,1434.0,97.0,82.4745558749999,0.0
2023-09-30,9986.0,6765.0,43160.0,2996.0,4724.0,1232.0,1034.0,1589.0,92.0,88.1437961874999,0.0
2023-10-01,15591.0,6670.0,43163.0,5455.0,7185.0,1574.0,1377.0,1849.0,102.0,138.39337445,0.0
2023-10-02,13640.0,8090.0,43148.0,3787.0,7007.0,1676.0,1170.0,2894.0,104.0,129.5609864625,0.0
2023-10-03,11932.0,6794.0,43154.0,3132.0,5281.0,2080.0,1439.0,1792.0,99.0,153.37539675,0.0
2023-10-04,10445.0,6091.0,43166.0,2716.0,5412.0,1196.0,1121.0,1830.0,92.0,103.0971914,0.0
2023-10-05,10027.0,5635.0,42981.0,2817.0,4863.0,1329.0,1018.0,1684.0,91.0,93.1001764999999,0.0
2023-10-06,10241.0,5742.0,43006.0,2841.0,5278.0,1194.0,928.0,1882.0,101.0,97.4698657249999,0.0
2023-10-07,9539.0,5514.0,43128.0,2538.0,5029.0,1022.0,950.0,1677.0,83.0,104.588206625,0.0
2023-10-08,10498.0,5658.0,43158.0,2701.0,5276.0,1597.0,924.0,1790.0,90.0,177.1503006875,0.0
2023-10-09,11778.0,6480.0,43151.0,2974.0,5586.0,1985.0,1233.0,1974.0,93.0,149.149277125,0.0
2023-10-10,10765.0,5967.0,43154.0,2766.0,5365.0,1601.0,1033.0,1929.0,97.0,104.9278340875,0.0
2023-10-11,9853.0,5497.0,43092.0,2915.0,5094.0,1002.0,842.0,1768.0,94.0,93.2128081124999,0.0
2023-10-12,10656.0,6292.0,43166.0,3306.0,5137.0,1169.0,1044.0,1886.0,89.0,91.3103652124999,0.0
2023-10-13,10588.0,5621.0,43145.0,2963.0,5242.0,1301.0,1082.0,1683.0,93.0,128.691036425,0.0
2023-10-14,9343.0,5684.0,43128.0,2681.0,4671.0,891.0,1100.0,1714.0,90.0,77.5212582249999,0.0
2023-10-15,11306.0,6654.0,43037.0,3707.0,5269.0,1376.0,954.0,1838.0,99.0,119.14717645,0.0
2023-10-16,11289.0,6995.0,43114.0,2996.0,5481.0,1474.0,1338.0,1876.0,93.0,115.43630675,0.0
2023-10-17,16472.0,11862.0,43137.0,3335.0,6533.0,1253.0,5351.0,5728.0,86.0,171.5812138125,0.0
2023-10-18,15818.0,10880.0,43124.0,3211.0,5662.0,1424.0,5521.0,5138.0,98.0,132.737970575,0.0
2023-10-19,15699.0,10975.0,43140.0,3333.0,5341.0,1480.0,5545.0,5014.0,103.0,144.2630858375,0.0
2023-10-20,18370.0,12975.0,43114.0,3279.0,7444.0,1885.0,5762.0,5790.0,101.0,191.464616675,0.0
2023-10-21,15895.0,10827.0,43105.0,2992.0,5444.0,1881.0,5578.0,5153.0,99.0,192.5705871625,0.0
2023-10-22,15386.0,10624.0,43133.0,2939.0,5398.0,1540.0,5509.0,5111.0,105.0,176.139649775,0.0
2023-10-23,17437.0,11368.0,43078.0,3005.0,5759.0,2284.0,6389.0,5117.0,101.0,166.3320843,0.0
2023-10-24,17153.0,11291.0,43125.0,2839.0,6107.0,2420.0,5787.0,5334.0,102.0,185.3937323375,0.0
2023-10-25,16357.0,11117.0,43174.0,2858.0,5696.0,2062.0,5741.0,5190.0,104.0,175.18328625,0.0
2023-10-26,16171.0,10831.0,43164.0,2868.0,5708.0,2008.0,5587.0,5178.0,104.0,165.097950825,0.0
2023-10-27,13810.0,9927.0,43141.0,2694.0,4779.0,1009.0,5328.0,4988.0,100.0,150.9839945375,0.0
2023-10-28,14250.0,9975.0,43097.0,2978.0,4988.0,1132.0,5152.0,5083.0,94.0,120.93385945,0.0
2023-10-29,14262.0,9691.0,43140.0,2568.0,4978.0,1369.0,5347.0,4942.0,92.0,131.9541150125,0.0
2023-10-30,17214.0,12342.0,43149.0,3027.0,7104.0,1589.0,5494.0,5945.0,97.0,146.3601596375,0.0
2023-10-31,18479.0,12153.0,43142.0,3456.0,6205.0,3041.0,5777.0,5246.0,111.0,224.9091251375,0.0
2023-11-01,16235.0,11214.0,43031.0,3072.0,5882.0,1554.0,5727.0,5243.0,113.0,165.503078075,0.0
2023-11-02,14946.0,10230.0,43141.0,2563.0,5565.0,1415.0,5403.0,5143.0,104.0,141.363225825,0.0
2023-11-03,14014.0,9856.0,43146.0,2417.0,5128.0,1192.0,5277.0,5095.0,103.0,130.3132913125,0.0
2023-11-04,14873.0,10127.0,43167.0,2608.0,5351.0,1416.0,5498.0,5068.0,105.0,152.876900325,0.0
2023-11-05,15094.0,10215.0,43137.0,2569.0,5563.0,1636.0,5326.0,5211.0,117.0,139.669027025,0.0
2023-11-06,17077.0,12171.0,43078.0,2932.0,6831.0,1676.0,5638.0,5908.0,107.0,198.5435945375,0.0
2023-11-07,15367.0,10422.0,43129.0,2695.0,5499.0,1724.0,5449.0,5244.0,100.0,147.66566695,0.0
2023-11-08,14873.0,10210.0,43156.0,2482.0,5382.0,1539.0,5470.0,5159.0,101.0,135.9113902875,0.0
2023-11-09,31328.0,25260.0,43155.0,16852.0,6126.0,2675.0,5675.0,5319.0,117.0,216.042747475,0.0
2023-11-10,47205.0,42408.0,43163.0,33589.0,6344.0,1760.0,5512.0,5826.0,105.0,187.6202619875,0.0
2023-11-11,63362.0,55895.0,43152.0,46735.0,7520.0,3293.0,5814.0,5449.0,111.0,306.4373105875,0.0
2023-11-12,68650.0,57967.0,43153.0,47294.0,8529.0,6441.0,6386.0,5602.0,114.0,420.568994925,0.0
2023-11-13,48675.0,41173.0,43156.0,31556.0,7435.0,3603.0,6081.0,5333.0,117.0,367.7990325875,0.0
2023-11-14,42860.0,35642.0,43125.0,31984.0,6117.0,3415.0,1344.0,1993.0,109.0,297.6266551125,0.0
2023-11-15,64105.0,58949.0,43122.0,46276.0,5864.0,2008.0,9957.0,5201.0,108.0,255.2030013625,0.0
2023-11-16,61931.0,54670.0,43100.0,46427.0,6060.0,3786.0,5658.0,5117.0,122.0,360.802843025,0.0
2023-11-17,61807.0,55013.0,43155.0,46159.0,6385.0,3648.0,5615.0,5104.0,116.0,264.391101275,0.0
2023-11-18,49274.0,44585.0,43127.0,37379.0,4924.0,1742.0,5229.0,4941.0,110.0,177.653718775,0.0
2023-11-19,58865.0,53701.0,43176.0,45833.0,5608.0,1965.0,5459.0,5067.0,108.0,211.7987800625,0.0
2023-11-20,48952.0,45220.0,43100.0,37215.0,5192.0,1240.0,5305.0,4815.0,110.0,182.129603175,0.0
2023-11-21,58555.0,54200.0,43136.0,46459.0,5319.0,1385.0,5392.0,5213.0,112.0,369.5100402375,0.0
2023-11-22,56682.0,52429.0,43082.0,44062.0,6159.0,1292.0,5169.0,5890.0,110.0,228.2827571,0.0
2023-11-23,39666.0,35380.0,43149.0,27741.0,5456.0,1191.0,5278.0,5192.0,108.0,212.1604418875,0.0
2023-11-24,13683.0,9772.0,43133.0,2541.0,4839.0,1159.0,5144.0,5065.0,102.0,166.8317464875,0.0
2023-11-25,13124.0,9406.0,43125.0,2471.0,4769.0,821.0,5063.0,5043.0,105.0,118.9242512125,0.0
2023-11-26,14503.0,10183.0,43163.0,2465.0,5184.0,1410.0,5444.0,5026.0,103.0,137.9186725125,0.0
2023-11-27,13681.0,9723.0,43120.0,2359.0,5146.0,1082.0,5094.0,5077.0,108.0,254.2661235375,0.0
2023-11-28,13243.0,9545.0,43136.0,2296.0,5057.0,930.0,4960.0,4961.0,104.0,135.054872675,0.0
2023-11-29,11552.0,7086.0,43120.0,2463.0,6745.0,1250.0,1094.0,2889.0,115.0,161.703060175,0.0
2023-11-30,14265.0,9743.0,43119.0,2545.0,5152.0,1297.0,5271.0,5003.0,104.0,127.5831380875,0.0
2023-12-01,19426.0,14893.0,43135.0,3011.0,5672.0,1164.0,9579.0,5255.0,109.0,220.0533993625,0.0
2023-12-02,13521.0,9451.0,43131.0,2300.0,4971.0,1188.0,5062.0,5003.0,104.0,121.4486613375,0.0
2023-12-03,15163.0,10116.0,43106.0,2480.0,5370.0,1522.0,5791.0,5044.0,100.0,140.2812478375,0.0
2023-12-04,34409.0,29269.0,43153.0,21165.0,5809.0,1981.0,5454.0,5116.0,108.0,194.5822666125,0.0
2023-12-05,42034.0,37078.0,43115.0,33469.0,5657.0,1923.0,985.0,2071.0,108.0,168.0327536875,0.0
2023-12-06,62468.0,57785.0,43127.0,45674.0,5388.0,1689.0,9717.0,5096.0,111.0,326.4530279125,0.0
2023-12-07,59512.0,54438.0,43156.0,45520.0,6871.0,1776.0,5345.0,5790.0,112.0,203.0518558625,0.0
2023-12-08,57899.0,53486.0,43138.0,45951.0,5204.0,1320.0,5424.0,5114.0,114.0,175.295430575,0.0
2023-12-09,17270.0,12537.0,43122.0,5094.0,5459.0,1429.0,5288.0,5203.0,104.0,149.4213361375,0.0
2023-12-10,14030.0,9690.0,43158.0,2525.0,4859.0,1453.0,5193.0,5011.0,104.0,125.178968275,0.0
2023-12-11,14877.0,10084.0,43152.0,2514.0,5426.0,1635.0,5302.0,5182.0,111.0,230.9253434875,0.0
2023-12-12,14286.0,10643.0,43157.0,2316.0,5941.0,999.0,5030.0,5755.0,102.0,118.110045475,0.0
2023-12-13,10619.0,6533.0,43123.0,2196.0,6680.0,1109.0,634.0,1853.0,109.0,175.42387495,0.0
2023-12-14,18483.0,14048.0,43086.0,2254.0,5138.0,1478.0,9613.0,5015.0,110.0,159.927015875,0.0
2023-12-15,13641.0,9919.0,43125.0,2526.0,4884.0,1064.0,5167.0,5004.0,102.0,109.90401405,0.0
2023-12-16,13095.0,9195.0,43128.0,2572.0,4437.0,1080.0,5006.0,4912.0,102.0,107.2275758375,0.0
2023-12-17,12704.0,10020.0,43171.0,1967.0,4428.0,1181.0,5128.0,4961.0,107.0,119.349418725,0.0
2023-12-18,16443.0,10624.0,43159.0,2526.0,5609.0,2559.0,5749.0,5097.0,101.0,216.8401129375,0.0
2023-12-19,13972.0,9672.0,43161.0,2197.0,5198.0,1460.0,5117.0,5097.0,105.0,159.156224925,0.0
2023-12-20,17840.0,11988.0,43089.0,2551.0,6804.0,3026.0,5459.0,5819.0,120.0,218.039659575,0.0
2023-12-21,14941.0,10139.0,43122.0,2276.0,5401.0,1813.0,5451.0,5138.0,108.0,143.813010025,0.0
2023-12-22,13920.0,9694.0,43028.0,2625.0,4901.0,1265.0,5129.0,5064.0,102.0,164.8581197875,0.0
2023-12-23,13596.0,9478.0,43144.0,2427.0,5039.0,993.0,5137.0,5092.0,100.0,107.3510665375,0.0
2023-12-24,13622.0,9343.0,43113.0,2295.0,4740.0,1444.0,5143.0,4976.0,100.0,120.5952377375,0.0
2023-12-25,13072.0,9230.0,43152.0,2252.0,4744.0,1142.0,4934.0,4985.0,103.0,119.478714875,0.0
2023-12-26,13802.0,9570.0,43158.0,2352.0,4972.0,1510.0,4968.0,5065.0,106.0,148.2681332125,0.0
2023-12-27,17815.0,12266.0,43121.0,3504.0,7406.0,1118.0,5787.0,5674.0,97.0,115.5803603375,0.0
2023-12-28,16610.0,10596.0,43123.0,3051.0,6283.0,1363.0,5913.0,5146.0,102.0,142.7152256625,0.0
2023-12-29,14955.0,10331.0,42746.0,2471.0,6148.0,1084.0,5252.0,5147.0,110.0,411.2273494875,0.0
2023-12-30,14373.0,10720.0,42451.0,1937.0,6098.0,962.0,5376.0,4865.0,104.0,461.0477884875,0.0
2023-12-31,14599.0,11060.0,42434.0,1964.0,6122.0,1242.0,5271.0,4887.0,94.0,475.764612825,0.0
2024-01-01,8693.0,6490.0,42513.0,2030.0,6192.0,74.0,397.0,1715.0,85.0,399.3493851,0.0
2024-01-02,14867.0,12599.0,42760.0,2556.0,7130.0,101.0,5080.0,5921.0,92.0,235.9339409375,0.0
2024-01-03,26867.0,23061.0,43030.0,14703.0,5738.0,1144.0,5282.0,4889.0,110.0,161.453785775,0.0
2024-01-04,60175.0,54497.0,42989.0,45006.0,6850.0,2731.0,5588.0,5045.0,117.0,301.9349247,0.0
2024-01-05,54490.0,50163.0,43002.0,41495.0,5908.0,1598.0,5489.0,4851.0,112.0,225.8658102,0.0
2024-01-06,29211.0,25159.0,43008.0,17017.0,5466.0,1740.0,4988.0,4942.0,109.0,179.412644725,0.0
2024-01-07,12983.0,9207.0,43019.0,2183.0,4898.0,976.0,4926.0,5003.0,97.0,134.1523973875,0.0
2024-01-08,53536.0,40385.0,42584.0,34115.0,11030.0,2913.0,5478.0,5829.0,112.0,618.96891335,0.0
2024-01-09,57668.0,52872.0,42444.0,44972.0,6023.0,1436.0,5237.0,5063.0,112.0,570.4730221125,0.0
2024-01-10,52658.0,47305.0,42499.0,38500.0,7080.0,1451.0,5627.0,5358.0,120.0,539.1187656875,0.0
2024-01-11,18116.0,12017.0,42675.0,3205.0,6909.0,2289.0,5713.0,5120.0,116.0,559.9561412875,0.0
2024-01-12,24416.0,18816.0,42547.0,9941.0,7140.0,2030.0,5305.0,5071.0,114.0,530.9180671625,0.0
2024-01-13,61178.0,54010.0,42617.0,45622.0,8442.0,1024.0,6090.0,5009.0,109.0,539.0271148875,0.0
2024-01-14,60866.0,54202.0,42607.0,45778.0,8121.0,996.0,5971.0,4989.0,98.0,536.5087701,0.0
2024-01-15,60327.0,54946.0,42759.0,45349.0,8084.0,1378.0,5516.0,5774.0,107.0,401.5827028625,0.0
2024-01-16,19876.0,15315.0,43026.0,7565.0,5771.0,1297.0,5243.0,5167.0,101.0,157.230321575,0.0
2024-01-17,13150.0,9278.0,43059.0,2321.0,4804.0,1041.0,4984.0,4973.0,103.0,132.2203061625,0.0
2024-01-18,15293.0,10368.0,43072.0,2632.0,5616.0,1708.0,5337.0,5124.0,109.0,176.1945168375,0.0
2024-01-19,19260.0,11097.0,43008.0,2997.0,8745.0,1246.0,6272.0,4927.0,104.0,213.281872875,0.0
2024-01-20,17287.0,10684.0,43093.0,2771.0,7493.0,1104.0,5919.0,4929.0,102.0,168.1500680875,0.0
2024-01-21,8524.0,4359.0,33292.0,2334.0,4901.0,585.0,704.0,1619.0,91.0,84.5827248249999,0.0
2024-01-22,15447.0,11127.0,43106.0,2387.0,6999.0,871.0,5190.0,5814.0,104.0,137.8655642125,0.0
2024-01-23,14017.0,9651.0,43093.0,2361.0,5149.0,1412.0,5095.0,4915.0,103.0,153.1220129625,0.0
2024-01-24,13061.0,9221.0,43088.0,2248.0,5321.0,584.0,4908.0,4946.0,100.0,109.80153795,0.0
2024-01-25,15078.0,10034.0,43058.0,2596.0,5860.0,1164.0,5458.0,5014.0,111.0,185.989450475,0.0
2024-01-26,14881.0,10388.0,43068.0,2406.0,5867.0,1269.0,5339.0,5020.0,104.0,193.8972172625,0.0
2024-01-27,13740.0,9292.0,43124.0,2420.0,5432.0,844.0,5044.0,4927.0,104.0,152.3577746875,0.0
2024-01-28,19166.0,11521.0,43170.0,3414.0,7916.0,1767.0,6069.0,5066.0,114.0,181.2917287875,0.0
2024-01-29,15668.0,11008.0,43074.0,2679.0,6713.0,932.0,5344.0,5682.0,111.0,156.7783991,0.0
2024-01-30,17802.0,10978.0,43074.0,2718.0,7578.0,1671.0,5835.0,5174.0,102.0,171.5782279,0.0
2024-01-31,16953.0,10987.0,43079.0,3037.0,6621.0,1742.0,5553.0,5120.0,98.0,185.88483065,0.0
2024-02-01,19572.0,11528.0,43067.0,2916.0,9110.0,1302.0,6244.0,5117.0,100.0,171.9691287,0.0
2024-02-02,15029.0,10433.0,43039.0,2257.0,6211.0,1182.0,5379.0,4921.0,115.0,177.5988034,0.0
2024-02-03,14507.0,10276.0,43111.0,2599.0,5596.0,1281.0,5031.0,5023.0,95.0,139.055721475,0.0
2024-02-04,14002.0,9951.0,43113.0,2632.0,5060.0,1296.0,5014.0,4908.0,107.0,140.3201220625,0.0
2024-02-05,20136.0,11898.0,43097.0,3032.0,9404.0,1284.0,6416.0,5104.0,110.0,199.885672875,0.1
2024-02-06,20944.0,14342.0,43070.0,2842.0,10837.0,1274.0,5991.0,5776.0,116.0,1772.540913925,0.0
2024-02-07,19958.0,14401.0,43151.0,2847.0,10294.0,1155.0,5662.0,5071.0,111.0,2320.7593347375,0.0
2024-02-08,18837.0,13098.0,43156.0,2780.0,9123.0,1295.0,5639.0,4939.0,113.0,2210.1515435125,0.0
2024-02-09,16072.0,11843.0,43177.0,2570.0,6851.0,1438.0,5213.0,5094.0,112.0,1306.4084896125,0.0
2024-02-10,14029.0,10049.0,43183.0,2728.0,5111.0,1104.0,5086.0,4955.0,109.0,154.3713585625,0.0
2024-02-11,10410.0,5763.0,43170.0,2420.0,6162.0,809.0,1019.0,1808.0,97.0,106.4388407125,0.0
2024-02-12,17122.0,12263.0,43137.0,2463.0,6659.0,2440.0,5560.0,5684.0,114.0,223.4397063,0.0
2024-02-13,15234.0,10844.0,43143.0,2814.0,5651.0,1502.0,5267.0,5063.0,115.0,163.010175525,0.0
2024-02-14,20007.0,13438.0,43165.0,2594.0,7243.0,4394.0,5776.0,5107.0,116.0,335.5605721625,0.0
2024-02-15,17796.0,12484.0,43181.0,2741.0,6505.0,3022.0,5528.0,5259.0,123.0,227.205879025,0.0
2024-02-16,15196.0,10808.0,43172.0,2269.0,6057.0,1615.0,5255.0,4966.0,113.0,307.791875225,0.124189426691772
2024-02-17,9239.0,5206.0,33948.0,2099.0,5447.0,1068.0,625.0,1675.0,103.0,341.6067012375,0.0
2024-02-18,9989.0,6149.0,33077.0,2046.0,6010.0,1359.0,574.0,1643.0,97.0,1196.7514776125,0.0
2024-02-19,18279.0,13292.0,43138.0,2621.0,8724.0,1689.0,5245.0,5225.0,118.0,2190.671657925,0.0
2024-02-20,19659.0,14017.0,43151.0,2722.0,8589.0,2937.0,5411.0,5093.0,119.0,1910.8793601,579.628822059843
2024-02-21,15971.0,11616.0,43166.0,2315.0,6794.0,1690.0,5172.0,5138.0,112.0,528.860952975,0.0
2024-02-22,16546.0,11785.0,43164.0,2305.0,7084.0,1731.0,5426.0,5075.0,127.0,600.2851309,704.664828135725
2024-02-23,17099.0,12130.0,43171.0,2234.0,7538.0,1962.0,5365.0,5068.0,119.0,572.78180215,0.0
2024-02-24,15710.0,11179.0,43168.0,2391.0,6208.0,1887.0,5224.0,5026.0,119.0,502.5271806,0.0
2024-02-25,16393.0,11158.0,43175.0,2527.0,6812.0,1811.0,5243.0,5180.0,117.0,511.243795825,775.143803108086
2024-02-26,19785.0,13400.0,43177.0,2856.0,8344.0,3020.0,5565.0,5951.0,121.0,562.949469775,0.0
2024-02-27,16771.0,11573.0,43168.0,2706.0,6568.0,2121.0,5376.0,5325.0,117.0,492.78843375,1332.03911327513
2024-02-28,23250.0,14098.0,43171.0,2799.0,8651.0,5930.0,5870.0,5292.0,124.0,647.7457015125,0.0
2024-02-29,21646.0,13703.0,43171.0,3269.0,8623.0,3769.0,5985.0,5348.0,132.0,684.7030375375,782.050161892047
2024-03-01,20136.0,13112.0,43153.0,3034.0,7734.0,3393.0,5975.0,5278.0,126.0,639.1846260625,0.0
2024-03-02,18532.0,12162.0,43175.0,3215.0,7546.0,2284.0,5487.0,5340.0,127.0,543.9507482375,0.0
2024-03-03,13034.0,7195.0,43162.0,2491.0,6943.0,2554.0,1046.0,1910.0,110.0,505.990465075,0.0
2024-03-04,24727.0,16454.0,43168.0,3879.0,9989.0,4728.0,6131.0,6227.0,130.0,701.795517625,1882.90274157297
2024-03-05,25515.0,15444.0,43167.0,3846.0,9381.0,6033.0,6255.0,5449.0,137.0,819.7490280125,799.789117133762
2024-03-06,18951.0,12952.0,43173.0,3118.0,7452.0,2912.0,5469.0,5314.0,136.0,444.75593135,1114.19213426992
2024-03-07,19340.0,13528.0,43144.0,2967.0,8275.0,2601.0,5497.0,5253.0,140.0,782.567184625,3006.34616958105
2024-03-08,15790.0,11044.0,43132.0,2324.0,6418.0,1813.0,5235.0,5153.0,125.0,597.004337375,0.0
2024-03-09,17504.0,12135.0,43164.0,3159.0,6786.0,1991.0,5568.0,5132.0,126.0,612.29410565,0.0
2024-03-10,21947.0,17506.0,43178.0,4082.0,8397.0,3822.0,5646.0,5502.0,131.0,705.650935375,0.0
2024-03-11,17612.0,12421.0,43178.0,3188.0,6930.0,2151.0,5343.0,5301.0,123.0,515.3051845375,0.0
2024-03-12,17839.0,12521.0,43149.0,3051.0,7022.0,2409.0,5357.0,5268.0,134.0,669.7817232,5525.86588471166
2024-03-13,19147.0,13406.0,43175.0,3064.0,7933.0,2660.0,5490.0,5889.0,131.0,591.8957885625,3556.31930487993
2024-03-14,14533.0,8623.0,43176.0,3213.0,7673.0,2614.0,1033.0,1967.0,125.0,215.62457555,0.0
2024-03-15,18402.0,12226.0,43167.0,2774.0,7346.0,2924.0,5358.0,4998.0,126.0,357.772269375,1798.64846418962
2024-03-16,16251.0,11951.0,43173.0,2478.0,7114.0,1481.0,5178.0,4986.0,117.0,1010.926335425,0.0
2024-03-17,15693.0,10932.0,43177.0,2359.0,6355.0,1978.0,5001.0,4969.0,114.0,623.0810363,0.0
2024-03-18,16646.0,11330.0,43179.0,2313.0,6706.0,2231.0,5396.0,5048.0,122.0,510.783066475,938.88178715311
2024-03-19,22899.0,15460.0,43165.0,3212.0,10980.0,3264.0,5443.0,4998.0,128.0,940.0044366125,121.335194598843
2024-03-20,20448.0,13499.0,43166.0,2467.0,8920.0,3606.0,5455.0,5031.0,128.0,693.1128140625,0.0
2024-03-21,18861.0,13311.0,43167.0,2570.0,8491.0,2447.0,5353.0,5063.0,125.0,648.4016238625,0.0
2024-03-22,14911.0,10046.0,43175.0,2321.0,6131.0,1504.0,4955.0,4913.0,121.0,406.515888275,0.0
2024-03-23,15067.0,10323.0,43151.0,2298.0,6605.0,1129.0,5035.0,4871.0,121.0,523.2174104,7087.04602339967
2024-03-24,14128.0,9775.0,43176.0,2003.0,5771.0,1399.0,4955.0,4884.0,125.0,440.3804735,594.584829892596
2024-03-25,15025.0,10741.0,43178.0,2407.0,5840.0,1697.0,5081.0,5001.0,127.0,457.982632475,252.496670481243
2024-03-26,19674.0,13802.0,43159.0,3732.0,8563.0,2776.0,4603.0,5529.0,128.0,531.643971425,0.0
2024-03-27,13669.0,10321.0,43165.0,1640.0,5521.0,1598.0,4910.0,4611.0,120.0,472.4960145,998.038563580932
2024-03-28,14439.0,10596.0,43153.0,1696.0,5815.0,1831.0,5097.0,4695.0,121.0,492.9604289125,0.0
2024-03-29,12842.0,9761.0,43173.0,1390.0,5511.0,1181.0,4760.0,4524.0,115.0,455.49597485,0.0
2024-03-30,17309.0,12428.0,43172.0,2917.0,6477.0,2648.0,5267.0,4863.0,123.0,528.09208175,0.0
2024-03-31,16657.0,9802.0,43170.0,3871.0,6881.0,1077.0,4828.0,4838.0,114.0,469.9382364375,0.0
2024-04-01,17212.0,11614.0,43149.0,2680.0,6926.0,2400.0,5206.0,5017.0,119.0,530.8997800125,0.0
2024-04-02,18873.0,12097.0,43176.0,2618.0,7019.0,3898.0,5338.0,4876.0,122.0,571.978812925,2176.9623936171
2024-04-03,16233.0,11218.0,43153.0,2256.0,6339.0,2616.0,5022.0,4889.0,123.0,500.2176829125,1342.24156109373
2024-04-04,14825.0,11187.0,43176.0,1775.0,5728.0,2105.0,5217.0,4679.0,123.0,550.5422635375,112.859157635445
2024-04-05,17005.0,11572.0,42139.0,2571.0,6825.0,2597.0,5012.0,4846.0,115.0,527.005254025,3185.00873201444
2024-04-06,12973.0,9607.0,43057.0,2211.0,5147.0,807.0,4808.0,4780.0,114.0,463.45924985,389.682442674981
2024-04-07,12722.0,9384.0,43179.0,1962.0,5389.0,737.0,4634.0,4889.0,119.0,446.5189523,327.131695707154
2024-04-08,16456.0,11712.0,43173.0,2370.0,7095.0,1742.0,5249.0,5565.0,121.0,504.6949004,218.971154437349
2024-04-09,18025.0,13797.0,43172.0,2177.0,9345.0,1504.0,4999.0,6071.0,121.0,519.7107237,369.991464744126
2024-04-10,14239.0,9969.0,43152.0,2102.0,5608.0,1600.0,4929.0,4834.0,117.0,491.020939875,1228.84314577918
2024-04-11,14537.0,10374.0,43168.0,2152.0,5971.0,1416.0,4998.0,4883.0,120.0,478.538447725,309.72241290714
2024-04-12,18064.0,12354.0,43176.0,2427.0,7548.0,2926.0,5163.0,4852.0,124.0,529.0131186375,561.529714432276
2024-04-13,19661.0,13827.0,43176.0,2810.0,8482.0,3189.0,5180.0,4925.0,114.0,553.8964015125,184.320064872431
2024-04-14,15925.0,10703.0,43129.0,2486.0,6066.0,2228.0,5145.0,4840.0,122.0,496.6242394625,361.309145884094
2024-04-15,17471.0,12110.0,43107.0,2331.0,7580.0,2387.0,5173.0,5571.0,125.0,536.9846531625,0.0
2024-04-16,15713.0,10768.0,43132.0,2364.0,6430.0,1830.0,5089.0,4847.0,120.0,493.48747625,4952.46796652472
2024-04-17,15286.0,10456.0,43139.0,2331.0,6310.0,1576.0,5069.0,4866.0,118.0,494.5912234,0.0
2024-04-18,13909.0,9761.0,43148.0,2244.0,5651.0,1116.0,4898.0,4760.0,124.0,366.0784111875,0.0
2024-04-19,13355.0,9171.0,43175.0,1928.0,5192.0,1346.0,4889.0,4878.0,113.0,98.5853733874999,0.0
2024-04-20,12728.0,8833.0,43179.0,2230.0,4615.0,956.0,4927.0,4747.0,121.0,87.9439533374999,1183.89423112114
2024-04-21,12607.0,9071.0,43179.0,2095.0,4806.0,866.0,4840.0,4846.0,113.0,85.7690466124999,1385.4256760959
2024-04-22,13776.0,9984.0,43173.0,2236.0,5717.0,1086.0,4737.0,5394.0,124.0,97.5465806249999,0.0
2024-04-23,18361.0,10932.0,43176.0,3181.0,6945.0,2658.0,5577.0,4927.0,118.0,192.038224925,0.0
2024-04-24,17071.0,12215.0,42922.0,2808.0,7479.0,1793.0,4991.0,4748.0,121.0,2079.3317497875,0.0
2024-04-25,16418.0,11180.0,43109.0,2712.0,6739.0,1750.0,5217.0,4845.0,122.0,690.8413093625,0.0
2024-04-26,14483.0,9887.0,43131.0,2273.0,5945.0,1514.0,4751.0,4812.0,116.0,499.8987063375,0.0
2024-04-27,14974.0,9914.0,43145.0,2750.0,6395.0,1009.0,4820.0,4812.0,114.0,479.5454269375,4545.92085895636
2024-04-28,13842.0,9708.0,43141.0,2558.0,5500.0,1092.0,4692.0,4771.0,110.0,456.3489791,2910.662992048
2024-04-29,15073.0,10975.0,43139.0,2211.0,6696.0,1342.0,4824.0,5438.0,123.0,486.49140225,14.1082133624877
2024-04-30,15139.0,10703.0,43142.0,2729.0,5853.0,1671.0,4886.0,4768.0,118.0,544.27833865,0.0
2024-05-01,16292.0,10945.0,43135.0,2405.0,6592.0,2065.0,5230.0,4861.0,115.0,525.0429734625,576.402620618545
2024-05-02,14248.0,9879.0,43151.0,2349.0,5676.0,1388.0,4835.0,4694.0,114.0,490.6595866625,971.149824222834
2024-05-03,14823.0,10414.0,43159.0,2103.0,6268.0,1539.0,4913.0,4816.0,116.0,478.5297444375,528.419045929593
2024-05-04,13305.0,9602.0,43162.0,2056.0,5476.0,1056.0,4717.0,4717.0,115.0,461.7575899125,0.0
2024-05-05,12658.0,9188.0,43150.0,2007.0,5234.0,848.0,4569.0,4750.0,120.0,447.5569646625,0.0
2024-05-06,15419.0,10804.0,43143.0,2143.0,6264.0,1929.0,5083.0,4717.0,115.0,540.2117303375,0.0
2024-05-07,13684.0,9784.0,43137.0,2120.0,5755.0,966.0,4843.0,4857.0,117.0,457.0436668875,875.865219734958
2024-05-08,15247.0,10865.0,43155.0,2185.0,6796.0,1330.0,4936.0,5397.0,112.0,472.3351544375,0.0
2024-05-09,14971.0,10359.0,43148.0,2163.0,6175.0,1544.0,5089.0,4821.0,118.0,484.272153925,3290.33323266893
2024-05-10,14578.0,10012.0,43153.0,2381.0,5755.0,1606.0,4836.0,4728.0,113.0,482.7961106625,414.371685991238
2024-05-11,12835.0,8925.0,43157.0,2076.0,4951.0,1022.0,4786.0,4764.0,117.0,202.8604339625,445.831037900556
2024-05-12,13105.0,9455.0,43120.0,2473.0,5119.0,888.0,4625.0,4708.0,109.0,695.2661073125,371.431364484088
2024-05-13,15407.0,10474.0,43142.0,2368.0,6237.0,1772.0,5030.0,4896.0,119.0,495.044853525,35.1492140684786
2024-05-14,14393.0,10212.0,43137.0,2555.0,5547.0,1370.0,4921.0,4723.0,112.0,514.7297531625,707.447694199989
2024-05-15,14761.0,10310.0,43141.0,2090.0,6087.0,1601.0,4983.0,4760.0,112.0,490.7061222,190.928213521489
2024-05-16,13551.0,9385.0,43151.0,2031.0,5510.0,1139.0,4871.0,4756.0,116.0,465.555195075,595.553905572451
2024-05-17,15015.0,10267.0,43143.0,2199.0,6280.0,1504.0,5032.0,4778.0,111.0,489.1661165375,253.920386063051
2024-05-18,12527.0,8989.0,43144.0,2024.0,5166.0,688.0,4649.0,4663.0,105.0,449.8238784875,317.863487296345
2024-05-19,13272.0,9354.0,43153.0,1978.0,5532.0,962.0,4800.0,4742.0,108.0,453.6188195125,0.0
2024-05-20,18121.0,12023.0,43161.0,2349.0,7976.0,2346.0,5450.0,5400.0,111.0,521.924541675,228.514863302611
2024-05-21,16485.0,11142.0,43147.0,2307.0,6996.0,1872.0,5310.0,4875.0,113.0,504.57779035,443.486590528846
2024-05-22,14708.0,9821.0,43127.0,2127.0,6098.0,1417.0,5066.0,4733.0,112.0,479.186952475,3190.04606559077
2024-05-23,16869.0,10868.0,43134.0,2226.0,6991.0,2110.0,5542.0,4817.0,115.0,507.5115406875,1258.55209925292
2024-05-24,13491.0,9919.0,43136.0,1575.0,5258.0,1551.0,5107.0,4618.0,115.0,478.1604207,0.0
2024-05-25,14372.0,10110.0,43152.0,2389.0,5867.0,1128.0,4988.0,4782.0,113.0,477.331868625,0.0
2024-05-26,13424.0,9650.0,43146.0,2015.0,5531.0,1109.0,4769.0,4705.0,108.0,464.8187814,0.0
2024-05-27,15066.0,10138.0,43134.0,2115.0,6264.0,1586.0,5101.0,4834.0,113.0,481.1926570125,0.0
2024-05-28,14809.0,11515.0,43151.0,1464.0,6744.0,1460.0,5141.0,5231.0,114.0,475.6232316375,0.0
2024-05-29,16340.0,11285.0,43146.0,2629.0,6658.0,1911.0,5142.0,4855.0,123.0,515.6635560125,0.0
2024-05-30,16665.0,11526.0,43149.0,2083.0,6868.0,2324.0,5390.0,4706.0,118.0,546.5988999125,2718.83512855963
2024-05-31,15389.0,10368.0,43147.0,2261.0,6366.0,1574.0,5188.0,4814.0,109.0,480.41195995,345.13949507635
2024-06-01,13129.0,9164.0,43147.0,1931.0,5287.0,1124.0,4787.0,4699.0,115.0,460.669087925,0.0
2024-06-02,13302.0,9346.0,43124.0,1983.0,5547.0,984.0,4788.0,4767.0,110.0,455.2593282375,0.0
2024-06-03,16110.0,11238.0,43154.0,2197.0,7247.0,1558.0,5108.0,5352.0,115.0,481.2806335125,3064.06974505197
2024-06-04,14661.0,10199.0,43146.0,2215.0,6248.0,1185.0,5013.0,4771.0,112.0,487.4141047875,1668.63790241921
2024-06-05,14833.0,10256.0,43162.0,2560.0,6038.0,1165.0,5070.0,4788.0,118.0,491.6527463125,764.08232449308
2024-06-06,15248.0,10263.0,43145.0,2433.0,6275.0,1406.0,5134.0,4782.0,117.0,472.2435173,334.192454196149
2024-06-07,18215.0,11176.0,43138.0,2232.0,7525.0,2820.0,5638.0,4761.0,116.0,529.5170582,118.534782734219
2024-06-08,15604.0,10210.0,43131.0,2116.0,6329.0,1954.0,5205.0,4746.0,106.0,509.886514075,504.554239972189
2024-06-09,14833.0,9754.0,43148.0,2346.0,5792.0,1552.0,5143.0,4745.0,113.0,258.927670375,384.897723220522
2024-06-10,15754.0,10364.0,43153.0,2199.0,6698.0,1629.0,5228.0,4836.0,116.0,701.6140331875,1615.04484881485
2024-06-11,17586.0,11574.0,43138.0,2079.0,7742.0,2376.0,5389.0,5343.0,116.0,525.4966253125,400.327509797353
2024-06-12,18030.0,11385.0,43143.0,2285.0,7667.0,2290.0,5788.0,4792.0,115.0,516.3296904,538.256484996018
2024-06-13,17283.0,10962.0,43135.0,2277.0,7233.0,2240.0,5533.0,4702.0,117.0,501.2613961125,6060.09143134055
2024-06-14,17830.0,11324.0,43147.0,2555.0,7025.0,2589.0,5661.0,4768.0,114.0,503.3478068625,777.316742208801
2024-06-15,13548.0,9262.0,43157.0,1949.0,5608.0,1065.0,4926.0,4655.0,106.0,468.4635940125,422.476868732512
2024-06-16,15298.0,10077.0,43153.0,2115.0,6396.0,1585.0,5202.0,4757.0,108.0,486.917217425,660.395853499911
2024-06-17,19170.0,10586.0,43148.0,2492.0,10489.0,4276.0,1913.0,2359.0,122.0,599.4054033,1000.97138883629
2024-06-18,22933.0,14404.0,43149.0,2874.0,9777.0,4278.0,6004.0,4876.0,121.0,609.0638279875,878.831168101431
2024-06-19,18487.0,11693.0,43146.0,2194.0,7696.0,2846.0,5751.0,4731.0,116.0,579.7079326375,2986.37505851767
2024-06-20,17500.0,10834.0,43140.0,2251.0,7263.0,2353.0,5633.0,4750.0,122.0,520.4322816,2327.44278094082
2024-06-21,16261.0,10167.0,43148.0,2135.0,6688.0,2025.0,5413.0,4682.0,111.0,508.9502378,823.170633946647
2024-06-22,14802.0,9690.0,43155.0,2115.0,6118.0,1511.0,5058.0,4694.0,110.0,478.8544303,725.87848554099
2024-06-23,15330.0,9779.0,43140.0,2066.0,6091.0,1992.0,5181.0,4650.0,113.0,494.2636128,809.728435151774
2024-06-24,20468.0,12105.0,43150.0,2064.0,9068.0,3396.0,5940.0,5399.0,113.0,560.1793143625,1052.80857069437
2024-06-25,18040.0,11431.0,43139.0,2487.0,7302.0,2535.0,5716.0,4738.0,120.0,541.095972125,855.181011481283
2024-06-26,17338.0,10790.0,43149.0,2102.0,7417.0,2224.0,5595.0,4762.0,116.0,524.4971772,1545.97218385244
2024-06-27,17648.0,10934.0,43121.0,2141.0,7222.0,2490.0,5795.0,4666.0,112.0,532.8257847125,2171.27153963366
2024-06-28,15572.0,11382.0,43100.0,1493.0,7009.0,1780.0,5290.0,4621.0,110.0,603.9059644375,645.993995147059
2024-06-29,17237.0,10422.0,43142.0,2242.0,6998.0,2262.0,5735.0,4658.0,110.0,516.7938688375,432.507244576525
2024-06-30,17807.0,10721.0,43144.0,2264.0,7383.0,2476.0,5684.0,4792.0,120.0,545.6479299,358.625315669007
2024-07-01,16023.0,10647.0,43121.0,2443.0,6594.0,1639.0,5347.0,4728.0,115.0,577.8793423,1897.72135656049
2024-07-02,17514.0,10619.0,43147.0,2191.0,7367.0,2284.0,5672.0,4761.0,112.0,543.4506961125,636.817920595946
2024-07-03,18528.0,10899.0,43107.0,2293.0,7681.0,2786.0,5768.0,4693.0,119.0,558.1110798625,193.078273886684
2024-07-04,22729.0,12386.0,43119.0,2450.0,9383.0,4177.0,6719.0,4784.0,124.0,601.7387443625,2453.59845150504
2024-07-05,30780.0,18472.0,43112.0,2661.0,15053.0,5695.0,7371.0,4824.0,125.0,778.7062673,80.3246050652815
2024-07-06,17269.0,10566.0,43131.0,2243.0,7184.0,2199.0,5643.0,4736.0,117.0,527.470889475,5049.90081161149
2024-07-07,18063.0,10879.0,43135.0,2367.0,7417.0,2616.0,5663.0,4639.0,116.0,539.3796795,0.0
2024-07-08,19617.0,11906.0,43147.0,1752.0,8266.0,3503.0,6096.0,4658.0,117.0,568.548393075,1682.24162189357
2024-07-09,16505.0,10926.0,43138.0,1638.0,7251.0,2119.0,5497.0,4560.0,110.0,524.17873515,0.0
2024-07-10,17593.0,11397.0,43140.0,1913.0,7511.0,2599.0,5570.0,4610.0,107.0,529.9173083,0.0
2024-07-11,18327.0,11374.0,43156.0,1774.0,7670.0,2893.0,5990.0,4547.0,110.0,549.347285475,0.0
2024-07-12,16052.0,10467.0,42983.0,1626.0,6873.0,1999.0,5554.0,4617.0,109.0,510.6170734625,0.0
2024-07-13,12489.0,9136.0,42822.0,1462.0,5254.0,944.0,4829.0,4484.0,109.0,461.840381525,0.0
2024-07-14,14007.0,10031.0,43122.0,1654.0,5945.0,1342.0,5066.0,4584.0,108.0,478.4929991625,0.0
2024-07-15,17910.0,11991.0,43154.0,1793.0,7929.0,2577.0,5611.0,4660.0,114.0,529.3095601625,9409.37064466896
2024-07-16,19505.0,12144.0,43142.0,1901.0,8301.0,3276.0,6027.0,4658.0,122.0,575.57455,415.194765683351
2024-07-17,15710.0,11526.0,43133.0,1318.0,6534.0,2230.0,5628.0,4432.0,119.0,520.5611140125,1210.08965869586
2024-07-18,18498.0,12535.0,43146.0,1949.0,8508.0,2312.0,5729.0,5212.0,114.0,535.8701183125,0.0
2024-07-19,15484.0,10478.0,43135.0,1704.0,6661.0,1750.0,5369.0,4595.0,117.0,496.292186975,0.0
2024-07-20,15406.0,10599.0,43153.0,1733.0,6601.0,1709.0,5363.0,4587.0,106.0,501.07824235,0.0
2024-07-21,18500.0,11463.0,42979.0,1908.0,7810.0,2865.0,5917.0,4540.0,109.0,552.1735130875,5736.16628890979
2024-07-22,17032.0,11521.0,43135.0,1738.0,7482.0,2246.0,5566.0,4724.0,120.0,566.01037135,1333.34983214547
2024-07-23,20723.0,13075.0,43143.0,1902.0,9441.0,3259.0,6121.0,5184.0,115.0,574.952953125,0.0
2024-07-24,18793.0,12026.0,43149.0,1708.0,8265.0,2785.0,6035.0,4675.0,115.0,572.009126075,4397.43440874002
2024-07-25,22914.0,12658.0,43153.0,1884.0,9683.0,4399.0,6948.0,4567.0,116.0,638.8833813,992.035500170779
2024-07-26,17876.0,11568.0,43141.0,1967.0,7442.0,2733.0,5734.0,4669.0,117.0,543.172083025,1170.80065436705
2024-07-27,15975.0,10910.0,43128.0,1968.0,6652.0,2051.0,5304.0,4517.0,106.0,511.6610960625,1938.31954098461
2024-07-28,14660.0,10258.0,42442.0,1524.0,6398.0,1563.0,5175.0,4500.0,111.0,495.328898925,0.0
2024-07-29,17782.0,11541.0,43060.0,1660.0,7724.0,2503.0,5895.0,4505.0,108.0,548.0219375875,529.716867241776
2024-07-30,18004.0,12279.0,43146.0,1641.0,8422.0,2507.0,5434.0,5193.0,114.0,533.35467315,0.0
2024-07-31,20839.0,12867.0,42975.0,2071.0,8915.0,3557.0,6296.0,4559.0,118.0,583.9395628125,729.848085325764
2024-08-01,24199.0,13912.0,43137.0,1915.0,10806.0,4546.0,6932.0,4575.0,113.0,683.7258799875,6140.53673618485
2024-08-02,18541.0,11306.0,43139.0,1710.0,7912.0,3023.0,5896.0,4517.0,115.0,548.270731875,1333.08946015386
2024-08-03,16562.0,10940.0,43143.0,1825.0,7113.0,2324.0,5300.0,4540.0,112.0,520.8716136125,1313.3400869559
2024-08-04,23676.0,13348.0,43127.0,2000.0,10127.0,4624.0,6925.0,4459.0,119.0,698.273739075,1148.81387797874
2024-08-05,42651.0,20352.0,43143.0,2439.0,18404.0,11455.0,10353.0,4731.0,122.0,925.6117845,839.543971911538
2024-08-06,19972.0,12033.0,43141.0,1765.0,8808.0,3163.0,6236.0,4519.0,118.0,571.186869975,0.0
2024-08-07,19923.0,12098.0,43126.0,1754.0,8770.0,3271.0,6128.0,4564.0,114.0,566.0900808625,6698.41787228725
2024-08-08,20116.0,12466.0,43093.0,1654.0,8907.0,3398.0,6157.0,4532.0,111.0,591.77229625,0.0
2024-08-09,18066.0,11691.0,43126.0,1732.0,8237.0,2339.0,5758.0,4548.0,113.0,544.9290663625,10844.9192967596
2024-08-10,14386.0,9923.0,43150.0,1730.0,6106.0,1445.0,5105.0,4394.0,103.0,488.545686275,1619.79616066808
2024-08-11,20312.0,12245.0,43126.0,1867.0,8790.0,3458.0,6197.0,4535.0,109.0,569.054487275,2582.42141729762
2024-08-12,20883.0,12544.0,43025.0,1840.0,8730.0,3895.0,6418.0,4515.0,114.0,594.2652195875,607.075831734313
2024-08-13,14543.0,8620.0,43148.0,1822.0,8660.0,2470.0,1591.0,2152.0,113.0,572.8505672,1336.54741689443
2024-08-14,14309.0,7531.0,43157.0,2228.0,7736.0,2658.0,1687.0,1376.0,110.0,533.5218251875,1765.13601106493
2024-08-15,14670.0,7216.0,43138.0,1708.0,8122.0,3081.0,1759.0,1297.0,107.0,539.4724123625,5316.1704441786
2024-08-16,15670.0,8003.0,43134.0,1705.0,8811.0,3142.0,2012.0,1231.0,112.0,543.993461725,929.331740088179
2024-08-17,8291.0,5084.0,43146.0,1501.0,5414.0,823.0,553.0,1242.0,99.0,438.03838465,1159.66883840252
2024-08-18,8389.0,5628.0,43158.0,853.0,5150.0,1520.0,866.0,985.0,105.0,467.7197150875,0.0
2024-08-19,11442.0,6510.0,43130.0,1627.0,6865.0,1786.0,1164.0,1335.0,109.0,477.5620297625,0.0
2024-08-20,12331.0,6886.0,43117.0,1704.0,6965.0,2139.0,1523.0,1283.0,114.0,535.8441794625,0.0
2024-08-21,11276.0,6608.0,43138.0,1529.0,6860.0,1838.0,1049.0,1318.0,110.0,519.280637025,0.0
2024-08-22,13615.0,8309.0,43152.0,1638.0,8619.0,2015.0,1343.0,2042.0,114.0,562.541545525,0.0
2024-08-23,15061.0,9332.0,43125.0,1746.0,9521.0,2363.0,1431.0,1390.0,117.0,573.2771882125,7474.25481165873
2024-08-24,12573.0,7571.0,43171.0,1754.0,7695.0,1916.0,1208.0,1274.0,113.0,531.1685773375,768.825323145022
2024-08-25,13048.0,7462.0,43140.0,1623.0,7989.0,2089.0,1347.0,1285.0,109.0,532.1838766625,861.218416278949
2024-08-26,18139.0,9518.0,43130.0,1830.0,10166.0,3857.0,2286.0,1301.0,124.0,616.9285250875,823.952946830919
2024-08-27,18234.0,10198.0,43078.0,1068.0,10392.0,4330.0,2444.0,1117.0,113.0,647.302375075,1475.03929287894
2024-08-28,18457.0,9867.0,43076.0,1891.0,10848.0,3574.0,2144.0,1283.0,108.0,629.165348275,1193.18415860142
2024-08-29,14138.0,8385.0,43085.0,1676.0,8762.0,2262.0,1438.0,1341.0,107.0,551.2970003875,2378.66674416262
2024-08-30,16836.0,9022.0,43130.0,1933.0,9666.0,3225.0,2012.0,1262.0,112.0,588.2108065875,0.0
2024-08-31,12080.0,7143.0,43143.0,1743.0,7237.0,1945.0,1155.0,1307.0,109.0,514.2300787375,1138.40162557433
2024-09-01,14763.0,7934.0,43140.0,1692.0,8611.0,2695.0,1765.0,1205.0,112.0,557.101373,1495.46778780239
2024-09-02,16008.0,9494.0,43094.0,1863.0,10001.0,2635.0,1509.0,2125.0,85.0,573.997529875,2498.41756897609
2024-09-03,13892.0,8332.0,43137.0,1669.0,8571.0,2288.0,1364.0,1231.0,87.0,574.1403344375,1426.98638527989
2024-09-04,17843.0,10193.0,43072.0,1749.0,10960.0,3152.0,1982.0,1336.0,87.0,627.078665175,700.388778195134
2024-09-05,13985.0,8361.0,43112.0,1566.0,8641.0,2377.0,1401.0,1238.0,88.0,570.292209775,1539.12360374827
2024-09-06,19270.0,11197.0,43135.0,1731.0,11901.0,3636.0,2002.0,1306.0,88.0,671.4562626125,1439.93241498314
2024-09-07,12248.0,7205.0,43141.0,1631.0,7627.0,1913.0,1077.0,1209.0,96.0,531.94133785,1536.10359690359
2024-09-08,12288.0,7296.0,43124.0,1641.0,7833.0,1744.0,1070.0,1280.0,85.0,517.18248395,14204.7600040097
2024-09-09,13168.0,7800.0,42983.0,1681.0,8252.0,1931.0,1304.0,1280.0,90.0,538.968317575,713.304029437655
2024-09-10,13086.0,7832.0,43113.0,1620.0,8199.0,2042.0,1225.0,1358.0,91.0,682.77990065,507.730013055378
2024-09-11,15680.0,8666.0,43135.0,1573.0,9369.0,2882.0,1856.0,1202.0,102.0,667.1957602875,1774.2434786417
2024-09-12,12253.0,7578.0,43140.0,1642.0,7632.0,1829.0,1150.0,1294.0,94.0,518.6766927125,533.288114333554
2024-09-13,11216.0,6912.0,43128.0,1644.0,6922.0,1594.0,1056.0,1251.0,103.0,481.02200705,822.837439372815
2024-09-14,9996.0,5560.0,43134.0,1564.0,6121.0,1415.0,896.0,1193.0,80.0,466.400491825,388.844978280773
2024-09-15,12106.0,6998.0,43132.0,1748.0,6805.0,2120.0,1433.0,1188.0,93.0,525.063347275,0.0
2024-09-16,17820.0,8610.0,43138.0,2420.0,9464.0,3596.0,2340.0,1540.0,91.0,608.1491244125,858.166365944577
2024-09-17,15740.0,7752.0,43092.0,2231.0,8552.0,3005.0,1952.0,1317.0,111.0,555.9324221375,1258.93851064728
2024-09-18,15743.0,7603.0,43127.0,1867.0,8689.0,3266.0,1921.0,1342.0,101.0,546.0945859625,1738.97207741888
2024-09-19,18819.0,10188.0,43115.0,2751.0,10097.0,3802.0,2169.0,2350.0,113.0,583.513045575,828.887272064982
2024-09-20,18106.0,9119.0,43143.0,3546.0,9422.0,3192.0,1946.0,1588.0,103.0,561.58322495,0.0
2024-09-21,12845.0,6834.0,43135.0,2145.0,7087.0,2222.0,1391.0,1279.0,104.0,512.909796925,0.0
2024-09-22,18022.0,8573.0,43127.0,2814.0,9483.0,3565.0,2160.0,1348.0,102.0,577.6802685875,0.0
2024-09-23,24057.0,19148.0,43108.0,1724.0,15860.0,3591.0,2882.0,1344.0,106.0,744.8834047875,1532.00027151106
2024-09-24,18606.0,14354.0,43131.0,1917.0,9856.0,4082.0,2751.0,1429.0,88.0,648.0179656125,10100.8533657307
2024-09-25,14945.0,8403.0,43117.0,3251.0,8121.0,2190.0,1383.0,1544.0,87.0,569.7424381,0.0
2024-09-26,14799.0,8271.0,43173.0,2828.0,7814.0,2566.0,1591.0,1608.0,110.0,289.97117115,1895.19773011399
2024-09-27,15023.0,8884.0,43177.0,3647.0,7874.0,2092.0,1410.0,1512.0,103.0,949.332425725,0.0
2024-09-28,16358.0,9407.0,43178.0,4571.0,8028.0,2288.0,1471.0,1652.0,107.0,368.2665307125,0.0
2024-09-29,14350.0,8517.0,43154.0,3151.0,7616.0,2297.0,1286.0,1539.0,122.0,767.325106925,2165.88936765306
2024-09-30,17760.0,9139.0,43142.0,2618.0,9365.0,3630.0,2147.0,1506.0,91.0,602.284784975,0.0
2024-10-01,25154.0,11288.0,43155.0,3478.0,12336.0,5929.0,3411.0,1378.0,85.0,696.3105802125,3316.19998136797
2024-10-02,24522.0,11122.0,43169.0,2783.0,12209.0,6095.0,3435.0,1394.0,105.0,679.97617745,8824.0404524295
2024-10-03,23572.0,10533.0,43177.0,2799.0,11711.0,5567.0,3495.0,1347.0,78.0,676.1677020875,3113.00865676603
2024-10-04,14237.0,7541.0,43177.0,2014.0,8060.0,2488.0,1675.0,1347.0,83.0,534.1113183625,2599.30376012542
2024-10-05,13848.0,7513.0,43176.0,2227.0,7548.0,2556.0,1517.0,1304.0,81.0,538.5402681125,1409.79743525753
2024-10-06,12028.0,6999.0,43181.0,1967.0,7019.0,1919.0,1123.0,1312.0,80.0,512.89569215,761.650167938846
2024-10-07,15829.0,8412.0,43170.0,1897.0,8735.0,3263.0,1934.0,1390.0,89.0,579.66294715,637.723993481835
2024-10-08,16163.0,8410.0,43174.0,1931.0,8958.0,3398.0,1876.0,1347.0,86.0,572.02682685,1099.67638864217
2024-10-09,14761.0,8532.0,43113.0,1697.0,8937.0,2584.0,1543.0,2025.0,85.0,543.1460823125,979.989052952034
2024-10-10,15781.0,8153.0,43155.0,1787.0,8773.0,3326.0,1895.0,1363.0,91.0,600.127474325,809.154993401433
2024-10-11,10886.0,6472.0,43123.0,1657.0,6522.0,1735.0,972.0,1283.0,83.0,520.2834997875,0.0
2024-10-12,11902.0,6584.0,43168.0,1879.0,7069.0,1975.0,979.0,1351.0,84.0,506.4085426875,0.0
2024-10-13,12438.0,6561.0,43177.0,1643.0,7170.0,2261.0,1364.0,1249.0,77.0,517.300896775,0.0
2024-10-14,12826.0,7099.0,43154.0,1643.0,7527.0,2394.0,1262.0,1408.0,87.0,625.705205625,0.0
2024-10-15,21389.0,9538.0,43172.0,2046.0,10760.0,5764.0,2819.0,1385.0,105.0,666.0716784875,963.480877551832
2024-10-16,16945.0,8364.0,43145.0,1810.0,9239.0,3734.0,2162.0,1369.0,76.0,634.5701528,9591.39490676095
2024-10-17,17452.0,8256.0,43176.0,1866.0,9289.0,3911.0,2386.0,1222.0,84.0,602.467739575,0.0
2024-10-18,12569.0,6819.0,43165.0,1717.0,7090.0,2334.0,1428.0,1306.0,80.0,519.4146474875,0.0
2024-10-19,9139.0,5537.0,43167.0,1578.0,5738.0,1193.0,630.0,1217.0,73.0,477.0366012,0.0
2024-10-20,10822.0,6587.0,43160.0,1631.0,6635.0,1673.0,883.0,1310.0,80.0,496.2515423875,0.0
2024-10-21,14454.0,8440.0,43156.0,1728.0,8712.0,2617.0,1397.0,1985.0,88.0,566.327286025,0.0
2024-10-22,11687.0,6926.0,43169.0,1620.0,6980.0,2009.0,1078.0,1342.0,92.0,506.4307318125,8646.36104207113
2024-10-23,13118.0,6750.0,43154.0,1619.0,7499.0,2548.0,1452.0,1257.0,89.0,556.65845875,733.162327660888
2024-10-24,10808.0,6175.0,43076.0,1729.0,6318.0,1675.0,1086.0,1352.0,82.0,547.34777565,679.702386847173
2024-10-25,14070.0,6848.0,43173.0,1675.0,7890.0,2844.0,1661.0,1227.0,84.0,527.6193220125,0.0
2024-10-26,12704.0,6889.0,43151.0,1807.0,7107.0,2382.0,1408.0,1317.0,100.0,506.4499468875,0.0
2024-10-27,8967.0,5282.0,43153.0,1512.0,5572.0,1114.0,769.0,1186.0,75.0,447.3569031,0.0
2024-10-28,12381.0,6589.0,43178.0,1610.0,7335.0,2030.0,1406.0,1324.0,84.0,495.5918729,0.0
2024-10-29,13823.0,7707.0,43107.0,1649.0,8181.0,2540.0,1453.0,2034.0,89.0,515.27035635,0.0
2024-10-30,12843.0,7204.0,43163.0,1815.0,7399.0,2256.0,1373.0,1386.0,89.0,507.9270224,0.0
2024-10-31,13159.0,6827.0,43167.0,1708.0,7586.0,2488.0,1377.0,1261.0,79.0,512.0632969625,0.0
2024-11-01,13383.0,6997.0,43157.0,1860.0,7709.0,2263.0,1551.0,1327.0,98.0,509.1194067375,0.0
2024-11-02,10270.0,5427.0,43166.0,1580.0,5844.0,1946.0,900.0,1181.0,93.0,471.41044605,0.0
2024-11-03,14226.0,7271.0,43168.0,1697.0,8073.0,2791.0,1665.0,1266.0,82.0,540.7939691125,10287.6478774948
2024-11-04,11885.0,6132.0,42890.0,1597.0,6836.0,2192.0,1260.0,1221.0,96.0,493.7898718625,0.0
2024-11-05,12911.0,7278.0,43149.0,1672.0,7858.0,2125.0,1256.0,2058.0,78.0,493.3951195875,6886.26491938333
2024-11-06,20783.0,9208.0,43145.0,1896.0,10305.0,5738.0,2844.0,1355.0,77.0,625.7849344125,2076.55007926456
2024-11-07,13767.0,7124.0,43130.0,1707.0,7613.0,2774.0,1673.0,1430.0,84.0,225.5723695875,0.0
2024-11-08,13972.0,7040.0,43067.0,1675.0,8025.0,2638.0,1634.0,1294.0,83.0,906.3307739875,2688.54895358911
2024-11-09,13961.0,7309.0,43019.0,1767.0,7926.0,2721.0,1547.0,1394.0,77.0,649.5687667,0.0
2024-11-10,21095.0,9675.0,43151.0,2029.0,10856.0,5291.0,2919.0,1487.0,85.0,648.22381285,0.0
2024-11-11,20617.0,9443.0,43149.0,2010.0,10897.0,4824.0,2886.0,1652.0,100.0,728.178733675,0.0
2024-11-12,26901.0,11516.0,43142.0,2227.0,13111.0,7696.0,3867.0,1592.0,114.0,744.8187762,2493.77004491485
2024-11-13,25391.0,10946.0,43128.0,2137.0,12560.0,7074.0,3620.0,1517.0,87.0,739.5144334875,0.0
2024-11-14,23771.0,10609.0,43174.0,2285.0,11984.0,6141.0,3361.0,1401.0,89.0,749.65528655,0.0
2024-11-15,19150.0,9169.0,43169.0,1990.0,10003.0,4693.0,2464.0,1427.0,98.0,636.0232817625,0.0
2024-11-16,16206.0,7918.0,43160.0,1927.0,8482.0,3844.0,1953.0,1433.0,107.0,579.0599348125,0.0
2024-11-17,21445.0,9319.0,43164.0,2083.0,10731.0,5810.0,2821.0,1421.0,105.0,653.312458025,0.0
2024-11-18,18610.0,8871.0,43160.0,2045.0,9593.0,4447.0,2525.0,1524.0,112.0,622.728433275,32913.5508091996
2024-11-19,16071.0,8343.0,43168.0,1912.0,8789.0,3381.0,1989.0,1467.0,89.0,648.21223395,0.0
2024-11-20,18290.0,8074.0,43156.0,1485.0,9503.0,4700.0,2602.0,1141.0,83.0,626.53792835,0.0
2024-11-21,15177.0,7464.0,43143.0,983.0,8219.0,3766.0,2209.0,1255.0,98.0,621.7239933875,0.0
2024-11-22,18371.0,8563.0,43175.0,1647.0,9334.0,5017.0,2373.0,1291.0,106.0,616.8418606875,0.0
2024-11-23,17256.0,8410.0,43176.0,1830.0,9096.0,4106.0,2224.0,1417.0,88.0,600.822835125,0.0
2024-11-24,19694.0,8730.0,43174.0,1839.0,10055.0,5138.0,2662.0,1324.0,108.0,669.9409745625,0.0
2024-11-25,21713.0,9648.0,43177.0,1512.0,11376.0,5609.0,3216.0,1320.0,91.0,703.6626870375,9964.76681003364
2024-11-26,22782.0,9783.0,43161.0,1847.0,11359.0,6309.0,3267.0,1205.0,102.0,694.6383113375,14302.4022791896
2024-11-27,17261.0,8118.0,43153.0,1518.0,8732.0,4804.0,2207.0,1248.0,80.0,614.5134009,0.0
2024-11-28,14861.0,7516.0,43169.0,1313.0,8052.0,3584.0,1912.0,1096.0,105.0,625.3525002,0.0
2024-11-29,15082.0,7550.0,42369.0,1517.0,8032.0,3781.0,1752.0,1228.0,84.0,588.9453436875,0.0
2024-11-30,13270.0,6575.0,43158.0,1356.0,7324.0,3094.0,1496.0,1199.0,76.0,557.71715055,0.0
2024-12-01,14231.0,7349.0,43052.0,1435.0,7699.0,3517.0,1580.0,1208.0,101.0,566.750439175,3362.37664472865
2024-12-02,26064.0,11452.0,43132.0,2040.0,12376.0,7951.0,3697.0,1497.0,109.0,761.5754672125,2642.13640623132
2024-12-03,31826.0,14205.0,43150.0,2451.0,15051.0,9997.0,4327.0,2441.0,113.0,849.24420605,1851.77406014001
2024-12-04,23405.0,11210.0,43122.0,1776.0,11190.0,7057.0,3382.0,1499.0,113.0,753.5723484375,13286.7007242715
2024-12-05,21649.0,10153.0,43156.0,1177.0,10716.0,6517.0,3239.0,1270.0,104.0,713.788989525,0.0
2024-12-06,16307.0,8229.0,43065.0,1021.0,8468.0,4557.0,2261.0,1095.0,88.0,615.9115676375,0.0
2024-12-07,15367.0,7398.0,43040.0,1714.0,7949.0,3889.0,1815.0,1378.0,97.0,591.2987126375,0.0
2024-12-08,12743.0,7177.0,42921.0,1911.0,7141.0,2418.0,1273.0,1441.0,97.0,532.3300303625,0.0
2024-12-09,29273.0,13794.0,42651.0,2134.0,14393.0,9102.0,3644.0,2210.0,104.0,945.2942129875,0.0
2024-12-10,26475.0,11603.0,42583.0,1956.0,12110.0,8812.0,3597.0,1363.0,84.0,569.204129225,3939.92778120685
2024-12-11,21697.0,14350.0,43164.0,1816.0,10503.0,6577.0,2801.0,1447.0,84.0,891.4026972125,14994.589999282
2024-12-12,17595.0,9504.0,43167.0,1652.0,8964.0,5017.0,1962.0,1366.0,81.0,615.8560864125,3390.28776553541
2024-12-13,14864.0,8029.0,43181.0,1661.0,8186.0,3484.0,1533.0,1326.0,94.0,570.478546475,0.0
2024-12-14,12643.0,6718.0,43180.0,1285.0,7128.0,2930.0,1300.0,1080.0,76.0,545.1364220375,0.0
2024-12-15,13226.0,7131.0,43141.0,1620.0,7274.0,2936.0,1396.0,1333.0,100.0,539.2471139125,3554.38799793069
2024-12-16,14527.0,8073.0,43164.0,912.0,7767.0,4039.0,1809.0,1118.0,84.0,587.0269656625,2681.70386631333
2024-12-17,21899.0,12521.0,42746.0,1626.0,10703.0,6773.0,2797.0,1340.0,78.0,662.8480639,0.0
2024-12-18,22931.0,11231.0,42784.0,1862.0,11459.0,6759.0,2851.0,1296.0,84.0,739.089933825,7785.96207993542
2024-12-19,26842.0,13722.0,43052.0,1229.0,13439.0,8372.0,3802.0,1184.0,89.0,802.5322109,3794.34049271315
2024-12-20,30337.0,14365.0,43169.0,1382.0,14852.0,9585.0,4518.0,1087.0,89.0,875.772732075,4196.75811303098
2024-12-21,17231.0,8399.0,42418.0,1536.0,9121.0,4665.0,1909.0,1264.0,78.0,605.809655675,6299.80475723726
2024-12-22,16292.0,7851.0,43093.0,1652.0,8695.0,3947.0,1998.0,1216.0,76.0,580.154907875,3521.62197559251
2024-12-23,18414.0,8447.0,42654.0,1565.0,9596.0,4814.0,2439.0,1285.0,78.0,611.4247678375,2298.88992816926
2024-12-24,16032.0,8062.0,43103.0,1705.0,8471.0,4035.0,1821.0,1280.0,79.0,593.9569883125,0.0
2024-12-25,11428.0,6689.0,43176.0,1583.0,6668.0,2179.0,998.0,1280.0,74.0,509.611315925,1905.80969590892
2024-12-26,13695.0,7432.0,43157.0,1485.0,7680.0,3182.0,1348.0,1198.0,72.0,556.8169618375,2702.15381148999
2024-12-27,14440.0,7898.0,43127.0,1499.0,7928.0,3576.0,1437.0,1292.0,78.0,559.3094907875,1216.94968592364
2024-12-28,11281.0,5797.0,43165.0,1532.0,6628.0,2258.0,863.0,1207.0,71.0,510.3684865625,0.0
2024-12-29,14041.0,7982.0,43180.0,1282.0,7506.0,3887.0,1366.0,1184.0,83.0,593.14361825,6816.0291286757
2024-12-30,14994.0,8284.0,42498.0,1474.0,7562.0,4240.0,1718.0,1365.0,82.0,589.7388926,111.557874105172
2024-12-31,15530.0,8241.0,43061.0,1790.0,8235.0,3895.0,1610.0,1311.0,80.0,582.9500186,2055.71582749777
2025-01-01,16016.0,8197.0,43173.0,2453.0,7926.0,4109.0,1528.0,1524.0,79.0,577.4872616125,2027.26870747842
2025-01-02,14962.0,8613.0,43151.0,1804.0,8410.0,3329.0,1419.0,2051.0,83.0,563.8870035125,1496.99592522986
2025-01-03,13581.0,7930.0,43179.0,1715.0,7333.0,3084.0,1449.0,1324.0,85.0,539.411314975,0.0
2025-01-04,13001.0,7014.0,43181.0,1599.0,7254.0,2927.0,1221.0,1285.0,87.0,538.242067775,0.0
2025-01-05,11834.0,6948.0,43136.0,895.0,6363.0,3200.0,1376.0,1024.0,76.0,556.469972275,1013.25949630077
2025-01-06,14519.0,8277.0,43161.0,1297.0,7780.0,3783.0,1659.0,1382.0,93.0,612.9437925,1560.51484932529
2025-01-07,15170.0,8662.0,43150.0,857.0,7830.0,4615.0,1868.0,1054.0,84.0,614.9528364,854.83530859655
2025-01-08,18855.0,9714.0,43177.0,892.0,9550.0,5876.0,2537.0,1187.0,86.0,663.5689807375,0.0
2025-01-09,18053.0,9158.0,43170.0,1259.0,8651.0,5757.0,2386.0,1077.0,82.0,647.57714225,0.0
2025-01-10,13448.0,7042.0,43182.0,825.0,6650.0,4149.0,1824.0,1042.0,85.0,212.2103032,1463.26844497112
2025-01-11,9390.0,5787.0,43177.0,681.0,4995.0,2572.0,1142.0,981.0,78.0,145.12741155,0.0
2025-01-12,8879.0,5982.0,43129.0,834.0,4928.0,2127.0,990.0,1025.0,80.0,135.6093369375,8028.29880941706
2025-01-13,24283.0,11821.0,43168.0,1618.0,12376.0,7132.0,3157.0,1178.0,91.0,1859.80039805,6262.10982911423
2025-01-14,13420.0,7582.0,43171.0,1579.0,7282.0,3125.0,1434.0,1209.0,88.0,565.7587099625,1526.02845022042
2025-01-15,19701.0,10671.0,43177.0,1552.0,10280.0,5449.0,2420.0,1903.0,89.0,654.099766125,0.0
2025-01-16,16324.0,8366.0,43179.0,1526.0,8522.0,4378.0,1898.0,1267.0,85.0,602.6180041625,2103.84505117318
2025-01-17,15117.0,7853.0,43174.0,1603.0,7997.0,3663.0,1854.0,1265.0,86.0,448.511452175,847.862260268768
2025-01-18,17442.0,8889.0,43177.0,980.0,8553.0,5431.0,2478.0,1112.0,83.0,270.7573317375,7984.20114825788
2025-01-19,24395.0,10404.0,43163.0,1695.0,11382.0,7937.0,3381.0,1265.0,90.0,368.6300615625,1822.4662450868
2025-01-20,24091.0,10271.0,43127.0,1894.0,11329.0,7562.0,3306.0,1330.0,95.0,439.4215469375,2568.55418228434
2025-01-21,16225.0,7377.0,43137.0,1275.0,8350.0,4415.0,2185.0,980.0,81.0,243.7774994125,3803.35918261233
2025-01-22,12413.0,7295.0,42880.0,1178.0,6576.0,3113.0,1546.0,989.0,82.0,168.4697624,0.0
2025-01-23,17963.0,9292.0,43130.0,934.0,8779.0,5633.0,2617.0,987.0,85.0,282.036374425,0.0
2025-01-24,16595.0,9435.0,43181.0,1836.0,9156.0,3715.0,1888.0,1926.0,87.0,316.9974344125,0.0
2025-01-25,10549.0,5522.0,43172.0,1678.0,5778.0,2153.0,940.0,1113.0,91.0,136.31659035,3935.01888068323
2025-01-26,10390.0,5784.0,43183.0,1444.0,5692.0,2246.0,1008.0,1223.0,85.0,136.212877225,0.0
2025-01-27,21979.0,9611.0,43182.0,1287.0,10769.0,6809.0,3114.0,922.0,92.0,338.91195785,6622.28263875132
2025-01-28,15858.0,7840.0,43132.0,1158.0,8140.0,4492.0,2068.0,943.0,87.0,238.81356185,95.3378637445858
2025-01-29,18149.0,8512.0,43151.0,1173.0,8911.0,5539.0,2526.0,934.0,84.0,287.7299277375,4628.64980199712
2025-01-30,11671.0,6210.0,43177.0,1479.0,6262.0,2561.0,1369.0,1213.0,86.0,165.367763775,2399.28212872019
2025-01-31,14160.0,7469.0,43176.0,1245.0,7505.0,3528.0,1882.0,985.0,86.0,207.7596667125,0.0
2025-02-01,13733.0,7397.0,43063.0,1481.0,7144.0,3525.0,1583.0,990.0,88.0,210.4225926125,3128.88113586779
2025-02-02,26268.0,12405.0,43168.0,1780.0,11858.0,8900.0,3730.0,978.0,98.0,449.1260440375,0.0
2025-02-03,40182.0,16224.0,43180.0,2193.0,17723.0,13863.0,6403.0,1177.0,99.0,672.05963235,0.0
2025-02-04,25030.0,10577.0,43180.0,1515.0,12161.0,7490.0,3864.0,948.0,106.0,373.2788979875,0.0
2025-02-05,14993.0,7483.0,43178.0,1305.0,7716.0,3967.0,2005.0,965.0,86.0,207.1935328125,0.0
2025-02-06,16793.0,8980.0,43179.0,1354.0,8968.0,4327.0,2144.0,957.0,89.0,232.0772802875,0.0
2025-02-07,18019.0,8093.0,43093.0,1360.0,9330.0,4679.0,2650.0,935.0,86.0,271.36826225,30289.0613331213
2025-02-08,11398.0,5287.0,43163.0,1287.0,5901.0,2665.0,1545.0,878.0,80.0,152.1804423375,0.0
2025-02-09,14567.0,6754.0,43142.0,1271.0,7457.0,3855.0,1984.0,913.0,81.0,204.401071425,2131.02225184476
2025-02-10,15515.0,8234.0,43124.0,594.0,8134.0,4386.0,2401.0,750.0,78.0,229.30213825,2137.94974058296
2025-02-11,16736.0,8920.0,43167.0,1213.0,9216.0,4186.0,2121.0,1704.0,79.0,234.19208505,1426.22454764228
2025-02-12,12425.0,4723.0,32094.0,1113.0,5904.0,3518.0,1890.0,534.0,76.0,176.577253325,0.0
2025-02-13,15453.0,8130.0,43177.0,1466.0,8004.0,4008.0,1975.0,1013.0,87.0,252.3957540375,0.0
2025-02-14,11672.0,6841.0,42968.0,503.0,6371.0,3105.0,1693.0,693.0,86.0,246.7007540625,4687.06279520132
2025-02-15,11125.0,7131.0,43173.0,1454.0,6020.0,2377.0,1274.0,878.0,78.0,164.077274825,0.0
2025-02-16,9609.0,6849.0,43179.0,582.0,5407.0,2574.0,1046.0,628.0,76.0,135.3871042,2536.13973844622
2025-02-17,15307.0,8756.0,43178.0,1741.0,7916.0,3497.0,2153.0,969.0,80.0,211.41346985,13689.2322318113
2025-02-18,13365.0,7373.0,43182.0,1330.0,7033.0,3364.0,1638.0,947.0,81.0,191.483266525,998.489676098456
2025-02-19,13843.0,8893.0,43173.0,1193.0,7375.0,3380.0,1895.0,900.0,82.0,209.0300195875,2155.3923408126
2025-02-20,11751.0,6263.0,43142.0,1342.0,6220.0,2760.0,1429.0,901.0,84.0,165.163662725,0.0
2025-02-21,16068.0,7935.0,43141.0,1543.0,8429.0,3949.0,2147.0,947.0,89.0,244.4703599125,1610.34412155149
2025-02-22,9664.0,5025.0,43168.0,1359.0,5217.0,1953.0,1135.0,916.0,99.0,145.35941735,1557.96278689452
2025-02-23,10509.0,5673.0,42750.0,1513.0,5614.0,2196.0,1186.0,889.0,84.0,141.7997256375,1001.29780077003
2025-02-24,19340.0,10339.0,43030.0,1473.0,9953.0,5267.0,2647.0,910.0,94.0,275.8834742875,0.0
2025-02-25,23694.0,11725.0,43181.0,1495.0,11970.0,6841.0,3388.0,984.0,90.0,325.14797625,3816.63116400014
2025-02-26,20605.0,9922.0,43082.0,1337.0,10962.0,5365.0,2941.0,910.0,89.0,316.3345965625,0.0
2025-02-27,14980.0,7934.0,43164.0,1719.0,8037.0,3344.0,1880.0,938.0,82.0,195.39195655,20198.0195925498
2025-02-28,20995.0,11521.0,43072.0,1706.0,11063.0,5279.0,2947.0,962.0,92.0,277.3796575,2816.14793281886
2025-03-01,12070.0,5748.0,43152.0,1164.0,6404.0,3025.0,1477.0,870.0,79.0,165.835481775,3185.92477490252
2025-03-02,17199.0,7410.0,43131.0,1361.0,8561.0,4916.0,2361.0,923.0,75.0,237.0112557125,0.0
2025-03-03,20592.0,9506.0,43160.0,1490.0,10480.0,5785.0,2837.0,1014.0,91.0,369.853245525,2475.09495122486
2025-03-04,23792.0,10669.0,43182.0,2585.0,11590.0,6443.0,3174.0,962.0,91.0,328.901356325,3555.45198169071
2025-03-05,15030.0,7648.0,43182.0,839.0,7822.0,4093.0,2276.0,775.0,93.0,303.46859315,5145.2243007744
2025-03-06,14754.0,7822.0,43178.0,902.0,7929.0,3816.0,2107.0,650.0,85.0,202.076859125,0.0
2025-03-07,16426.0,7838.0,43181.0,1101.0,8327.0,4609.0,2389.0,749.0,100.0,241.612769675,0.0
2025-03-08,9321.0,5667.0,43186.0,655.0,5215.0,2317.0,1134.0,625.0,99.0,133.8166571,3566.99730885716
2025-03-09,17114.0,9069.0,43182.0,787.0,8725.0,4924.0,2678.0,698.0,80.0,280.77117655,6333.38979486737
2025-03-10,35508.0,18324.0,43160.0,3690.0,16262.0,9868.0,5688.0,844.0,95.0,603.6200487375,765.908045848715
2025-03-11,28436.0,14564.0,43167.0,3812.0,13586.0,7104.0,3934.0,938.0,93.0,499.881761125,4811.01560498425
2025-03-12,18857.0,9787.0,43092.0,2311.0,9128.0,4732.0,2686.0,769.0,84.0,294.20451865,0.0
2025-03-13,17075.0,10145.0,43159.0,2944.0,8022.0,4003.0,2106.0,766.0,91.0,227.5682504,0.0
2025-03-14,14883.0,8788.0,43172.0,2820.0,7243.0,3025.0,1795.0,659.0,86.0,180.547494025,0.0
2025-03-15,9747.0,6366.0,43178.0,2045.0,4862.0,1777.0,1063.0,658.0,74.0,127.2339168375,0.0
2025-03-16,9928.0,5574.0,43180.0,1186.0,5071.0,2353.0,1318.0,606.0,78.0,141.5639714875,0.0
2025-03-17,8486.0,4888.0,43095.0,614.0,4758.0,1914.0,1200.0,687.0,79.0,119.2678334,0.0
2025-03-18,10671.0,6051.0,43153.0,577.0,5866.0,2734.0,1494.0,624.0,82.0,183.1367526625,28848.9090637945
2025-03-19,12883.0,6860.0,43155.0,688.0,6687.0,3609.0,1899.0,659.0,76.0,193.9816288125,0.0
2025-03-20,10901.0,6569.0,43182.0,481.0,6248.0,2788.0,1384.0,1410.0,82.0,161.8699246125,0.0
2025-03-21,8244.0,5097.0,43181.0,469.0,4682.0,1967.0,1126.0,631.0,74.0,126.230440875,1009.84162976779
2025-03-22,6610.0,4009.0,43180.0,386.0,3773.0,1532.0,919.0,576.0,75.0,96.2987609499999,0.0
2025-03-23,7508.0,4803.0,43173.0,385.0,4221.0,1954.0,948.0,585.0,76.0,123.862532425,844.077476335689
2025-03-24,13146.0,6865.0,43166.0,621.0,7002.0,3554.0,1969.0,658.0,88.0,188.6665871875,2652.17749256035
2025-03-25,9224.0,5680.0,43164.0,525.0,5212.0,2147.0,1340.0,745.0,79.0,128.847343375,0.0
2025-03-26,10304.0,5650.0,43168.0,412.0,5660.0,2748.0,1484.0,629.0,83.0,159.1344337875,1058.72426464246
2025-03-27,9809.0,5477.0,43168.0,801.0,5521.0,2273.0,1214.0,822.0,88.0,138.51748445,2095.90473483386
2025-03-28,14614.0,7721.0,43183.0,748.0,8105.0,3720.0,2041.0,914.0,80.0,213.3825334875,721.210727589438
2025-03-29,10893.0,5763.0,43179.0,619.0,5684.0,3113.0,1477.0,819.0,79.0,174.2859949625,2120.00869759661
2025-03-30,8088.0,4091.0,43181.0,486.0,4613.0,1858.0,1131.0,733.0,65.0,110.5867454625,1619.54338566284
2025-03-31,11243.0,5934.0,43184.0,819.0,5933.0,2951.0,1540.0,894.0,73.0,217.6747297,0.0
2025-04-01,11334.0,5833.0,43172.0,642.0,6075.0,2887.0,1730.0,850.0,74.0,171.6486281125,24298.2272753953
2025-04-02,21673.0,10198.0,43172.0,671.0,10620.0,6790.0,3592.0,923.0,78.0,438.27513825,1214.7358595524
2025-04-03,20931.0,10399.0,43129.0,1065.0,10215.0,6081.0,3570.0,882.0,81.0,666.1127315375,1538.1782204851
2025-04-04,12383.0,5397.0,43147.0,783.0,6220.0,3475.0,1905.0,837.0,77.0,172.9152997,0.0
2025-04-05,6388.0,3920.0,43134.0,719.0,3669.0,1354.0,646.0,738.0,91.0,95.5416326499999,0.0
2025-04-06,24522.0,12740.0,43123.0,1314.0,11906.0,7018.0,4284.0,947.0,79.0,680.978303,4919.22545351379
2025-04-07,28720.0,12496.0,43114.0,1391.0,13355.0,9270.0,4704.0,956.0,90.0,487.8907694625,6620.21688642004
2025-04-08,13799.0,7094.0,43112.0,1064.0,7230.0,3679.0,1826.0,826.0,76.0,248.650988725,0.0
2025-04-09,16502.0,7713.0,43137.0,984.0,8302.0,4903.0,2313.0,803.0,77.0,223.83635315,0.0
2025-04-10,10230.0,5546.0,43113.0,921.0,5537.0,2555.0,1217.0,879.0,72.0,138.7298088375,0.0
2025-04-11,9535.0,5005.0,43113.0,820.0,4881.0,2591.0,1243.0,824.0,68.0,163.697701575,0.0
2025-04-12,7885.0,4207.0,43139.0,571.0,4463.0,1863.0,988.0,774.0,64.0,105.0451797,0.0
2025-04-13,7886.0,3724.0,43139.0,617.0,4195.0,2067.0,1007.0,753.0,73.0,107.39593025,0.0
2025-04-14,8120.0,3966.0,43128.0,477.0,4545.0,2087.0,1011.0,807.0,62.0,108.0028747375,0.0
2025-04-15,7184.0,4261.0,43095.0,737.0,4052.0,1625.0,770.0,791.0,68.0,97.6540842124999,22869.0325368315
2025-04-16,9185.0,4993.0,43091.0,919.0,4751.0,2428.0,1087.0,842.0,71.0,126.489631925,0.0
2025-04-17,7963.0,4468.0,43091.0,917.0,4273.0,1777.0,996.0,816.0,80.0,111.7421927375,6119.60029927502
2025-04-18,8405.0,5480.0,43127.0,851.0,5093.0,1650.0,811.0,867.0,74.0,103.4665389875,3502.46169294638
2025-04-19,6003.0,3951.0,43151.0,818.0,3462.0,1140.0,583.0,829.0,62.0,82.1795294124999,2804.78183745069
2025-04-20,7165.0,4313.0,43114.0,855.0,4125.0,1450.0,735.0,794.0,64.0,97.9743297624999,1300.59017039242
2025-04-21,9799.0,5272.0,43128.0,772.0,5391.0,2348.0,1288.0,807.0,67.0,142.4562122375,13778.4049544476
2025-04-22,12304.0,6172.0,43109.0,620.0,6821.0,3151.0,1712.0,832.0,62.0,168.7314737,652.109176574857
2025-04-23,10676.0,5261.0,43100.0,659.0,5896.0,2654.0,1467.0,836.0,67.0,148.9491931,2719.71548018558
2025-04-24,10387.0,5448.0,43093.0,773.0,5633.0,2547.0,1434.0,837.0,77.0,148.407658525,2107.08297657862
2025-04-25,12150.0,6747.0,43101.0,902.0,6581.0,3057.0,1610.0,873.0,69.0,176.69311375,1416.75759645319
2025-04-26,7304.0,4338.0,43052.0,607.0,4164.0,1705.0,828.0,833.0,62.0,103.9976325375,2038.40303565108
2025-04-27,8241.0,4513.0,43088.0,464.0,4471.0,2237.0,1069.0,713.0,61.0,124.639520225,1809.31279790564
2025-04-28,11261.0,5914.0,43095.0,615.0,6054.0,3103.0,1489.0,805.0,62.0,176.5712127875,1019.7938310249
2025-04-29,8394.0,4664.0,43125.0,630.0,4554.0,2236.0,974.0,794.0,64.0,123.4987026125,1556.64679666015
2025-04-30,9069.0,5003.0,43135.0,647.0,5025.0,2329.0,1068.0,804.0,66.0,133.8137953375,0.0
2025-05-01,8339.0,4719.0,43142.0,619.0,4701.0,1927.0,1092.0,793.0,63.0,121.1319743,2627.88674960961
2025-05-02,7230.0,4357.0,43124.0,668.0,4092.0,1670.0,800.0,814.0,67.0,100.8705548625,1596.50737552333
2025-05-03,7213.0,4293.0,43112.0,503.0,4076.0,1890.0,744.0,718.0,61.0,110.869022275,1238.83782325848
2025-05-04,8669.0,5421.0,43022.0,640.0,4798.0,2284.0,947.0,792.0,68.0,135.872449125,538.611595466733
2025-05-05,20687.0,9630.0,42991.0,2157.0,8945.0,6848.0,2737.0,1100.0,76.0,318.10377285,865.393898133771
2025-05-06,16428.0,8168.0,43027.0,1580.0,7598.0,5336.0,1914.0,978.0,97.0,264.586128275,160.715726829134
2025-05-07,12529.0,6978.0,43000.0,1282.0,6305.0,3339.0,1603.0,887.0,76.0,190.87702495,0.0
2025-05-08,16539.0,8516.0,43000.0,1156.0,8950.0,4057.0,2376.0,926.0,81.0,232.8026212125,9214.41203458875
2025-05-09,15476.0,7307.0,42951.0,1085.0,7715.0,4486.0,2190.0,903.0,81.0,227.7382189125,0.0
2025-05-10,11860.0,5725.0,43117.0,1059.0,6215.0,2941.0,1645.0,881.0,79.0,159.6211957,2284.14556824672
2025-05-11,9994.0,5384.0,43125.0,835.0,5265.0,2649.0,1245.0,837.0,68.0,149.0574997375,0.0
2025-05-12,15933.0,7320.0,43058.0,1088.0,8066.0,4534.0,2245.0,933.0,79.0,225.814854875,0.0
2025-05-13,13162.0,6547.0,43142.0,1141.0,6875.0,3374.0,1772.0,899.0,78.0,178.9369033375,25643.1473810995
2025-05-14,9454.0,5457.0,43049.0,805.0,5445.0,2094.0,1110.0,901.0,94.0,137.0814925875,0.0
2025-05-15,14265.0,6606.0,42972.0,1019.0,7164.0,4063.0,2019.0,855.0,77.0,207.6667967,0.0
2025-05-16,9755.0,5308.0,43038.0,951.0,5074.0,2515.0,1215.0,884.0,78.0,135.5115047375,0.0
2025-05-17,16877.0,12677.0,43039.0,1272.0,12127.0,2333.0,1145.0,837.0,75.0,411.11049875,0.0
2025-05-18,17364.0,11116.0,43080.0,874.0,11330.0,3422.0,1738.0,818.0,73.0,417.2880538125,7029.55497795763
2025-05-19,11942.0,6507.0,42952.0,1057.0,6482.0,2938.0,1465.0,835.0,70.0,164.165815925,0.0
2025-05-20,9635.0,5157.0,42875.0,1267.0,4911.0,2231.0,1226.0,919.0,101.0,237.4132387,2991.27146939468
2025-05-21,11810.0,5806.0,43040.0,1026.0,6006.0,3145.0,1633.0,877.0,78.0,165.29887815,11290.2884223507
2025-05-22,11129.0,5879.0,43109.0,977.0,6054.0,2661.0,1437.0,902.0,76.0,151.867119425,0.0
2025-05-23,13035.0,6459.0,43124.0,799.0,6855.0,3553.0,1828.0,839.0,70.0,191.2073821875,988.168623080361
2025-05-24,7356.0,4389.0,43072.0,780.0,4055.0,1716.0,805.0,848.0,69.0,106.02297115,2191.22120893933
2025-05-25,9043.0,5135.0,42895.0,836.0,4887.0,2242.0,1078.0,814.0,67.0,129.75994275,0.0
2025-05-26,8392.0,4865.0,43035.0,642.0,4731.0,2013.0,1006.0,844.0,64.0,121.4705024625,0.0
2025-05-27,11358.0,6868.0,42754.0,936.0,6691.0,2441.0,1290.0,1570.0,70.0,152.0221951125,15704.3503301296
2025-05-28,14707.0,7980.0,42765.0,1597.0,7411.0,3957.0,1742.0,945.0,77.0,209.7082355625,924.745979386033
2025-05-29,12669.0,7055.0,42888.0,1270.0,6539.0,3238.0,1622.0,900.0,72.0,182.3285385375,2202.94101990212
2025-05-30,20869.0,10675.0,42658.0,1801.0,10292.0,6211.0,2565.0,999.0,81.0,302.569709825,0.0
2025-05-31,15004.0,8083.0,42901.0,1208.0,7378.0,4565.0,1853.0,835.0,73.0,236.0153241625,3965.42339143821
2025-06-01,11756.0,6522.0,42969.0,896.0,6197.0,3204.0,1459.0,875.0,71.0,176.663384575,10882.2372666894
2025-06-02,15197.0,7738.0,42836.0,1894.0,6959.0,4509.0,1835.0,928.0,87.0,213.6489987875,58.6091539080953
2025-06-03,16827.0,9447.0,43083.0,1692.0,8410.0,4865.0,1860.0,991.0,90.0,239.9646075,0.0
2025-06-04,16057.0,8726.0,43081.0,2449.0,7410.0,4391.0,1807.0,1003.0,74.0,241.3692403125,0.0
2025-06-05,15055.0,8644.0,42926.0,1755.0,7829.0,3821.0,1650.0,956.0,98.0,201.877646225,3384.8565614752
2025-06-06,13156.0,7227.0,42895.0,1515.0,6426.0,3661.0,1554.0,893.0,74.0,187.081330875,0.0
2025-06-07,8887.0,5299.0,43094.0,1625.0,4487.0,1874.0,901.0,866.0,71.0,114.3892070125,0.0
2025-06-08,6711.0,4561.0,43116.0,1148.0,3756.0,1175.0,632.0,844.0,65.0,88.3010094749999,0.0
2025-06-09,14513.0,8160.0,42853.0,1518.0,7370.0,3837.0,1788.0,1016.0,78.0,203.428882,0.0
2025-06-10,11529.0,6330.0,42893.0,1219.0,5933.0,3014.0,1363.0,925.0,73.0,162.6536767375,2400.63187495165
2025-06-11,12958.0,6529.0,42854.0,1207.0,6291.0,3900.0,1560.0,910.0,71.0,204.01506975,8597.87804307765
2025-06-12,13578.0,7679.0,42819.0,1261.0,7204.0,3578.0,1535.0,867.0,70.0,191.3059111125,1919.95017912355
2025-06-13,18801.0,10680.0,42647.0,1199.0,10475.0,4838.0,2289.0,889.0,77.0,237.19217915,563.525547738769
2025-06-14,9606.0,5286.0,42893.0,1388.0,4755.0,2344.0,1119.0,783.0,70.0,138.4467855,7489.36851155234
2025-06-15,8498.0,5520.0,43095.0,810.0,4897.0,1821.0,970.0,806.0,68.0,123.3855623875,5305.58836177364
2025-06-16,12128.0,7523.0,43149.0,975.0,7136.0,2534.0,1483.0,831.0,80.0,158.5051545875,4859.72709251021
2025-06-17,15563.0,8311.0,43110.0,1666.0,8647.0,3620.0,1630.0,853.0,87.0,263.49002435,716.952908181585
2025-06-18,12957.0,7217.0,43135.0,1692.0,7188.0,2632.0,1445.0,1258.0,89.0,218.760103925,41.8120060281362
2025-06-19,11526.0,7993.0,43119.0,848.0,7545.0,2213.0,920.0,863.0,90.0,160.92061875,7867.70497174282
2025-06-20,13384.0,7232.0,43135.0,1356.0,6721.0,3628.0,1679.0,837.0,86.0,187.6435041125,1180.3997115388
2025-06-21,11854.0,6469.0,43108.0,1055.0,6367.0,3017.0,1415.0,805.0,83.0,163.0123194625,0.0
2025-06-22,16077.0,7947.0,43149.0,1104.0,8121.0,4546.0,2306.0,808.0,86.0,222.5850850625,0.0
2025-06-23,15331.0,7854.0,43150.0,1152.0,8144.0,3818.0,2217.0,867.0,86.0,207.3422472375,0.0
2025-06-24,8424.0,4969.0,43124.0,877.0,4780.0,1776.0,991.0,828.0,85.0,114.315433925,0.0
2025-06-25,8701.0,5339.0,43123.0,1171.0,4825.0,1822.0,883.0,1113.0,81.0,123.925215025,0.0
2025-06-26,8051.0,4426.0,43108.0,823.0,4400.0,1851.0,977.0,797.0,74.0,112.23748635,0.0
2025-06-27,6490.0,3806.0,43140.0,665.0,3793.0,1342.0,690.0,809.0,81.0,82.0104698499999,2830.8201466084
2025-06-28,7117.0,3833.0,43114.0,713.0,3776.0,1832.0,796.0,761.0,69.0,100.75205765,5657.28236879862
2025-06-29,6549.0,4140.0,43110.0,744.0,3804.0,1316.0,685.0,809.0,64.0,87.8909414624999,0.0
2025-06-30,8210.0,4610.0,43054.0,1162.0,4282.0,1883.0,883.0,815.0,86.0,113.4443255375,2368.99446310813
2025-07-01,10573.0,5982.0,42999.0,786.0,6064.0,2460.0,1263.0,1025.0,81.0,134.4724128125,3039.9442567334
2025-07-02,10476.0,5575.0,43043.0,1131.0,5567.0,2369.0,1409.0,874.0,90.0,162.2305377,0.0
2025-07-03,8904.0,5150.0,43048.0,928.0,4772.0,2158.0,1046.0,867.0,85.0,122.7021332,1658.62730199494
2025-07-04,7499.0,4242.0,43125.0,659.0,4468.0,1571.0,801.0,841.0,81.0,94.1765965624999,1032.63701460802
2025-07-05,5458.0,3797.0,43127.0,755.0,3228.0,951.0,524.0,765.0,65.0,73.6861079124999,0.0
2025-07-06,5980.0,3532.0,43124.0,721.0,3358.0,1204.0,697.0,737.0,92.0,83.8076939999999,0.0
2025-07-07,5976.0,3628.0,43123.0,661.0,3422.0,1297.0,596.0,849.0,67.0,79.6021965874999,1000.15768500755
2025-07-08,6129.0,3837.0,40586.0,816.0,3379.0,1254.0,680.0,809.0,80.0,84.9486846999999,4266.27789294196
2025-07-09,8848.0,4558.0,43120.0,793.0,4579.0,2366.0,1110.0,813.0,81.0,123.4900425375,18655.4491552247
2025-07-10,11690.0,6381.0,43096.0,1077.0,6064.0,3072.0,1477.0,865.0,64.0,154.910855625,618.685437708744
2025-07-11,13451.0,6585.0,43087.0,975.0,7320.0,3664.0,1492.0,927.0,71.0,189.5964286125,1694.0966054406
2025-07-12,10039.0,5043.0,43135.0,890.0,4899.0,3135.0,1115.0,817.0,84.0,147.8477347,698.308109415346
2025-07-13,8207.0,4656.0,43127.0,521.0,4296.0,2482.0,908.0,694.0,79.0,121.3280178875,0.0
2025-07-14,12804.0,6447.0,43117.0,1109.0,6458.0,3741.0,1496.0,873.0,76.0,184.8315647749999,0.0
2025-07-15,10990.0,5404.0,42699.0,766.0,5804.0,2951.0,1469.0,819.0,64.0,149.28617282499988,1963.5298289468049
2025-07-16,10680.0,5622.0,42171.0,992.0,5597.0,2762.0,1329.0,846.0,83.0,145.3861742124999,8754.422627104796
2025-07-17,11890.0,5456.0,42133.0,857.0,5791.0,3658.0,1584.0,900.0,81.0,174.5298267749999,0.0
2025-07-18,12614.0,5987.0,42020.0,936.0,6598.0,3376.0,1704.0,862.0,83.0,181.02927436249985,1493.4099314016055
2025-07-19,5831.0,3337.0,42137.0,591.0,3403.0,1192.0,645.0,808.0,54.0,78.41022586249991,0.0
2025-07-20,8846.0,4688.0,42144.0,974.0,4723.0,2000.0,1149.0,856.0,78.0,119.42505696249992,0.0
2025-07-21,9143.0,4461.0,42279.0,669.0,4767.0,2516.0,1191.0,903.0,81.0,131.0986389249999,0.0
2025-07-22,11810.0,5832.0,42201.0,1193.0,5871.0,3194.0,1552.0,912.0,74.0,159.6692524124999,0.0
2025-07-23,11003.0,5671.0,42225.0,898.0,5893.0,2923.0,1289.0,888.0,80.0,152.8145196249999,2281.9163431866327
2025-07-24,10981.0,4944.0,42689.0,686.0,5704.0,3117.0,1474.0,789.0,87.0,175.65142056249988,0.0
2025-07-25,11854.0,5689.0,42954.0,759.0,6441.0,3042.0,1612.0,840.0,79.0,166.87629699999988,16114.092571252142
2025-07-26,6599.0,3697.0,43034.0,698.0,3748.0,1376.0,777.0,746.0,60.0,89.48177531249993,0.0
2025-07-27,5581.0,3166.0,43107.0,472.0,3328.0,1170.0,611.0,782.0,57.0,71.71467017499992,1754.2705672656884
2025-07-28,11073.0,5838.0,42996.0,739.0,6026.0,2971.0,1337.0,852.0,79.0,160.17602933749987,2969.900379595463
2025-07-29,9147.0,4833.0,42874.0,673.0,5111.0,2284.0,1079.0,826.0,87.0,146.01251429999988,1334.736544791842
2025-07-30,8571.0,4901.0,42827.0,765.0,4772.0,2053.0,981.0,816.0,82.0,119.6458124499999,2689.0707757980563
2025-07-31,9223.0,4739.0,42953.0,692.0,5097.0,2314.0,1120.0,863.0,76.0,126.90757546249988,3270.411742980592
2025-08-01,12147.0,5936.0,43024.0,747.0,6389.0,3523.0,1488.0,822.0,71.0,216.38692982499987,5610.247803824139
2025-08-02,8426.0,4296.0,42978.0,950.0,4489.0,2053.0,934.0,768.0,78.0,111.38809956249992,15884.54516841285
2025-08-03,5704.0,3038.0,43009.0,462.0,3140.0,1493.0,609.0,747.0,73.0,75.91634694999993,1613.8735467174556
2025-08-04,9884.0,4448.0,42977.0,667.0,4884.0,3123.0,1210.0,828.0,63.0,130.8774842999999,0.0
2025-08-05,7318.0,3354.0,43034.0,483.0,3838.0,2193.0,804.0,748.0,60.0,98.63416037499992,1227.6094966246746
2025-08-06,7029.0,3578.0,43003.0,515.0,3738.0,1979.0,797.0,764.0,80.0,92.40726733749992,436.2519598335493
2025-08-07,10019.0,4786.0,42559.0,625.0,5399.0,2870.0,1125.0,803.0,67.0,126.61983501249992,0.0
2025-08-08,9136.0,4103.0,42169.0,538.0,4549.0,3013.0,1036.0,797.0,60.0,125.1182335499999,1616.4672860242426
2025-08-09,8745.0,4341.0,42272.0,717.0,4474.0,2589.0,965.0,842.0,78.0,117.0797951874999,0.0
2025-08-10,7302.0,3545.0,42266.0,612.0,3697.0,2251.0,742.0,807.0,56.0,95.95816804999993,585.9586352771148
2025-08-11,10283.0,4376.0,42248.0,650.0,5040.0,3301.0,1292.0,792.0,79.0,137.1952808374999,0.0
2025-08-12,11840.0,5275.0,42102.0,836.0,5592.0,4050.0,1362.0,903.0,71.0,151.27153089999987,760.6432934554759
2025-08-13,11654.0,5136.0,41400.0,728.0,5827.0,3588.0,1511.0,855.0,62.0,156.76853694999988,799.3802193957381
2025-08-14,17233.0,7927.0,41587.0,796.0,9440.0,4703.0,2294.0,580.0,85.0,268.6146205749998,720.4919690494426
2025-08-15,11418.0,4461.0,41901.0,563.0,5507.0,3782.0,1566.0,824.0,63.0,149.5316251999999,139.48501863819547
2025-08-16,7196.0,3266.0,42210.0,547.0,3558.0,2303.0,788.0,785.0,73.0,95.78598356249992,0.0
2025-08-17,8636.0,3600.0,42507.0,592.0,4068.0,3027.0,949.0,836.0,55.0,107.37774582499992,0.0
2025-08-18,12372.0,4786.0,42462.0,669.0,5774.0,4259.0,1670.0,830.0,67.0,161.5652242124999,0.0
2025-08-19,11052.0,4812.0,42169.0,636.0,5546.0,3430.0,1440.0,817.0,58.0,144.0207398999999,0.0
2025-08-20,11279.0,4223.0,41986.0,555.0,5005.0,4282.0,1437.0,751.0,67.0,143.2826732499999,0.0
2025-08-21,8202.0,4156.0,41771.0,514.0,4391.0,2433.0,864.0,740.0,59.0,101.9232956749999,22829.03732412192
2025-08-22,19341.0,6336.0,42000.0,632.0,8058.0,8013.0,2638.0,792.0,63.0,252.89092381249984,1081.8358500238974
2025-08-23,8971.0,3922.0,42914.0,517.0,4395.0,3036.0,1023.0,794.0,62.0,112.11584596249992,22.656338601605967
2025-08-24,13191.0,4767.0,42925.0,535.0,5817.0,5181.0,1658.0,737.0,56.0,169.35342261249988,0.0
2025-08-25,14495.0,6201.0,42927.0,967.0,7064.0,4534.0,1930.0,851.0,62.0,192.0893572874999,0.0
2025-08-26,13610.0,4849.0,42931.0,745.0,5995.0,4970.0,1900.0,751.0,67.0,240.7589713249999,2614.587805195712
2025-08-27,10353.0,4521.0,43028.0,669.0,4988.0,3491.0,1205.0,782.0,64.0,143.9302199374999,111.7480732097756
2025-08-28,10064.0,4017.0,42986.0,686.0,4686.0,3484.0,1208.0,738.0,59.0,128.6057764499999,4242.712596237659
2025-08-29,11861.0,4677.0,42868.0,1156.0,5940.0,3337.0,1428.0,1205.0,64.0,172.1966727124999,0.0
2025-08-30,6334.0,3188.0,42992.0,515.0,3287.0,1823.0,709.0,722.0,59.0,83.88938753749993,1521.6155359591355
2025-08-31,7500.0,3461.0,43100.0,887.0,3732.0,2084.0,797.0,771.0,74.0,96.10319021249992,17802.9355633643
2025-09-01,11803.0,4761.0,43008.0,557.0,5535.0,4182.0,1529.0,751.0,77.0,153.3801473124999,465.4499489930458
2025-09-02,14966.0,4600.0,43071.0,2108.0,7079.0,4266.0,1513.0,1784.0,62.0,178.49537244999982,39.25635647424497
2025-09-03,8890.0,4069.0,43058.0,629.0,4419.0,2816.0,1026.0,783.0,81.0,190.29671764999992,1614.2228907116223
2025-09-04,7930.0,3896.0,42987.0,599.0,4244.0,2212.0,875.0,754.0,62.0,101.42629794999992,799.081843631342
2025-09-05,8592.0,3507.0,42839.0,473.0,4152.0,2889.0,1078.0,710.0,53.0,113.85781773749991,543.9976690623444
2025-09-06,6367.0,3531.0,42922.0,419.0,3713.0,1564.0,671.0,733.0,63.0,85.16253773749993,468.2969962491188
2025-09-07,7259.0,3836.0,42944.0,847.0,3836.0,1858.0,718.0,705.0,57.0,98.06372151249992,1110.1098052903544
2025-09-08,8813.0,3981.0,42748.0,636.0,4349.0,2829.0,999.0,785.0,63.0,112.9841904999999,293.0312802824192
2025-09-09,9807.0,4184.0,42755.0,587.0,4756.0,3233.0,1231.0,755.0,76.0,132.9281649374999,318.7191045228392
2025-09-10,11548.0,4831.0,42669.0,810.0,5473.0,3912.0,1353.0,804.0,80.0,146.8845490999999,0.0
2025-09-11,9634.0,4398.0,42235.0,595.0,4871.0,3048.0,1120.0,737.0,79.0,132.2974537249999,0.0
2025-09-12,8781.0,3994.0,42387.0,610.0,4271.0,2889.0,1011.0,774.0,60.0,119.90439371249992,0.0
2025-09-13,9648.0,4439.0,42476.0,776.0,4736.0,3014.0,1122.0,741.0,63.0,126.37503927499988,0.0
2025-09-14,8947.0,3858.0,42403.0,539.0,4413.0,2941.0,1054.0,729.0,59.0,124.59476398749992,0.0
2025-11-07,15668.0,5974.0,43029.0,957.0,7067.0,5622.0,2022.0,785.0,52.0,189.6973899999998,0.0
2025-11-08,8142.0,3475.0,43059.0,600.0,4155.0,2442.0,945.0,783.0,65.0,105.4033762374999,1499.209184181178
2025-11-09,7368.0,3182.0,43081.0,592.0,3681.0,2299.0,796.0,749.0,51.0,88.58730628749991,29592.18873971072
2025-11-10,8521.0,3576.0,43127.0,551.0,4212.0,2797.0,961.0,760.0,52.0,107.7521279749999,0.0
2025-11-11,9781.0,4757.0,43108.0,642.0,5269.0,2940.0,930.0,787.0,49.0,113.54608632499988,0.0
2025-11-12,9167.0,4230.0,43111.0,909.0,4500.0,2804.0,954.0,796.0,69.0,112.4305478499999,0.0
2025-11-13,15183.0,7074.0,43125.0,1166.0,7442.0,4907.0,1668.0,812.0,53.0,177.87292053749985,0.0
2025-11-14,13449.0,5766.0,43123.0,672.0,6740.0,4412.0,1625.0,737.0,56.0,162.64028256249986,0.0
2025-11-15,6030.0,3107.0,43136.0,564.0,3350.0,1529.0,587.0,730.0,66.0,73.14960402499992,0.0
2025-11-16,11746.0,5564.0,43144.0,790.0,6152.0,3485.0,1319.0,751.0,75.0,142.08669266249987,0.0
2025-11-17,12554.0,5442.0,43145.0,618.0,6476.0,3851.0,1609.0,776.0,51.0,159.77973186249986,0.0
