week,delegator,sum_votes,how_many_prep_voted,raffle_tickets,total_votes,total_votes,total_votes,total_votes,vote_percentages_per_prep,vote_percentages_per_prep,vote_percentages_per_prep,vote_percentages_per_prep
,,,,,min,max,median,mean,min,max,median,mean
2020-44,hx6bbfa9feb27746616afecef44b78dcf97566dd24,1683.9256000000014,100,10,16.49059999999986,51.35160000000001,16.4906,16.839256000000013,0.97930%,3.04952%,0.97930%,1.00000%
2020-44,hxb0d886f01ca2697ce9961232a754bb3923142128,16002.11170000001,100,10,88.7016,255.08670000000006,157.7947,160.02111700000012,0.55431%,1.59408%,0.98609%,1.00000%
2020-44,hx0f16f2e17ded0a63c9651643cdfdbb609ffda2a2,3021.9563000000007,100,10,9.5978,182.7063,20.24945,30.219563000000008,0.31760%,6.04596%,0.67008%,1.00000%
2020-44,hx1b4e0df6efc52a2b567f6b254353e14c7a2b479f,54187.611500000006,47,4,336.6967,8685.4724,445.30629999999996,1152.9279042553194,0.62135%,16.02852%,0.82179%,2.12766%
2020-44,hxba3617fb2bad1d6f14dfce39872c3c7bd271160a,248.98000000000002,36,3,3.2191083970559995e-05,122.16829218283705,0.3547165987428106,6.916111111111111,0.00001%,49.06751%,0.14247%,2.77778%
2020-44,hxa16dc10855a6a7d1c455d324f9c7776ae1290133,243816.9195,34,3,2239.0749,10793.346599999999,7383.5710500000005,7171.085867647059,0.91834%,4.42682%,3.02833%,2.94118%
2020-44,hxd2b801100a49fb8cdca2df399e14f06b96acafa8,6029.3573,31,3,60.3395,809.1919,120.6791,194.49539677419355,1.00076%,13.42086%,2.00153%,3.22581%
2020-44,hx463b1ee3016d7244516413acc69de2f1cdb268fd,5858.1479,29,2,0.0,641.8615,160.1539,130.18106444444444,0.00000%,10.95673%,2.73387%,2.22222%
2020-44,hx4238c8c7ff1d53d4f91c9b5460d1ac037f642da4,48803.461,28,2,431.70700000000016,5166.289400000001,1666.5264000000002,1742.9807500000002,0.88458%,10.58591%,3.41477%,3.57143%
2020-44,hx64adf776e53d0f30d2c4e90461a043fcc58c04bf,1036.7643,26,2,20.7352,82.9412,41.47055,39.875550000000004,1.99999%,8.00001%,4.00000%,3.84615%
2020-44,hx7301714168f31c464fd766bad237b9a99c14824c,2599.8600000000006,25,2,103.9943,103.9945,103.9944,103.99440000000003,4.00000%,4.00000%,4.00000%,4.00000%
2020-44,hxf159b2029f3d6e8823157033ada47b76e8903a4f,619.4294182716101,25,2,1.371961950484824,64.93149732357978,20.76282793422435,24.777176730864404,0.22149%,10.48247%,3.35193%,4.00000%
2020-44,hxcaf3a1285478520ad520d34d470aed54d49c4774,23193.909499999998,24,2,301.7483,3567.7801,845.68175,966.4128958333332,1.30098%,15.38240%,3.64614%,4.16667%
2020-44,hx171a92e51f8f199d509c61699897bdc93f265761,2529.044,23,2,50.5808,379.3566,75.8713,109.95843478260869,2.00000%,15.00000%,3.00000%,4.34783%
2020-44,hxee4ed659a48922c4f5dbe97ab3fcdc35a7010924,9969.890199999998,23,2,196.18959999999998,810.0657,392.2957,433.47348695652164,1.96782%,8.12512%,3.93480%,4.34783%
2020-44,hxb812766bc41d782edd84f7b8a36c97fcaf6bfd39,240.9819,23,2,1.107,29.8749,10.0,10.477473913043479,0.45937%,12.39716%,4.14969%,4.34783%
2020-44,hx6f14ffadd92861068f841977cbff6264e9d5b065,344.81140000000005,23,2,1.0167,64.6715,5.1077,14.991800000000001,0.29486%,18.75562%,1.48130%,4.34783%
2020-44,hx6aee4d81a36e730ef217616542ed7c654829ead2,2999.0093,23,2,59.9801,180.2131,120.1421,130.39170869565217,2.00000%,6.00909%,4.00606%,4.34783%
2020-44,hx4c9cc8daac26a7547d378fc9d1960bd9e3187870,478.04330000000004,23,2,6.2176,86.089,20.0,20.784491304347828,1.30064%,18.00862%,4.18372%,4.34783%
2020-44,hx2e48a07fc66eb6de9cebb40d6fc3b6407174b92e,1017.9877,22,2,45.9877,49.0,46.0,46.27216818181818,4.51751%,4.81342%,4.51872%,4.54545%
2020-44,hxb50bf047dfdce1e3b21ee7cde229a99a29e3569d,37916.4734,22,2,745.6016,3807.4334,1864.0039,1723.4760636363637,1.96643%,10.04163%,4.91608%,4.54545%
2020-44,hx9a50175b8990abf883182baf0a97bf28191d6435,25131.397399999998,21,2,503.3545999999999,2017.8633,1010.4797000000001,1196.7332095238094,2.00289%,8.02925%,4.02079%,4.76190%
2020-44,hx77035912d806f04dad1a0d33ba6014effcc7fbc0,20014.0,21,2,14.0,1000.0,1000.0,953.047619047619,0.06995%,4.99650%,4.99650%,4.76190%
2020-44,hx8e1c9e9a72d54632fb8769bbd9417d1af1be079b,10048.835899999998,21,2,122.64909999999962,1077.2338,415.74450000000013,478.5159952380952,1.22053%,10.71999%,4.13724%,4.76190%
2020-44,hx3c117f6c88806a9a37f5602ab884568d71138239,8664.3614,21,2,350.8427,524.2645000000001,350.8427,412.5886380952381,4.04926%,6.05082%,4.04926%,4.76190%
2020-44,hx44f4a5faccae3e1a109e95c896c13ae234d4d145,2272.0251000000007,21,2,6.5012,615.1365000000001,79.4095,108.19167142857147,0.28614%,27.07437%,3.49510%,4.76190%
2020-44,hxe03b68f5e0fafd46eed4b9ab805a95734278a3bd,77430.21480000002,21,2,2159.0114000000003,6911.213700000002,3462.0182,3687.1530857142866,2.78833%,8.92573%,4.47115%,4.76190%
2020-44,hxac10537896b44850e68db5d5ef50d57af82953da,2748.4284000000002,21,2,20.0,300.0,100.0,130.87754285714286,0.72769%,10.91533%,3.63844%,4.76190%
2020-44,hxd8586c788a27ae85153bd4f3dbd7dd18e61e4994,4799.210599999999,21,2,24.601999999999997,835.1339,70.52709999999999,228.53383809523808,0.51263%,17.40148%,1.46956%,4.76190%
2020-44,hx624cc71bdd83371ed6ed32ba06c705e8d586244c,32447.759,21,2,10.0,25473.4954,56.8865,1545.1313809523808,0.03082%,78.50618%,0.17532%,4.76190%
2020-44,hxf29415b3cce08c8ef94b5ab0cd50a261710d90cb,220.359,21,2,10.0,15.359000000000002,10.0,10.493285714285715,4.53805%,6.96999%,4.53805%,4.76190%
2020-44,hxc9838544da5b94cbf33fa4155bcd246d3059a5ac,2940.9525,20,2,115.4226,519.4022,115.4227,147.04762499999998,3.92467%,17.66102%,3.92467%,5.00000%
2020-44,hxccc16f51a7884823ad3928b1c3385751e4c9f368,9564.5105,20,2,64.51050000000001,500.00000000000006,500.0,478.225525,0.67448%,5.22766%,5.22766%,5.00000%
2020-44,hx7f02efbae58798bb1c5b42c16aa85fbbc4c8db41,11819.654700000001,20,2,500.0,2319.6547,500.0,590.982735,4.23024%,19.62540%,4.23024%,5.00000%
2020-44,hx7fb6c93dc1f87902b23921b985f57988383846a5,2636.2576,20,2,101.5779,154.4934,128.03564999999998,131.81288,3.85311%,5.86033%,4.85672%,5.00000%
2020-44,hxe46fa4aa6d20d1ee400654fd5f328632ed319f0b,703.9411000000001,20,2,9.3244,211.45710000000003,24.812649999999998,35.197055000000006,1.32460%,30.03903%,3.52482%,5.00000%
2020-44,hx6017e7e70f316db3dc5eeeb955fc9fe9713a4bb2,6639.251599999999,20,2,330.0,335.0,330.0,331.96257999999995,4.97044%,5.04575%,4.97044%,5.00000%
2020-44,hx6c4f4f44ae546e57eac829897ed94337fdad47af,5583.0166,20,2,150.0,500.0,200.0,279.15083,2.68672%,8.95573%,3.58229%,5.00000%
2020-44,hx6df7bc87eb3a0a7c38ec7edca32d82a3595071d9,1263.5666000000003,20,2,26.7933,400.1392,44.6556,63.17833000000002,2.12045%,31.66744%,3.53409%,5.00000%
2020-44,hxece32238259e951b9931aee279d0d81e43a26990,997.672,20,2,47.672,50.0,50.0,49.8836,4.77832%,5.01167%,5.01167%,5.00000%
2020-44,hxe67b818b6ab2967afc6ede848658c66802b8ab9c,460.0,20,2,23.0,23.0,23.0,23.0,5.00000%,5.00000%,5.00000%,5.00000%
2020-44,hx857353391e454d7fc60f4879224aade697602877,335.15999999999997,20,2,6.7032,23.4613,16.758,16.758,2.00000%,7.00003%,5.00000%,5.00000%
2020-44,hxc6bdf332de359c46f3bedbb1776ce0f8ce78a1b6,852499.2509999999,20,2,696.4701,55718.623100000004,50632.6541,42624.96255,0.08170%,6.53591%,5.93932%,5.00000%
2020-44,hx99e3d951340ad78f48437eae250cb05f9f4d0284,21617.237999999998,20,2,216.35529999999977,2646.6874999999995,433.77700000000004,1080.8618999999999,1.00085%,12.24341%,2.00663%,5.00000%
2020-44,hxad9a11d1d6a37c499284b9ce23e38f1e9b3e0894,50289.349500000004,20,2,105.4244,9413.5175,1491.68205,2514.4674750000004,0.20964%,18.71871%,2.96620%,5.00000%
2020-44,hx1a329df439db3f019523d56d7945d37d35bf4f38,6521.8347,20,2,226.0917,426.09180000000003,326.0917999999999,326.091735,3.46669%,6.53331%,5.00000%,5.00000%
2020-44,hxb17745d715f488307816fb9d2861bc2d08c39e5c,1034.0,20,2,31.02,103.4,51.7,51.7,3.00000%,10.00000%,5.00000%,5.00000%
2020-44,hx40bc58ea43241b88e13e3e2b54db0eefa73108fd,146689.1901,19,1,291.0607,30647.567699999996,5159.3447,7720.4836894736845,0.19842%,20.89286%,3.51719%,5.26316%
2020-44,hx20268fdf7c282d97b5a91441bb6d3f218dc49f9c,168.82949999999994,19,1,3.9872,16.232,8.482000000000001,8.885763157894734,2.36167%,9.61443%,5.02400%,5.26316%
2020-44,hx82b4acc37a019e08235724f88d4cb0f130a0a208,35257.529599999994,19,1,752.2604,3000.0,1769.7059,1855.6594526315787,2.13362%,8.50882%,5.01937%,5.26316%
2020-44,hxaa60ebb314e4002f369cb07465712faa91ac112b,10185.759700000002,19,1,308.7678,1202.3863000000001,428.1903,536.0926157894738,3.03137%,11.80458%,4.20381%,5.26316%
2020-44,hxa745e00938fb20c9b55406d21d2fa175d248ff9c,1152.2476000000001,19,1,10.0,200.0,40.0,60.644610526315795,0.86787%,17.35738%,3.47148%,5.26316%
2020-44,hx81f933da3f0ef5fe89887e06cb3b2f80aba4010b,5900.9314,18,1,213.4852,500.0,300.0,327.82952222222224,3.61782%,8.47324%,5.08394%,5.55556%
2020-44,hx179358d62f45c8327fab772dfc3bf08b8d5c1259,1614.8697,18,1,40.5453,170.0,76.98294999999999,89.71498333333334,2.51075%,10.52717%,4.76713%,5.55556%
2020-44,hx26907c177186f27613f85431237f3d68cf303528,41255.6471,18,1,1474.4764,3697.2509,2364.66005,2291.9803944444448,3.57400%,8.96181%,5.73172%,5.55556%
2020-44,hx1cd1e371a8f885f68799aa837e287c5c442e9adb,44882.76689999999,18,1,200.0,9221.8106,2222.0705000000003,2493.4870499999993,0.44561%,20.54644%,4.95083%,5.55556%
2020-44,hx5d8f854d72bb8ff9f3f8425f7cd035924b4dedde,18.999999999,18,1,1.0555555554999998,1.0555555555000007,1.0555555555,1.0555555555,5.55556%,5.55556%,5.55556%,5.55556%
2020-44,hxf7680b84aed887350194c26bd98996312020379f,50820.99999999838,18,1,2823.388888888798,2823.3888888888,2823.388888888799,2823.3888888887986,5.55556%,5.55556%,5.55556%,5.55556%
2020-44,hx6c6cbea1f364be1be5a56f9d5b5675a3f9828366,10224.8734,18,1,2.0,2030.5377,500.38385000000005,568.0485222222222,0.01956%,19.85881%,4.89379%,5.55556%
2020-44,hx1be8a72295d2a3d802c5dddc153477dafdf966c0,244.1004501002992,18,1,0.4341228560543908,75.46905155308541,4.432345501454572,13.56113611668329,0.17785%,30.91721%,1.81579%,5.55556%
2020-44,hx592e7959a5c0070cf51f18b82390c2553f0f767a,13660.118299999996,18,1,410.2973999999997,1625.5251,683.81,758.8954611111109,3.00362%,11.89979%,5.00589%,5.55556%
2020-44,hx91b9df44a0679a85ff83199b5f66529a45bf2dbb,3012.5092,17,1,120.6441,427.2504,147.9242,177.20642352941175,4.00477%,14.18254%,4.91033%,5.88235%
2020-44,hx00d85a59cfacc2a44e924f4a7892271145747c60,6234.529600000001,17,1,22.6611,3620.0000000000005,114.923,366.7370352941177,0.36348%,58.06372%,1.84333%,5.88235%
2020-44,hx13c863c2f8839574d795c3c6cce1aab0bd4fcae4,115384.26239999999,17,1,608.5790999999999,29613.406,4772.5541,6787.309552941176,0.52744%,25.66503%,4.13623%,5.88235%
2020-44,hxc30aabbc541d3ad4019aa5675fc553549852130e,8788.5989,17,1,188.5989,1000.0,500.0,516.976405882353,2.14595%,11.37838%,5.68919%,5.88235%
2020-44,hx87455c62c2ef3f37496fb2fef0df86fdadada87c,164005.3658,17,1,4005.3658,10000.0,10000.0,9647.37445882353,2.44222%,6.09736%,6.09736%,5.88235%
2020-44,hxa4556d928cfabb02caa1f07078f579638b5d4357,13268.936980734734,17,1,45.351529722597604,2930.355392734951,365.9875569930538,780.525704749102,0.34179%,22.08433%,2.75823%,5.88235%
2020-44,hx82a8319354bbdf73087c60a019563c980061f592,31751.243600000005,16,1,533.1132,5152.664100000001,1730.7436,1984.4527250000003,1.67903%,16.22823%,5.45095%,6.25000%
2020-44,hx5203a1c4db4ce125e32d81205a8bff763ff579f1,80217.5023405757,16,1,331.1250163557178,20718.331997756326,3893.49870436059,5013.593896285981,0.41278%,25.82770%,4.85368%,6.25000%
2020-44,hxa4223229cf2bacc2fbb861563bb6e2b9cbc56a3e,21834.4404,16,1,420.68269999999995,11903.0517,487.14954999999986,1364.652525,1.92669%,54.51503%,2.23111%,6.25000%
2020-44,hx91449e6edfd99af685c9c376024db63fca65e236,12858.789800000002,16,1,296.67599999999953,4654.7275,374.2158499999998,803.6743625000001,2.30718%,36.19880%,2.91019%,6.25000%
2020-44,hxb28391ccbbe4922c14614f844059d229c27a4809,898.1839999999999,16,1,0.9598,134.6412,43.08204999999999,56.13649999999999,0.10686%,14.99038%,4.79657%,6.25000%
2020-44,hx53c974aa02514313dc3e5371d3703051e4825f3b,87708.29370000001,16,1,2208.2937,8500.000000000002,5500.0,5481.768356250001,2.51777%,9.69122%,6.27079%,6.25000%
2020-44,hxbcdd18151cbe679fe638e073e4b8aa3d963f9995,11000.5135,15,1,9.0606,1312.3045999999983,1021.2218,733.3675666666666,0.08237%,11.92948%,9.28340%,6.66667%
2020-44,hxf819c5e1cc4b3e48aab63cacf87b2f723d01ec7d,42414.0686,15,1,1000.0,4500.0,2800.0,2827.604573333333,2.35771%,10.60969%,6.60158%,6.66667%
2020-44,hxdd3e1988cb579476efba6206819f7cd6af43f38d,63591.693400000004,15,1,4000.0,5000.0,4000.0,4239.446226666667,6.29013%,7.86266%,6.29013%,6.66667%
2020-44,hx9624f97052215bc50da22b8b0c3d68ddf9acfe34,60506.9811,15,1,3756.3186000000005,4260.1058,4159.541300000001,4033.7987399999997,6.20807%,7.04068%,6.87448%,6.66667%
2020-44,hx85657fd33c135431bec3a561c95dfa1ae8d0f349,11000.0,15,1,500.0,1500.0,500.0,733.3333333333334,4.54545%,13.63636%,4.54545%,6.66667%
2020-44,hx8816f9995eb3bba5c93a9f954f36e816b9f1df8f,1294.1159000000002,15,1,5.3816,257.4011,53.534,86.27439333333335,0.41585%,19.89011%,4.13672%,6.66667%
2020-44,hx250858a62cd9fec535459cd61ca7b1d89984c8a9,537.1549,15,1,4.178999999999999,50.0,50.0,35.81032666666667,0.77799%,9.30830%,9.30830%,6.66667%
2020-44,hx9c9d5309ef3381e7e5d9a79c11835c0b5636abcc,5964.9182,15,1,298.6125,1075.4675,306.9262,397.66121333333336,5.00615%,18.02988%,5.14552%,6.66667%
2020-44,hx237f51a6f432458553cc22e5a2b82628aa2c31ab,4252.297873842604,15,1,91.60700753680847,1654.4065179126285,199.9544226541344,283.48652492284026,2.15429%,38.90618%,4.70227%,6.66667%
2020-44,hx602d61e653c7bc72581e076ede13a18f5ab2f1b0,13155.135300000002,15,1,102.16489999999999,2370.6985,786.4944,877.0090200000001,0.77662%,18.02109%,5.97861%,6.66667%
2020-44,hxfdb805565bde3986d4ef2ef22ddf1094e4019796,81011.40620000001,14,1,1595.7836,7941.5622,5956.17165,5786.529014285715,1.96983%,9.80302%,7.35226%,7.14286%
2020-44,hx614e597a1577f66fcd8988f88170de4c619a0573,2724.4732,14,1,30.2662,440.9081,175.47680000000003,194.60522857142857,1.11090%,16.18324%,6.44076%,7.14286%
2020-44,hxf21441902d03b9d6d761f9522a3e73edb86309b6,3.906800000000211,14,1,0.09999999999979536,2.0,0.10000000000001408,0.27905714285715794,2.55964%,51.19279%,2.55964%,7.14286%
2020-44,hxce773241e990107283650688785b259ce7afc91a,130830.2993,14,1,830.2993000000001,10000.0,10000.0,9345.021378571428,0.63464%,7.64349%,7.64349%,7.14286%
2020-44,hx23957e7cfd6ad721f240e7fbb395e0d765fb9b36,6905.5675,14,1,22.055799999999998,1516.8606,457.21315000000004,493.25482142857146,0.31939%,21.96576%,6.62094%,7.14286%
2020-44,hxe3dd8785da38941b2d6893b027502a586be5edb1,694.3269,14,1,27.7731,118.0355,45.131299999999996,49.59477857142857,4.00000%,16.99999%,6.50001%,7.14286%
2020-44,hxb38c61724a537235f9ce7b2fa1e498ce6b0bd0f9,19482.91071080588,14,1,45.67326183009513,2966.2089999999994,1425.3711999999998,1391.6364793432772,0.23443%,15.22467%,7.31601%,7.14286%
2020-44,hx1f8527706896d332d6c8437dff1c51590c72efa7,25655.899999999998,14,1,601.8645,4000.678,2000.0,1832.5642857142855,2.34591%,15.59360%,7.79548%,7.14286%
2020-44,hx17de469300d89a6c725084947f753589ca621e87,141801.75549999997,14,1,3214.0501,15618.211599999999,9685.0455,10128.69682142857,2.26658%,11.01412%,6.82999%,7.14286%
2020-44,hxb163cdee7a21a16177b9a1b150fc66717320a934,106498.0,14,1,4442.0,20006.0,6320.26585,7607.0,4.17097%,18.78533%,5.93463%,7.14286%
2020-44,hxbae2c2c3b5461d945ea9d040c8287ab11d524c95,165.02989999999946,14,1,1.0,123.58330000000018,1.0,11.787849999999962,0.60595%,74.88540%,0.60595%,7.14286%
2020-44,hx6b91200ebf1df682e2ebeb0279b1bdb611d66257,1606.2207,14,1,9.9,247.5,79.55,114.73005,0.61635%,15.40884%,4.95262%,7.14286%
2020-44,hxdbe63a2fca42c3caad4589c2f0a82a0fd6f27a44,8915.123627216564,14,1,276.4878558498548,1765.9938478685142,561.037330954563,636.7945448011832,3.10134%,19.80897%,6.29310%,7.14286%
2020-44,hx5949b6be475b9d1417b1330ad55e9308d5e05bfb,11921.607000000002,14,1,582.9703,1399.1292,641.2674,851.5433571428573,4.89003%,11.73608%,5.37903%,7.14286%
2020-44,hxc884dc0d06b9ede780f563eef6f0a788e831489e,387040.32590881275,14,1,743.4886,57001.43045809775,30506.562063216545,27645.737564915198,0.19210%,14.72752%,7.88201%,7.14286%
2020-44,hx4816f2d7e86cb5b5d39c6cba12ea549ba2586f00,128338.34259999999,14,1,8163.5226,10196.5815,9253.2459,9167.02447142857,6.36094%,7.94508%,7.21004%,7.14286%
2020-44,hx9927cd105cb4f6de0139117b6be189ce07ca25ee,13013.5988,14,1,13.5988,1000.0,1000.0,929.5427714285714,0.10450%,7.68427%,7.68427%,7.14286%
2020-44,hx261bef2e1e9abac57941b8f45541afa25a9eacbb,411.4071,13,1,30.0,51.40710000000001,30.0,31.646700000000003,7.29205%,12.49543%,7.29205%,7.69231%
2020-44,hx58b45678ec9a9087293617d95bc3f69e5b036f59,6869.937199999999,13,1,390.9129,685.4052,519.4871,528.4567076923076,5.69020%,9.97688%,7.56174%,7.69231%
2020-44,hx7616d8e5a76ac50c883393bd158df54578b61e73,24777.0,13,1,600.0,4000.0,2000.0,1905.923076923077,2.42160%,16.14400%,8.07200%,7.69231%
2020-44,hxb819787d46162459576827b474cf816f16d69966,33805.8009,13,1,1664.0008,4992.0027,2329.6011,2600.446223076923,4.92223%,14.76670%,6.89113%,7.69231%
2020-44,hxc503ebb5a1d72d511e8924e9023437c82fee95b2,378000.0,13,1,12500.0,50000.0,25000.0,29076.923076923078,3.30688%,13.22751%,6.61376%,7.69231%
2020-44,hx2835a19c583698904afd1c77d99112a5b840e032,4270.6171,13,1,299.1238,341.963,341.5055,328.5090076923077,7.00423%,8.00734%,7.99663%,7.69231%
2020-44,hx2399a64612e7f4494dc731839cbabc24dfd62e07,795.9372,13,1,9.3067,239.4899,9.3067,61.22593846153846,1.16928%,30.08904%,1.16928%,7.69231%
2020-44,hxdae7ec0c2367f4f3696f2275490116ed4b2202f7,390.04640000000006,13,1,22.3781,33.8408,31.229300000000002,30.003569230769237,5.73729%,8.67610%,8.00656%,7.69231%
2020-44,hx3fe703490d6f0b30bf1e0aaf96bc7050597a943b,7301.5025,13,1,112.5547,600.0000000000001,600.0,561.6540384615384,1.54153%,8.21749%,8.21749%,7.69231%
2020-44,hx49e57e5fed70ed214b39435032f7f84bc36eb8b2,15243.8714,13,1,0.0,3185.938,1000.0,1016.2580933333334,0.00000%,20.89980%,6.56001%,6.66667%
2020-44,hx442f62bda2157037af839c7075f43f16b2d4cc91,28044.392699999997,13,1,417.025,11139.955899999999,959.1224,2157.2609769230767,1.48702%,39.72258%,3.42001%,7.69231%
2020-44,hx6654384862ba2431c12575fd98e02a1ebe500d31,18819.4172,13,1,41.2648,3964.0424000000003,1504.5536000000002,1447.647476923077,0.21927%,21.06358%,7.99469%,7.69231%
2020-44,hx5b038a80b468ed9b581f666bbcd01316f4782ba3,15960.8527,13,1,0.0,2253.1070000000004,1208.0915,1140.060907142857,0.00000%,14.11646%,7.56909%,7.14286%
2020-44,hx4b03d97b91bc4d13d271ee97c8571141baca6cd0,505625.93330000003,13,1,1234.0205,147255.5638,3654.5321,38894.30256153846,0.24406%,29.12342%,0.72277%,7.69231%
2020-44,hxd65454fc832f4257d9a786e41222ed03ae05edc1,2023.1207946286,13,1,105.99050199202529,393.0520838268712,134.833964135194,155.6246765098923,5.23896%,19.42801%,6.66465%,7.69231%
2020-44,hxed5e0d1bade8dc01084d0a68e0d370c41c69465d,20071.661799999998,13,1,201.3108,2509.8032000000003,1705.7601999999997,1543.9739846153846,1.00296%,12.50421%,8.49835%,7.69231%
2020-44,hxa7b3f39a318d7242dc06908deda20676609d2630,1770.2075,13,1,35.5996,287.0091,147.0,136.1698076923077,2.01104%,16.21330%,8.30411%,7.69231%
2020-44,hx864c5eec5eccb203772a322cd711ae7f5c8dec77,11730.523299999999,13,1,527.2346,1649.8154,964.5562000000001,902.3479461538461,4.49455%,14.06429%,8.22262%,7.69231%
2020-44,hx1584db5872b6d7e24b57f73fd3b9c5d516db3ef8,105000.1111,13,1,500.0,30000.0,4000.0,8076.931623076923,0.47619%,28.57140%,3.80952%,7.69231%
2020-44,hx1817d865895f7c394891ab0ac15ed3cdb781611d,3429.999999999999,13,1,127.61764062368157,375.05101605876484,283.15327125929326,263.84615384615375,3.72063%,10.93443%,8.25520%,7.69231%
2020-44,hx1858bb7d884b5a6a74ceaa63eca015ce184bc726,3227.564869579475,13,1,19.8278,814.7835743907547,118.5137,248.27422073688268,0.61433%,25.24453%,3.67192%,7.69231%
2020-44,hx808c36535f80aa585c3431d7d0eba102ed34cb47,24004.4115,13,1,1460.192,2422.0643,1702.0884,1846.4931923076922,6.08302%,10.09008%,7.09073%,7.69231%
2020-44,hx1982db9a5a0ea04efb3a1d53648fc7143c429d2e,2127.919337356298,13,1,79.51164955555161,254.82999945257313,158.12371344977663,163.6861028735614,3.73659%,11.97555%,7.43091%,7.69231%
2020-44,hx9e780e0fc513a3c00663dd01c0d12672fe0dd865,6174.2459,13,1,61.800900000000055,679.8601999999998,556.2492,474.9419923076923,1.00095%,11.01123%,9.00918%,7.69231%
2020-44,hx5431f4aa69a654d2d355b4cac7fa1e65865fb1a1,507.3680999999999,12,1,20.3052,76.1154,40.5055,42.280674999999995,4.00206%,15.00201%,7.98345%,8.33333%
2020-44,hx5932011663f6331c69ce91a83c486897f157dadb,3242.1526,12,1,101.97200000000001,577.9393,259.9736,270.1793833333333,3.14519%,17.82579%,8.01855%,8.33333%
2020-44,hx9cc63536e92722dab4c1f8cf146348d76d08acab,30006.014900000002,12,1,734.3895000000003,5804.2603,2275.2171500000004,2500.501241666667,2.44747%,19.34366%,7.58254%,8.33333%
2020-44,hx60f200b8f2855d176ce080f19ec435da821c200c,23644.128200000003,12,1,1156.2,4699.3568000000005,1503.06,1970.344016666667,4.89001%,19.87537%,6.35701%,8.33333%
2020-44,hx5e2908097689627b16532de3047fc61bc8ee726c,106227.8362,12,1,2735.3471999999997,11145.719899999998,9363.723849999998,8852.319683333333,2.57498%,10.49228%,8.81476%,8.33333%
2020-44,hx574cd24f06b6d991e00424193e76f3113897364c,3160.9183,12,1,252.5181,284.8379,252.8735,263.4098583333333,7.98876%,9.01124%,8.00000%,8.33333%
2020-44,hx9824d726914f87720e579332e0baa24ee1543277,21514.2733,12,1,1120.2448,3175.2929999999997,1630.1156500000002,1792.8561083333334,5.20698%,14.75901%,7.57690%,8.33333%
2020-44,hx790cec91b0d3281d1af5cca2e2c1ecee66e5b1ad,3686.6552999999976,12,1,32.1554,865.8243999999995,264.8636000000006,307.2212749999998,0.87221%,23.48536%,7.18439%,8.33333%
2020-44,hxb106e5baab67f48c06149832a0a4baee97c9362a,11989.7,12,1,121.56410000000005,2000.0,1109.0,999.1416666666668,1.01390%,16.68098%,9.24961%,8.33333%
2020-44,hx86224a68a3a332e7f334efa0fe8bd13bbac28d70,7092.974899999999,12,1,346.9746,1178.3376,519.9187,591.0812416666666,4.89181%,16.61274%,7.33005%,8.33333%
2020-44,hx7c3cc3611ee50a8db0362a16abccbd208b70b22a,29049.2196,12,1,1766.4676,2687.5474,2479.8721000000005,2420.7683,6.08095%,9.25170%,8.53679%,8.33333%
2020-44,hx7161b1f236e9f8541c00b8b79d8b549cbe2f29be,91574.1889,12,1,613.9761,40685.9256,1351.59195,7631.182408333333,0.67047%,44.42947%,1.47595%,8.33333%
2020-44,hx6e0a36493b252832790bcb9517fefc691a9840c3,8031.774299999999,12,1,3.9261,1957.9279,508.15985,669.3145249999999,0.04888%,24.37728%,6.32687%,8.33333%
2020-44,hx7849e4405707a7ed86a3d24f8ff4cf45cde3587d,31625.562441470585,12,1,513.3023323575981,6142.034654324328,2370.3854975162126,2635.4635367892156,1.62306%,19.42111%,7.49516%,8.33333%
2020-44,hx9149c2de46219ca2ed05cfdca5eff35fb9725319,5738.2801,12,1,238.28009999999995,500.0,500.0,478.1900083333333,4.15247%,8.71341%,8.71341%,8.33333%
2020-44,hxc071ae3c92882a051ab328042e12a666419fe58a,132369.20799999998,12,1,5038.4007,20817.571299999996,9311.9257,11030.767333333331,3.80632%,15.72690%,7.03481%,8.33333%
2020-44,hx62f7306b2681eaf46744ec968acbbab3cfb95373,3050.6019,12,1,201.206,309.94059999999996,248.04775,254.216825,6.59562%,10.15998%,8.13111%,8.33333%
2020-44,hx62207d1640bf8e1fefe9bcfe64366cbbd7ce3330,1113.5937,12,1,14.3652,218.89090000000002,50.96555000000001,92.79947499999999,1.28999%,19.65626%,4.57667%,8.33333%
2020-44,hxe79696489e108bc2a0b2f9253a241815179193e9,138091.3423,12,1,4091.3423000000003,30000.0,5000.0,11507.611858333332,2.96278%,21.72475%,3.62079%,8.33333%
2020-44,hx02e7a0938791fcbd5379740a3f7cdbd5c75c690e,2262.7673999999997,12,1,99.99999999999999,266.0295,200.0,188.56394999999998,4.41937%,11.75682%,8.83873%,8.33333%
2020-44,hx21633046abd1d663d236f9adb0adf4bdc340b8c0,13081.282,12,1,1000.0,1929.8501999999999,1000.0,1090.1068333333333,7.64451%,14.75276%,7.64451%,8.33333%
2020-44,hxdeb908625fcab32473b9ab4798fb140bdd290324,853.9134,12,1,50.0,203.9134,50.0,71.15945,5.85539%,23.87987%,5.85539%,8.33333%
2020-44,hx202d64a9642337af9b575825aa602eb16a436285,2392.9757999999997,12,1,183.8708,200.9105,200.9105,199.41464999999997,7.68377%,8.39584%,8.39584%,8.33333%
2020-44,hx1ef3d6019d3f815e2cfb53dd52fa9a38975c9da0,348.0,12,1,0.0,37.24999999999999,14.124999999999996,14.5,0.00000%,10.70402%,4.05891%,4.16667%
2020-44,hxc54f2d3584b149ece803993969c73fb31bde304e,5237.5686,12,1,7.6753,4999.98,17.63595,436.46405,0.14654%,95.46376%,0.33672%,8.33333%
2020-44,hxfcfa8585fe2e5a7d96b154b54b697bb477b4fe30,24705.627799999995,12,1,900.4172000000001,4912.401,1650.0,2058.8023166666662,3.64458%,19.88373%,6.67864%,8.33333%
2020-44,hxfd1d9ff6a7f50c2314ae57fa9ad386fac3063ca8,1197.9675000000002,12,1,12.1013,810.7879,30.25325,99.83062500000001,1.01015%,67.68029%,2.52538%,8.33333%
2020-44,hxd6065022196e9be0026baa4b6ebed925102fa170,697.2288,12,1,16.2175,80.6035,59.2034,58.102399999999996,2.32599%,11.56055%,8.49124%,8.33333%
2020-44,hx304793fef6c301c7b01c4d6918b60aaae6c3ee19,10267.8315,12,1,237.7625,1207.196,1038.32075,855.6526250000001,2.31561%,11.75707%,10.11237%,8.33333%
2020-44,hx303aaec9df00dccdca686c9730f7d08453a3025b,181.91059928934777,12,1,4.3525000665571,33.48077118056981,12.154732708668387,15.159216607445648,2.39266%,18.40507%,6.68171%,8.33333%
2020-44,hx3ee1c2d14a10919cdda370504dfd95758135e1c1,20362.564899999998,12,1,406.3452,1991.8821,1891.43755,1696.8804083333332,1.99555%,9.78208%,9.28880%,8.33333%
2020-44,hxd32087b5cb414cca8af65d10efa339e72fc105d5,27108.528169218218,12,1,50.222663261773,6054.417176763058,2042.8353764521314,2259.0440141015183,0.18527%,22.33399%,7.53577%,8.33333%
2020-44,hx36dd546d61fbc6ac7f7b1af2f7b4776eacb0b326,44719.1922,12,1,755.9300999999996,9249.046799999996,3027.70135,3726.59935,1.69039%,20.68250%,6.77047%,8.33333%
2020-44,hx44a17a00d1641f939c78d95dc6b1807de266ecbc,56503.048899999994,12,1,99.5049,8380.538400000001,4922.13335,4708.587408333333,0.17611%,14.83201%,8.71127%,8.33333%
2020-44,hxc671a96e9372e17a95f075e60c10d16daa6fa041,7510.768399999999,12,1,67.67629999999997,1878.7410999999995,451.1749,625.8973666666666,0.90106%,25.01397%,6.00704%,8.33333%
2020-44,hx4d8b4d765319042b4b91cdc4ea32f35d325cde6a,80084.78120000001,12,1,950.4291,27153.1107,3755.675,6673.731766666668,1.18678%,33.90546%,4.68962%,8.33333%
2020-44,hx53385b530d6213c8d9f149be6fd573fc60438141,3126.3131000000003,12,1,24.6413,375.8723,313.01089999999994,260.5260916666667,0.78819%,12.02286%,10.01214%,8.33333%
2020-44,hxf3fd1a943fc432579c01b3b7cc7ca18276f347f9,174.7397,11,1,4.1367,58.737300000000005,10.8697,15.885427272727272,2.36735%,33.61417%,6.22051%,9.09091%
2020-44,hxcf094241cb2b58001ca4a14351ef5e073986d4a0,3954.7672,11,1,40.3424,700.2095,561.4985,359.5242909090909,1.02010%,17.70545%,14.19802%,9.09091%
2020-44,hxf96e48d75ef1b63808f23d8ab4f11314c2abc749,50306.46000000001,11,1,4524.1183,5031.0128,4527.737800000001,4573.314545454546,8.99312%,10.00073%,9.00031%,9.09091%
2020-44,hxcde089e8e6016abf80d51b2161eb658c677829d7,104674.66540000001,11,1,1636.721399999999,14936.216799999998,10087.9512,9515.878672727275,1.56363%,14.26918%,9.63743%,9.09091%
2020-44,hx9e42d3a0d46a37e52dbcc20fc9080307336750ba,763.1501,11,1,38.4592,94.3819,70.765,69.37728181818181,5.03953%,12.36741%,9.27275%,9.09091%
2020-44,hxa816475001458977137ca1ca9bb26cd4fc5e0aaf,16216.1389,11,1,1200.0,2000.0000000000002,1500.0,1474.1944454545455,7.40004%,12.33339%,9.25004%,9.09091%
2020-44,hxf46bd1f322efcf99b24c037123b5037ac7986d82,4609.3175,11,1,202.35720000000003,602.052,400.3999,419.02886363636367,4.39018%,13.06163%,8.68675%,9.09091%
2020-44,hxcdaf4c545aa2d05e0a28f5ceb94ac8da1ac2f968,344618.80389999994,11,1,30309.2949,41525.8539,30309.295,31328.98217272727,8.79502%,12.04979%,8.79502%,9.09091%
2020-44,hxc80f843578020a39efd76c89d4c49efc43526cd3,417.2846,11,1,17.2846,40.0,40.0,37.93496363636364,4.14216%,9.58578%,9.58578%,9.09091%
2020-44,hxfc7e2968bdb38ddfea72701660f981868cb1c614,60291.98279999999,11,1,371.98800000000006,7164.7393999999995,6130.140899999999,5481.089345454545,0.61698%,11.88340%,10.16742%,9.09091%
2020-44,hxf754a10fab77d038fcaa4d1bdae2f4a602c22601,856.0350000000002,11,1,17.142,98.8833,82.4026,77.82136363636366,2.00249%,11.55132%,9.62608%,9.09091%
2020-44,hxab84e5c20bdde1ce5636b8c323a08057c3eeb377,80141.11520000001,11,1,5068.488099999999,12944.440099999998,5799.7812,7285.555927272729,6.32445%,16.15206%,7.23696%,9.09091%
2020-44,hxedd3c4a4dd9e236f02e785998007875619dafedf,609.6863,11,1,54.2654,65.9663,54.2655,55.42602727272727,8.90054%,10.81971%,8.90056%,9.09091%
2020-44,hxf277418952673e86896d06fc69e83730daeb620f,193.1796,11,1,5.7911,29.7309,17.7872,17.561781818181817,2.99778%,15.39029%,9.20760%,9.09091%
2020-44,hxebcd91115a92f651c8370d0bdccdcef3c9ceede2,1068.8867999999998,11,1,81.63159999999999,115.9983,105.36349999999999,97.17152727272725,7.63707%,10.85225%,9.85731%,9.09091%
2020-44,hxbdfff8dc23130ebb5cfde1d2899416b7b5c317b5,11967.926800000001,11,1,121.64580000000001,1368.811,1115.5936,1087.9933454545455,1.01643%,11.43733%,9.32153%,9.09091%
2020-44,hxd7c28d23e0a66e30e51f50ff7572ed60c4259cc1,6724.918308630952,11,1,158.14121526684832,785.9856632827535,637.1563566848519,611.3562098755411,2.35157%,11.68766%,9.47456%,9.09091%
2020-44,hxda2f396c8f1a50df62b23c1c3d88342ce6939140,7635.4617,11,1,70.1436,2665.4535,350.7176,694.1328818181818,0.91866%,34.90887%,4.59327%,9.09091%
2020-44,hxe6e6004acb4997c5897ceb0dc42f0cdd95c95737,350.0,11,1,10.0,110.0,10.0,31.818181818181817,2.85714%,31.42857%,2.85714%,9.09091%
2020-44,hxb2fa9acc7862ddc717f7e1b6c8ef9f168e81e060,61775.2299,11,1,5564.549099999999,5949.714800000001,5586.0,5615.9299909090905,9.00774%,9.63123%,9.04246%,9.09091%
2020-44,hxe435f4d411b38115de401ab748d78aefb901fd8b,21464.7652,11,1,624.1643999999999,4587.0544,1375.3393,1951.3422909090912,2.90786%,21.37016%,6.40743%,9.09091%
2020-44,hxdb4cecb5d86ca0cadbcbe6adad83eb5cd28154a3,11553.527900000003,11,1,100.2587,9023.2904,100.2587,1050.3207181818184,0.86778%,78.09987%,0.86778%,9.09091%
2020-44,hxe274e9b3202dc7548e068e57e040047e2b69e041,3326.1937,11,1,156.19369999999998,400.0,300.0,302.3812454545454,4.69587%,12.02576%,9.01932%,9.09091%
2020-44,hxb35a4afe1769f793c05d951b3ed58cc1aa7753e5,4913.8681,11,1,98.9844,514.893,469.2916,446.7152818181818,2.01439%,10.47836%,9.55035%,9.09091%
2020-44,hxdc41cf082fa82c11a82b5a94f3db2abb9333b491,791.1915,11,1,15.192,98.749,98.7489,71.9265,1.92014%,12.48105%,12.48104%,9.09091%
2020-44,hxdc8c68c62b0af5cbd78e2e718d09d1d804e22cb6,37542.36899999999,11,1,2753.4901,5180.5317000000005,3276.5573,3412.9426363636358,7.33435%,13.79916%,8.72763%,9.09091%
2020-44,hxb74fd8df615edb4894923e72ac0e1468497e0c30,1488.8347,11,1,51.6312,271.5285,144.28629999999998,135.3486090909091,3.46789%,18.23765%,9.69122%,9.09091%
2020-44,hxb79fbcc271c215638ed8f4bf8cf9e9cfa74433c5,907451.9201,11,1,4458.5424,342673.0,50000.0,82495.6291,0.49133%,37.76211%,5.50993%,9.09091%
2020-44,hxdd6b499ebf126dd89f89f32179cd879fee310eda,7122.8559995045425,11,1,131.6232945695421,2549.2980349201353,432.1610221959618,647.532363591322,1.84790%,35.79039%,6.06724%,9.09091%
2020-44,hxbcb195d6a4321d9480128204c6cf93516eb123cf,590.1802,11,1,19.3278,106.1417,50.0,53.65274545454545,3.27490%,17.98463%,8.47199%,9.09091%
2020-44,hxd5629fb8fe7a0aeb703abb336002b09461f1341d,94826.1725,11,1,4773.9697,21287.781,6365.2929,8620.561136363636,5.03444%,22.44927%,6.71259%,9.09091%
2020-44,hxd2a0fa9a289731cae6d0a8e8a332681ef8b2ae56,8686.4939,11,1,56.9858,2298.0737,736.7511999999999,789.6812636363636,0.65603%,26.45571%,8.48157%,9.09091%
2020-44,hxf015f787653f3d0c61d49e451e0b987bf487a86b,5061.956900000001,11,1,206.2416,1100.0000000000005,255.5061,460.1779000000001,4.07435%,21.73073%,5.04758%,9.09091%
2020-44,hxaeb409bb3195c29fc5ebcf21942db679a9081598,812.2669999999998,11,1,10.1681,329.1886,47.6714,73.84245454545453,1.25182%,40.52714%,5.86893%,9.09091%
2020-44,hxee289e9b7f9dae26ee3cdebd8e7a2468ec89dffa,11372.5524,11,1,1000.0,1214.7433,1000.0,1033.8684,8.79310%,10.68136%,8.79310%,9.09091%
2020-44,hxbc6d22592d5e18ae00f2e64c7e541317889bf69b,3153.8136,11,1,254.42329999999998,400.0000000000001,260.82529999999997,286.7103272727273,8.06716%,12.68306%,8.27016%,9.09091%
2020-44,hxd59135c8d2288aef36ed9b5e33c03260cf6decda,30985.2017,11,1,1940.5435000000002,3650.9402000000005,3113.0496,2816.8365181818185,6.26281%,11.78285%,10.04689%,9.09091%
2020-44,hxeca3e5e67128f9c15bc59b7b6b6687c1ef19ef55,73005.5538,11,1,216.0273,38516.426400000004,1400.5973,6636.868527272727,0.29591%,52.75821%,1.91848%,9.09091%
2020-44,hxec7582d72a3fdf7dca0674e2b6c073362b73e3ee,8920.576999999997,11,1,250.0,1218.0154999999988,1000.0,810.9615454545452,2.80251%,13.65400%,11.21004%,9.09091%
2020-44,hxb086af9c9eac9b18e7d5a806add8fec04215af56,7605.801300000002,11,1,3.3355,2283.1553000000004,532.9947,691.436481818182,0.04385%,30.01860%,7.00774%,9.09091%
2020-44,hxb09866aadc6d5b5e9c2c222f4419fa02e34939a9,4955.999999999401,11,1,450.54545454540005,450.54545454540016,450.54545454540005,450.54545454540005,9.09091%,9.09091%,9.09091%,9.09091%
2020-44,hxbed4d4c23ce16a4ecd3f5a44fddba1bf7712bdff,14224.4262,11,1,313.43690000000004,1655.1473,1345.5856,1293.1296545454545,2.20351%,11.63595%,9.45968%,9.09091%
2020-44,hxe27f20d3e28a347f3c4a64067b0e27900027f4fe,1611.1311999999998,11,1,16.7434,328.8121,97.7041,146.4664727272727,1.03923%,20.40877%,6.06432%,9.09091%
2020-44,hx9b783c5ac6e4d62bf5b948e47ba424266085ad3d,9942.447200000002,11,1,98.6951,1684.3622999999998,855.112,903.8588363636366,0.99266%,16.94112%,8.60062%,9.09091%
2020-44,hx20a35d46020b4bd909cbec3cf63604a3bf57dd56,48965.192,11,1,532.3623,8382.3871,3914.3686,4451.381090909091,1.08723%,17.11907%,7.99419%,9.09091%
2020-44,hx1d86a35e84216a1eb0724a9209b7dfae1a98fc0a,12522.0,11,1,175.6219,2978.0280000000002,1092.9996,1138.3636363636363,1.40251%,23.78237%,8.72863%,9.09091%
2020-44,hx1d5f9d9ba461557f371e349854de83b66a4101c0,12500.0,11,1,359.0197,2064.9948,1216.3852,1136.3636363636363,2.87216%,16.51996%,9.73108%,9.09091%
2020-44,hx1ce6488ac66bf734e178eef733f2432682b532d8,6630.260299999999,11,1,31.3084,1300.1072,670.9639,602.7509363636362,0.47220%,19.60869%,10.11972%,9.09091%
2020-44,hx1cc7b5fb2ddeb78cbac7e839837daf4e9fdc1009,9340.5831,11,1,102.4691,3430.5532000000003,616.0,849.1439181818182,1.09703%,36.72740%,6.59488%,9.09091%
2020-44,hx1c9c39cc6ab3efd31048ea115119122fbc1d65a5,84.7621,11,1,3.1784999999999997,16.290799999999997,5.519,7.705645454545455,3.74991%,19.21944%,6.51116%,9.09091%
2020-44,hx1c54d238842563de32cd0ad069a84c9914b7a3ad,6709.0928,11,1,100.0597,1735.9659,538.748,609.9175272727273,1.49140%,25.87482%,8.03012%,9.09091%
2020-44,hx185ca47b08d33c88b7a6c7b35be34d38fd9de92c,27300.749600000003,11,1,244.3634,20209.745300000002,739.5930000000001,2481.8863272727276,0.89508%,74.02634%,2.70906%,9.09091%
2020-44,hx23e23494609de5cc1b6b65ff8d94b365eccda8af,2285.0397,11,1,200.0,228.0,200.00000000000003,207.7308818181818,8.75258%,9.97794%,8.75258%,9.09091%
2020-44,hx2471ee5bbaeb409021d77b67a5bf2a47ebc53ab5,10166.528799999998,11,1,142.0908,2846.6131,583.6703,924.2298909090907,1.39763%,27.99985%,5.74110%,9.09091%
2020-44,hx2484cb6672d2b17b235788f15ec3192e9c9eef4c,6114.242300000001,11,1,1.0,1198.9526,514.2653,555.8402090909092,0.01636%,19.60918%,8.41094%,9.09091%
2020-44,hx3b77925ce37c0d1d983b3966c2ce6eef49820d44,2644.8313000000003,11,1,100.0,261.6941,260.7779,240.43920909090912,3.78096%,9.89455%,9.85991%,9.09091%
2020-44,hx39333860042722e6531ac90b6a279ea70de09eb1,3340.0,11,1,300.0,305.0,305.0,303.6363636363636,8.98204%,9.13174%,9.13174%,9.09091%
2020-44,hx38c59ac4e581ff1f421f91295dc18987dcc6f7da,27.040914098855872,11,1,0.7262999291940045,4.970338274908392,2.2143766984833104,2.4582649180778064,2.68593%,18.38081%,8.18899%,9.09091%
2020-44,hx3473e85103295a49c87b278f15cb0c3e3a4284e4,37162.5117,11,1,2536.3224,4459.5014,3372.7321,3378.4101545454546,6.82495%,12.00000%,9.07563%,9.09091%
2020-44,hx337d62d8d2a433f24f6f1688648aed101ba9f686,41074.91449999999,11,1,371.28089999999975,32473.0874,822.9362999999998,3734.0831363636357,0.90391%,79.05820%,2.00350%,9.09091%
2020-44,hx331d28957167dcc3ccd8d7eaa5895667ad3eeca6,2728.9907000000003,11,1,0.0,300.00000000000006,270.0,227.41589166666668,0.00000%,10.99308%,9.89377%,8.33333%
2020-44,hx31353603fb6a7943652efa55ea833aa3b549e35f,887.9999999992,11,1,80.72727272719999,80.72727272720005,80.7272727272,80.7272727272,9.09091%,9.09091%,9.09091%,9.09091%
2020-44,hx311d3b806221a6764f93dbc3030bf48ea26bb7e9,10005.3718,11,1,5.3718,1000.0000000000001,1000.0,909.5792545454547,0.05369%,9.99463%,9.99463%,9.09091%
2020-44,hx26bd88215e9e5c09ccdde038d316bcad5095b30d,10889.0852,11,1,763.5763,1215.0610000000001,1012.5509,989.9168363636363,7.01231%,11.15852%,9.29877%,9.09091%
2020-44,hx2d6ceeb021b38d12152a74877e18d8ec353393b1,34452.0,11,1,3098.0,3425.0,3098.0,3132.0,8.99222%,9.94137%,8.99222%,9.09091%
2020-44,hx2c96c461d907b088adddaf7a32d51b953b9543e3,141543.77060000002,11,1,6831.1651,36820.1375,8912.6034,12867.61550909091,4.82619%,26.01325%,6.29671%,9.09091%
2020-44,hx2c3587cf4b4e35346708d3f2ea2abea567f6d77f,10858.5585,11,1,858.5585000000001,1000.0,1000.0,987.1416818181817,7.90674%,9.20933%,9.20933%,9.09091%
2020-44,hx16efd676ccb794e3fe399c45abcba85df88f31d2,1726.8397,11,1,15.0076,752.6613,52.1711,156.98542727272726,0.86908%,43.58605%,3.02119%,9.09091%
2020-44,hx16db7e5e3ad6bed68ccec9c0da3c477d8acb67e9,54519.8093,11,1,478.77400000000006,7823.7872,4857.292600000001,4956.3463,0.87817%,14.35036%,8.90923%,9.09091%
2020-44,hx159190b9a5d7adf7dc438d991be9f981f0f3fd32,13799.429100000001,11,1,237.226,2135.034,1338.1527,1254.4935545454546,1.71910%,15.47190%,9.69716%,9.09091%
2020-44,hx149d3879d24e7fe5820b590f72fcae78ffbb0042,156417.1515,11,1,9260.9707,17884.055,14974.8163,14219.741045454546,5.92069%,11.43356%,9.57364%,9.09091%
2020-44,hx13561355865e509e32f7a27786a6763ba6b1c489,13444.628099999996,11,1,467.1766999999999,6389.325899999998,692.7751000000001,1222.2389181818178,3.47482%,47.52326%,5.15280%,9.09091%
2020-44,hx0a636c959e4b43238340a653294cb64bc124be70,153.55829999999997,11,1,13.6334,15.937800000000001,13.718599999999999,13.959845454545452,8.87832%,10.37899%,8.93381%,9.09091%
2020-44,hx09af69310d44f5b75fd966e4df4ae4a659797fed,111995.65729999998,11,1,50.0,33837.3155,113.2346,10181.423390909089,0.04464%,30.21306%,0.10111%,9.09091%
2020-44,hx096edfdfcca9228b0dfc9eb1ab0667d862de6e1d,3386.5264,11,1,81.838,340.0,324.5115,307.8660363636364,2.41658%,10.03979%,9.58243%,9.09091%
2020-44,hx03715c57dd9f82177e8a8cdd37abc58c2adac56a,10056.046100000001,11,1,130.6702,1689.5319,893.4417000000001,914.1860090909092,1.29942%,16.80116%,8.88462%,9.09091%
2020-44,hx024c67fc585ad4189125faebcf446ae281eca822,24122.383599999997,11,1,25.2417,5310.782999999999,2043.7602,2192.9439636363636,0.10464%,22.01600%,8.47246%,9.09091%
2020-44,hx01aebdc1ef632abc8f6084bd9e2f85304a832cd2,34592.4139,11,1,2999.9999999999995,4592.4139,3000.0,3144.7649,8.67242%,13.27578%,8.67242%,9.09091%
2020-44,hx0175d6c7f6cbeb7a3f22198b2d45e76219f3920e,14405.989099999999,11,1,1009.3339,2047.5063,1297.7151,1309.6353727272726,7.00635%,14.21288%,9.00816%,9.09091%
2020-44,hx3de2860d953d0ce3827bf02b7d0837e5917774cb,29367.010299999998,11,1,0.0,4137.7677,2751.70025,2447.2508583333333,0.00000%,14.08985%,9.37004%,8.33333%
2020-44,hx3f58bdb18ffe94f86dd6619b301519219dd01fb9,22829.287500000002,11,1,218.56999999999994,2759.6573,2310.6889,2075.389772727273,0.95741%,12.08823%,10.12160%,9.09091%
2020-44,hx8c66e93216fa30a0e89e3678996fc7ea42576d34,752.2944080110593,11,1,5.63347467808428,187.03032910615818,52.4381108620325,68.39040072827812,0.74884%,24.86132%,6.97042%,9.09091%
2020-44,hx88d7523fabfc3d2a9933c192455972d64fe14cf0,1108.0,11,1,9.67002114784808,316.6789218265433,49.63217917818071,100.72727272727273,0.87275%,28.58113%,4.47944%,9.09091%
2020-44,hx85c203bb27226345baffa75c0d3ef6d0a3132e6b,140860.7618,11,1,1469.6642000000002,26921.625099999997,10650.5333,12805.5238,1.04335%,19.11222%,7.56104%,9.09091%
2020-44,hx816975ca7954845513f88dbb8104bcdb5e3adaed,17272.569600000006,11,1,170.2738,10318.2928,510.8214,1570.2336000000005,0.98580%,59.73803%,2.95741%,9.09091%
2020-44,hx8f3aa15cf5d36b99548ea292dfce34a1d955aa19,1007.8296,11,1,7.8296,100.0,100.0,91.62087272727273,0.77688%,9.92231%,9.92231%,9.09091%
2020-44,hx7e6a0d2acd3677cb45f30ccf31f31fe2a5eb344f,2099.1901,11,1,20.0279,400.0,200.0,190.8354636363636,0.95408%,19.05497%,9.52748%,9.09091%
2020-44,hx7b940c6efec34d3991c9b917362bb1515fe46d4b,98415.5722,11,1,7730.6486,10541.7934,8863.7928,8946.8702,7.85511%,10.71151%,9.00649%,9.09091%
2020-44,hx76b8a2adfd79e3b1719a11e44c293f369dd3c817,3335.9370000000004,11,1,50.0,594.8617,254.6254,303.26700000000005,1.49883%,17.83192%,7.63280%,9.09091%
2020-44,hx7614bf5f9584cda17cf739d63b0e2395fc9edb6b,4495.943,11,1,17.3512,457.2717,445.3483,408.7220909090909,0.38593%,10.17076%,9.90556%,9.09091%
2020-44,hx7218420a922b7c23dd029b0f4655586cab81c3cf,18826.138099999996,11,1,1071.0327,3361.5604,1153.5005999999998,1711.4670999999996,5.68907%,17.85582%,6.12712%,9.09091%
2020-44,hx9617803890b0c6909ca34e07c7a4b5acd4514e51,22757.039099999998,11,1,867.6519999999998,6625.4506,1323.9585999999995,2068.8217363636363,3.81268%,29.11385%,5.81780%,9.09091%
2020-44,hx9b469d8212f7be0bdae3588f4d5b28e447a46530,28687.121700000003,11,1,221.8951,16579.7889,509.659,2607.920154545455,0.77350%,57.79523%,1.77661%,9.09091%
2020-44,hx99d66cd80b8c2d45f2ec033cf6d17c5b737a7b2e,99565.6754,11,1,1737.2927,46016.37789999999,4385.6204,9051.425036363637,1.74487%,46.21711%,4.40475%,9.09091%
2020-44,hx974d7288f3e758ef0d8f22ddee1477d69c1a902c,125254.39050000002,11,1,7064.559500000001,15820.3159,10699.770499999999,11386.762772727276,5.64017%,12.63055%,8.54243%,9.09091%
2020-44,hx93db169bccfe9a8afd6897eb54d4fc5a8d87d25a,3682.6573,11,1,74.435,781.1888,223.3052,334.78702727272724,2.02123%,21.21264%,6.06370%,9.09091%
2020-44,hx9213dfd0eba46fefff91b5ddc0ccb105a10c0f70,14306.8256,11,1,1084.9824,1373.734,1328.6803,1300.620509090909,7.58367%,9.60195%,9.28704%,9.09091%
2020-44,hx93aea0ed766e05ea3d0e14b99df441b6cd3e2c92,12601.487200000001,11,1,349.18,2050.0,1120.0,1145.5897454545457,2.77094%,16.26792%,8.88784%,9.09091%
2020-44,hx930a0c5a56ee3cfb3139a440b6fd29a029aefba8,2052.3005000000003,11,1,11.79,606.0200000000001,116.15899999999999,186.57277272727276,0.57448%,29.52881%,5.65994%,9.09091%
2020-44,hx9303ad305fa3f55f6555ece02867e1e7a9a86ae2,5200.600367567301,11,1,20.102537138439757,1109.9925294783254,464.36500773935626,472.78185159702736,0.38654%,21.34355%,8.92907%,9.09091%
2020-44,hx75b0ddef1b30693a4805e129c447cb23b6593102,542.4144,11,1,44.4644,50.0,49.7665,49.3104,8.19750%,9.21804%,9.17500%,9.09091%
2020-44,hx3f785809d76dbdfc7f23a55caea744417b620757,4011.5149999999994,11,1,323.7798,369.1655,369.1654,364.68318181818177,8.07126%,9.20265%,9.20264%,9.09091%
2020-44,hx573ad8113e5687a448151261b3e256a48d9590cb,117627.768,11,1,10000.0,15000.0,10248.8556,10693.433454545455,8.50139%,12.75209%,8.71296%,9.09091%
2020-44,hx53c38abe38df03116f426ea55d973d77aeb71de6,4385.6591,11,1,364.9899,533.5371,365.0,398.69628181818183,8.32235%,12.16549%,8.32258%,9.09091%
2020-44,hx502d1ba22f1da5745830bb71b7dcb68e77a9c3a7,119888.73552703057,11,1,10301.573034550232,11999.91054800305,10673.634630627112,10898.97595700278,8.59261%,10.00921%,8.90295%,9.09091%
2020-44,hx4f726993a6cfabc87b3efc2949dac6fad761fca5,12198.2892,11,1,189.4522,2213.341,1244.3568,1108.9353818181817,1.55310%,18.14468%,10.20108%,9.09091%
2020-44,hx4ecf40ccbc51e1f2a3d21a8bda45414add51fd73,23416.179200000002,11,1,1632.0367,2341.618,2341.6179,2128.743563636364,6.96970%,10.00000%,10.00000%,9.09091%
2020-44,hx4d8a23c7c6914c0f9a9efaa8571effdb7f8dfc78,3696.5018,11,1,147.8601,443.5802,369.6502,336.04561818181816,4.00000%,12.00000%,10.00000%,9.09091%
2020-44,hx5beebdab5f27090b3e44465abf17c11ab894f8ce,5499.2255,11,1,213.0961,568.54,524.2876,499.92959090909085,3.87502%,10.33855%,9.53384%,9.09091%
2020-44,hx4b3aec7d9d401557939d392e03721025eee2a6a7,126240.9128,11,1,576.5625,13034.034199999998,12552.382700000002,11476.446618181819,0.45672%,10.32473%,9.94320%,9.09091%
2020-44,hx4b1f64fbf1522016e402a392628aa3b1c6bae0e5,55898.404599999994,11,1,2800.764,17525.3903,3164.0379,5081.673145454545,5.01045%,31.35222%,5.66034%,9.09091%
2020-44,hx446fe84cf9e0775cf4f6156f2679c70de2d7ae06,10421.922900000001,11,1,10.0,1042.2346,1042.2345,947.4475363636365,0.09595%,10.00041%,10.00041%,9.09091%
2020-44,hx42d097e451e4fe6bd1f1796027d583fdad537538,732428.1174999999,11,1,10000.0,114691.5662,89099.5403,66584.37431818181,1.36532%,15.65909%,12.16495%,9.09091%
2020-44,hx642ab198ea3710f4215b5dc9d96c8f1f788114da,7672.283899999999,11,1,167.6893,1401.0312999999999,692.465,697.4803545454545,2.18565%,18.26094%,9.02554%,9.09091%
2020-44,hx6d6adbb8dccbbae2c98b9710fc4c2d1caea65dbb,9582.946499999998,11,1,288.4691,2548.4927000000002,759.1709,871.1769545454544,3.01023%,26.59404%,7.92210%,9.09091%
2020-44,hx6d1285116376e3d554eedeacceffe92bd41d911e,85183.66910000001,11,1,2859.0763,11591.5853,9683.438199999999,7743.96991818182,3.35637%,13.60776%,11.36772%,9.09091%
2020-44,hx6607ef84572ac9bdb1ebbcf49bd0cddaf8903b8e,66637.3704,11,1,5999.999999999996,6333.3706999999995,6000.0,6057.942763636363,9.00396%,9.50423%,9.00396%,9.09091%
2020-44,hx62471b4843bea5f543c9895220b8ba99e1c24846,17725.35312245968,11,1,186.43078235763045,4955.176130339622,770.2572131720035,1611.3957384054256,1.05177%,27.95530%,4.34551%,9.09091%
